BTCUSDT,1577836800000,-0.00012359
BTCUSDT,1577865600000,-0.00012383
BTCUSDT,1577894400000,-9.664e-05
BTCUSDT,1577923200002,3.662e-05
BTCUSDT,1577952000000,0.0001
BTCUSDT,1577980800000,1.04e-06
BTCUSDT,1578009600000,-1.664e-05
BTCUSDT,1578038400000,-1.553e-05
BTCUSDT,1578067200001,0.0001
BTCUSDT,1578096000000,0.0001
BTCUSDT,1578124800000,8.4e-07
BTCUSDT,1578153600000,7.387e-05
BTCUSDT,1578182400000,0.0001
BTCUSDT,1578211200000,0.0001
BTCUSDT,1578240000000,0.0001
BTCUSDT,1578268800000,0.0001
BTCUSDT,1578297600000,0.0001
BTCUSDT,1578326400000,0.0001
BTCUSDT,1578355200000,0.0001
BTCUSDT,1578384000001,0.0001
BTCUSDT,1578412800000,0.0001
BTCUSDT,1578441600000,0.00012514
BTCUSDT,1578470400000,0.0001
BTCUSDT,1578499200001,0.0001
BTCUSDT,1578528000000,0.0001
BTCUSDT,1578556800000,0.0001
BTCUSDT,1578585600000,0.0001
BTCUSDT,1578614400000,0.0001
BTCUSDT,1578643200000,0.0001
BTCUSDT,1578672000000,0.0001
BTCUSDT,1578700800000,0.0001
BTCUSDT,1578729600000,0.00017846
BTCUSDT,1578758400000,0.0001
BTCUSDT,1578787200000,0.0001
BTCUSDT,1578816000000,0.0001
BTCUSDT,1578844800000,0.0001
BTCUSDT,1578873600001,0.0001
BTCUSDT,1578902400000,0.0001
BTCUSDT,1578931200000,0.0001
BTCUSDT,1578960000000,0.0001
BTCUSDT,1578988800000,0.000259
BTCUSDT,1579017600001,0.0001
BTCUSDT,1579046400000,0.00049392
BTCUSDT,1579075200000,0.00019497
BTCUSDT,1579104000000,0.0001
BTCUSDT,1579132800000,0.0001
BTCUSDT,1579161600000,0.00041191
BTCUSDT,1579190400000,0.00031466
BTCUSDT,1579219200000,0.0001
BTCUSDT,1579248000000,0.00015027
BTCUSDT,1579276800000,0.00056749
BTCUSDT,1579305600001,0.0001
BTCUSDT,1579334400001,0.00029182
BTCUSDT,1579363200000,0.00032081
BTCUSDT,1579392000000,0.00020041
BTCUSDT,1579420800000,0.00039329
BTCUSDT,1579449600000,0.00092467
BTCUSDT,1579478400000,0.00029702
BTCUSDT,1579507200000,0.0001
BTCUSDT,1579536000000,0.00010782
BTCUSDT,1579564800000,0.00012057
BTCUSDT,1579593600000,0.00015425
BTCUSDT,1579622400000,0.0001574
BTCUSDT,1579651200000,0.0001
BTCUSDT,1579680000001,0.00021392
BTCUSDT,1579708800000,0.0001
BTCUSDT,1579737600000,0.0001
BTCUSDT,1579766400000,0.0001
BTCUSDT,1579795200000,0.00052304
BTCUSDT,1579824000000,0.00054719
BTCUSDT,1579852800000,0.00042124
BTCUSDT,1579881600001,0.00017948
BTCUSDT,1579910400000,0.0001
BTCUSDT,1579939200000,0.0001
BTCUSDT,1579968000001,0.0001
BTCUSDT,1579996800000,0.0001
BTCUSDT,1580025600000,0.0001
BTCUSDT,1580054400000,0.0001
BTCUSDT,1580083200000,0.0001
BTCUSDT,1580112000001,0.0001
BTCUSDT,1580140800000,0.0001
BTCUSDT,1580169600000,0.0001
BTCUSDT,1580198400000,0.00068689
BTCUSDT,1580227200000,0.00054394
BTCUSDT,1580256000001,0.00062324
BTCUSDT,1580284800000,0.00108193
BTCUSDT,1580313600002,0.00053694
BTCUSDT,1580342400000,0.000236
BTCUSDT,1580371200000,0.00024877
BTCUSDT,1580400000000,0.00034852
BTCUSDT,1580428800000,0.00053551
BTCUSDT,1580457600000,0.00077154
BTCUSDT,1580486400000,0.00039858
BTCUSDT,1580515200000,0.00074991
BTCUSDT,1580544000000,0.00065667
BTCUSDT,1580572800000,0.00049052
BTCUSDT,1580601600000,0.00028263
BTCUSDT,1580630400000,0.00034916
BTCUSDT,1580659200000,0.00065524
BTCUSDT,1580688000000,0.00060677
BTCUSDT,1580716800000,0.00035862
BTCUSDT,1580745600000,0.0001
BTCUSDT,1580774400000,0.00099282
BTCUSDT,1580803200001,0.0005445
BTCUSDT,1580832000000,0.00038192
BTCUSDT,1580860800002,0.0001
BTCUSDT,1580889600000,0.0001
BTCUSDT,1580918400000,0.00052631
BTCUSDT,1580947200000,0.00164021
BTCUSDT,1580976000000,0.00078299
BTCUSDT,1581004800000,0.00055668
BTCUSDT,1581033600000,0.00035618
BTCUSDT,1581062400000,0.00019726
BTCUSDT,1581091200001,0.00034616
BTCUSDT,1581120000000,0.00039915
BTCUSDT,1581148800000,0.00062858
BTCUSDT,1581177600000,0.00099315
BTCUSDT,1581206400000,0.00042798
BTCUSDT,1581235200000,0.00081519
BTCUSDT,1581264000000,0.00113954
BTCUSDT,1581292800000,0.00106733
BTCUSDT,1581321600000,0.00125022
BTCUSDT,1581350400009,0.00097918
BTCUSDT,1581379200000,0.00043989
BTCUSDT,1581408000000,0.00064797
BTCUSDT,1581436800000,0.0005012
BTCUSDT,1581465600000,0.003
BTCUSDT,1581494400001,0.00108055
BTCUSDT,1581523200000,0.00103884
BTCUSDT,1581552000001,0.00093553
BTCUSDT,1581580800000,0.00084403
BTCUSDT,1581609600000,0.00070414
BTCUSDT,1581638400000,0.0006332
BTCUSDT,1581667200000,0.00074453
BTCUSDT,1581696000000,0.00055952
BTCUSDT,1581724800000,0.00059113
BTCUSDT,1581753600000,0.0009686
BTCUSDT,1581782400000,0.00087369
BTCUSDT,1581811200000,0.00051202
BTCUSDT,1581840000000,0.00036973
BTCUSDT,1581868800000,0.00060847
BTCUSDT,1581897600000,0.00043179
BTCUSDT,1581926400000,0.0006096
BTCUSDT,1581955200000,0.00091076
BTCUSDT,1581984000000,0.00026967
BTCUSDT,1582012800000,0.00013952
BTCUSDT,1582041600000,0.00029662
BTCUSDT,1582070400000,0.00046396
BTCUSDT,1582099200001,0.00038487
BTCUSDT,1582128000000,0.00040757
BTCUSDT,1582156800004,0.0001
BTCUSDT,1582185600000,0.0001
BTCUSDT,1582214400000,0.0001
BTCUSDT,1582243200000,0.0001
BTCUSDT,1582272000000,0.0001
BTCUSDT,1582300800000,0.0001
BTCUSDT,1582329600000,0.0001
BTCUSDT,1582358400001,0.0001
BTCUSDT,1582387200000,0.00012243
BTCUSDT,1582416000000,0.00029663
BTCUSDT,1582444800000,0.0003901
BTCUSDT,1582473600000,0.00065308
BTCUSDT,1582502400015,0.00048774
BTCUSDT,1582531200000,0.00014587
BTCUSDT,1582560000000,0.0001
BTCUSDT,1582588800001,0.00032389
BTCUSDT,1582617600000,0.00027363
BTCUSDT,1582646400001,0.00046949
BTCUSDT,1582675200000,0.0003617
BTCUSDT,1582704000001,0.0005063
BTCUSDT,1582732800000,0.0003866
BTCUSDT,1582761600001,0.00017363
BTCUSDT,1582790400001,0.0001
BTCUSDT,1582819200000,0.0001
BTCUSDT,1582848000000,0.0001
BTCUSDT,1582876800000,0.00011659
BTCUSDT,1582905600000,0.00023604
BTCUSDT,1582934400000,0.00061536
BTCUSDT,1582963200000,0.00060166
BTCUSDT,1582992000000,0.00062345
BTCUSDT,1583020800000,0.00049317
BTCUSDT,1583049600000,0.00027933
BTCUSDT,1583078400001,0.00031033
BTCUSDT,1583107200000,0.0001872
BTCUSDT,1583136000000,0.0001
BTCUSDT,1583164800004,0.0001
BTCUSDT,1583193600000,0.0001
BTCUSDT,1583222400003,0.0001
BTCUSDT,1583251200000,0.0001
BTCUSDT,1583280000002,0.0001
BTCUSDT,1583308800000,0.0001
BTCUSDT,1583337600001,0.00024328
BTCUSDT,1583366400000,0.0001
BTCUSDT,1583395200000,0.00023481
BTCUSDT,1583424000000,0.00019521
BTCUSDT,1583452800003,0.00020373
BTCUSDT,1583481600000,0.00021759
BTCUSDT,1583510400000,0.00035706
BTCUSDT,1583539200000,0.00039476
BTCUSDT,1583568000001,0.00032086
BTCUSDT,1583596800000,0.00032714
BTCUSDT,1583625600001,0.00054685
BTCUSDT,1583654400000,0.00049747
BTCUSDT,1583683200006,0.00042921
BTCUSDT,1583712000000,0.0001
BTCUSDT,1583740800000,0.0001
BTCUSDT,1583769600000,0.0001
BTCUSDT,1583798400000,0.0001
BTCUSDT,1583827200000,0.0001
BTCUSDT,1583856000000,0.0001
BTCUSDT,1583884800001,0.0001
BTCUSDT,1583913600000,0.0001
BTCUSDT,1583942400000,0.00022898
BTCUSDT,1583971200001,0.00010572
BTCUSDT,1584000000001,0.0001
BTCUSDT,1584028800000,-0.00015149
BTCUSDT,1584057600000,-0.00016073
BTCUSDT,1584086400000,-0.003
BTCUSDT,1584115200002,-0.00065378
BTCUSDT,1584144000000,-0.00076421
BTCUSDT,1584172800001,-4.946e-05
BTCUSDT,1584201600000,-0.00050325
BTCUSDT,1584230400000,-0.00047893
BTCUSDT,1584259200000,-0.00054208
BTCUSDT,1584288000001,-0.0004879
BTCUSDT,1584316800000,-0.00028282
BTCUSDT,1584345600000,-0.00036873
BTCUSDT,1584374400001,-0.00090358
BTCUSDT,1584403200000,-0.0002383
BTCUSDT,1584432000000,-3.681e-05
BTCUSDT,1584460800000,-0.00010573
BTCUSDT,1584489600000,-0.00014706
BTCUSDT,1584518400000,-0.00035528
BTCUSDT,1584547200000,-0.00033374
BTCUSDT,1584576000000,-0.00015042
BTCUSDT,1584604800000,-0.00022004
BTCUSDT,1584633600000,-0.00027089
BTCUSDT,1584662400000,-0.00015469
BTCUSDT,1584691200000,-1.171e-05
BTCUSDT,1584720000000,0.0001
BTCUSDT,1584748800000,8.327e-05
BTCUSDT,1584777600000,-9.15e-06
BTCUSDT,1584806400000,-0.00011557
BTCUSDT,1584835200000,-2.842e-05
BTCUSDT,1584864000001,0.0001
BTCUSDT,1584892800000,2.24e-06
BTCUSDT,1584921600000,-0.00016796
BTCUSDT,1584950400000,-0.00016295
BTCUSDT,1584979200000,0.0001
BTCUSDT,1585008000000,0.0001
BTCUSDT,1585036800000,0.0001
BTCUSDT,1585065600000,0.0001
BTCUSDT,1585094400000,0.0001
BTCUSDT,1585123200000,9.958e-05
BTCUSDT,1585152000001,9.813e-05
BTCUSDT,1585180800006,-1.62e-05
BTCUSDT,1585209600002,0.0001
BTCUSDT,1585238400000,1.599e-05
BTCUSDT,1585267200000,6.223e-05
BTCUSDT,1585296000000,6.838e-05
BTCUSDT,1585324800000,1.48e-06
BTCUSDT,1585353600000,-0.00012203
BTCUSDT,1585382400000,-0.00041263
BTCUSDT,1585411200000,-0.0002165
BTCUSDT,1585440000000,-0.00023282
BTCUSDT,1585468800001,-0.0002912
BTCUSDT,1585497600000,-0.00025613
BTCUSDT,1585526400000,-0.0006431
BTCUSDT,1585555200000,-0.00033817
BTCUSDT,1585584000000,-6.982e-05
BTCUSDT,1585612800000,-5.383e-05
BTCUSDT,1585641600001,-0.00015273
BTCUSDT,1585670400001,-0.000162
BTCUSDT,1585699200002,-9.237e-05
BTCUSDT,1585728000000,-0.0004868
BTCUSDT,1585756800001,-0.00034983
BTCUSDT,1585785600000,-0.0001933
BTCUSDT,1585814400000,3.28e-05
BTCUSDT,1585843200000,9.417e-05
BTCUSDT,1585872000000,9.047e-05
BTCUSDT,1585900800000,7.9e-07
BTCUSDT,1585929600000,0.0001
BTCUSDT,1585958400000,6.184e-05
BTCUSDT,1585987200000,5.655e-05
BTCUSDT,1586016000000,-7.77e-05
BTCUSDT,1586044800001,-4.495e-05
BTCUSDT,1586073600000,4.198e-05
BTCUSDT,1586102400000,3.859e-05
BTCUSDT,1586131200000,2.364e-05
BTCUSDT,1586160000000,6.54e-06
BTCUSDT,1586188800000,-8.471e-05
BTCUSDT,1586217600000,-0.00012883
BTCUSDT,1586246400000,-2.915e-05
BTCUSDT,1586275200000,1.131e-05
BTCUSDT,1586304000000,-2.763e-05
BTCUSDT,1586332800000,0.0001
BTCUSDT,1586361600000,6.677e-05
BTCUSDT,1586390400000,0.0001
BTCUSDT,1586419200001,-0.00010005
BTCUSDT,1586448000000,-8.854e-05
BTCUSDT,1586476800001,-5.003e-05
BTCUSDT,1586505600000,0.0001
BTCUSDT,1586534400000,0.0001
BTCUSDT,1586563200000,0.0001
BTCUSDT,1586592000000,0.0001
BTCUSDT,1586620800000,0.0001
BTCUSDT,1586649600000,0.0001
BTCUSDT,1586678400006,0.0001
BTCUSDT,1586707200001,8.453e-05
BTCUSDT,1586736000001,7.954e-05
BTCUSDT,1586764800000,-0.00020271
BTCUSDT,1586793600000,-2.882e-05
BTCUSDT,1586822400000,-1.244e-05
BTCUSDT,1586851200000,5.454e-05
BTCUSDT,1586880000000,-0.00020028
BTCUSDT,1586908800000,-0.00012803
BTCUSDT,1586937600000,-4.63e-05
BTCUSDT,1586966400000,2.925e-05
BTCUSDT,1586995200000,-7.017e-05
BTCUSDT,1587024000000,-0.00046001
BTCUSDT,1587052800000,6.364e-05
BTCUSDT,1587081600000,5.926e-05
BTCUSDT,1587110400000,3.345e-05
BTCUSDT,1587139200000,-6.771e-05
BTCUSDT,1587168000000,-3.132e-05
BTCUSDT,1587196800000,-0.00017145
BTCUSDT,1587225600000,-0.00019642
BTCUSDT,1587254400000,-0.00019142
BTCUSDT,1587283200000,-5.966e-05
BTCUSDT,1587312000000,8.514e-05
BTCUSDT,1587340800000,-1.31e-05
BTCUSDT,1587369600000,-1.874e-05
BTCUSDT,1587398400000,-5.762e-05
BTCUSDT,1587427200000,-9.18e-05
BTCUSDT,1587456000001,-7.539e-05
BTCUSDT,1587484800000,0.0001
BTCUSDT,1587513600001,-2.663e-05
BTCUSDT,1587542400000,-0.00011402
BTCUSDT,1587571200000,-0.00031244
BTCUSDT,1587600000000,-0.0002234
BTCUSDT,1587628800001,-0.00015491
BTCUSDT,1587657600000,0.0001
BTCUSDT,1587686400000,0.0001
BTCUSDT,1587715200000,0.0001
BTCUSDT,1587744000000,0.0001
BTCUSDT,1587772800003,0.0001
BTCUSDT,1587801600000,0.0001
BTCUSDT,1587830400000,0.0001
BTCUSDT,1587859200000,0.0001
BTCUSDT,1587888000000,7.493e-05
BTCUSDT,1587916800000,0.0001
BTCUSDT,1587945600000,0.0001
BTCUSDT,1587974400005,0.0001
BTCUSDT,1588003200000,0.0001
BTCUSDT,1588032000000,0.0001
BTCUSDT,1588060800000,0.0001
BTCUSDT,1588089600000,0.0001
BTCUSDT,1588118400000,0.0001
BTCUSDT,1588147200001,0.0001
BTCUSDT,1588176000000,0.0001
BTCUSDT,1588204800000,0.00013208
BTCUSDT,1588233600000,0.00097517
BTCUSDT,1588262400000,0.0001
BTCUSDT,1588291200000,0.00021072
BTCUSDT,1588320000000,0.00017885
BTCUSDT,1588348800000,0.00013528
BTCUSDT,1588377600000,0.0001
BTCUSDT,1588406400000,0.0001
BTCUSDT,1588435200000,0.00010144
BTCUSDT,1588464000000,0.0001
BTCUSDT,1588492800000,0.0001981
BTCUSDT,1588521600000,0.00015162
BTCUSDT,1588550400000,0.00011925
BTCUSDT,1588579200005,0.0001
BTCUSDT,1588608000000,0.0001
BTCUSDT,1588636800000,0.0001
BTCUSDT,1588665600000,0.0001
BTCUSDT,1588694400000,0.0001
BTCUSDT,1588723200001,0.0001
BTCUSDT,1588752000000,0.0001
BTCUSDT,1588780800000,0.00035981
BTCUSDT,1588809600000,0.0001
BTCUSDT,1588838400011,0.0001
BTCUSDT,1588867200000,0.0001
BTCUSDT,1588896000000,0.00016094
BTCUSDT,1588924800001,0.00034016
BTCUSDT,1588953600000,0.0005319
BTCUSDT,1588982400000,0.00042037
BTCUSDT,1589011200000,0.00075816
BTCUSDT,1589040000000,0.00058018
BTCUSDT,1589068800000,0.00042326
BTCUSDT,1589097600000,0.0001
BTCUSDT,1589126400000,0.0001
BTCUSDT,1589155200000,0.0001
BTCUSDT,1589184000000,0.0001
BTCUSDT,1589212800000,0.0001
BTCUSDT,1589241600000,0.0001
BTCUSDT,1589270400001,0.0001
BTCUSDT,1589299200000,0.0001
BTCUSDT,1589328000000,0.0001
BTCUSDT,1589356800000,0.0001
BTCUSDT,1589385600000,0.0001
BTCUSDT,1589414400000,0.0001
BTCUSDT,1589443200000,0.0001
BTCUSDT,1589472000000,0.0001
BTCUSDT,1589500800000,0.0001
BTCUSDT,1589529600000,4.4e-05
BTCUSDT,1589558400001,0.0001
BTCUSDT,1589587200008,0.0001
BTCUSDT,1589616000000,0.0001
BTCUSDT,1589644800000,0.0001
BTCUSDT,1589673600002,8.001e-05
BTCUSDT,1589702400000,4.125e-05
BTCUSDT,1589731200000,8.88e-06
BTCUSDT,1589760000000,0.0001
BTCUSDT,1589788800000,0.0001
BTCUSDT,1589817600001,-6.64e-05
BTCUSDT,1589846400005,0.0001
BTCUSDT,1589875200000,7.892e-05
BTCUSDT,1589904000000,0.0001
BTCUSDT,1589932800000,0.0001
BTCUSDT,1589961600000,0.0001
BTCUSDT,1589990400006,0.0001
BTCUSDT,1590019200000,-9.027e-05
BTCUSDT,1590048000000,6.809e-05
BTCUSDT,1590076800000,0.0001
BTCUSDT,1590105600006,-5.15e-05
BTCUSDT,1590134400000,-2.396e-05
BTCUSDT,1590163200000,6.867e-05
BTCUSDT,1590192000003,-2.092e-05
BTCUSDT,1590220800000,-1.081e-05
BTCUSDT,1590249600000,7.023e-05
BTCUSDT,1590278400006,0.0001
BTCUSDT,1590307200000,7.917e-05
BTCUSDT,1590336000000,6.724e-05
BTCUSDT,1590364800000,6.784e-05
BTCUSDT,1590393600000,-4.286e-05
BTCUSDT,1590422400000,-4.226e-05
BTCUSDT,1590451200000,-3.5e-07
BTCUSDT,1590480000006,0.0001
BTCUSDT,1590508800000,4.599e-05
BTCUSDT,1590537600000,2.104e-05
BTCUSDT,1590566400000,0.0001
BTCUSDT,1590595200000,-0.00014025
BTCUSDT,1590624000000,-0.00011366
BTCUSDT,1590652800000,-6.862e-05
BTCUSDT,1590681600000,-1.187e-05
BTCUSDT,1590710400000,2.618e-05
BTCUSDT,1590739200000,1.877e-05
BTCUSDT,1590768000000,-6.04e-06
BTCUSDT,1590796800000,0.0001
BTCUSDT,1590825600001,0.0001
BTCUSDT,1590854400000,0.0001
BTCUSDT,1590883200000,0.0001
BTCUSDT,1590912000001,0.0001
BTCUSDT,1590940800000,0.0001
BTCUSDT,1590969600000,0.0001
BTCUSDT,1590998400001,-2.911e-05
BTCUSDT,1591027200000,9.38e-06
BTCUSDT,1591056000000,0.0003448
BTCUSDT,1591084800002,0.0007831
BTCUSDT,1591113600000,0.0001
BTCUSDT,1591142400000,0.0001
BTCUSDT,1591171200000,8.646e-05
BTCUSDT,1591200000002,0.0001
BTCUSDT,1591228800001,0.0001
BTCUSDT,1591257600004,0.0001
BTCUSDT,1591286400001,0.0001
BTCUSDT,1591315200001,0.0001
BTCUSDT,1591344000000,0.0001
BTCUSDT,1591372800001,0.0001
BTCUSDT,1591401600000,0.0001
BTCUSDT,1591430400000,0.0001
BTCUSDT,1591459200000,0.0001
BTCUSDT,1591488000000,0.0001
BTCUSDT,1591516800000,0.0001
BTCUSDT,1591545600006,0.0001
BTCUSDT,1591574400008,0.0001
BTCUSDT,1591603200007,0.0001
BTCUSDT,1591632000000,0.0001
BTCUSDT,1591660800000,0.0001
BTCUSDT,1591689600000,0.0001
BTCUSDT,1591718400000,0.0001
BTCUSDT,1591747200000,0.0001
BTCUSDT,1591776000000,0.0001
BTCUSDT,1591804800000,0.0001
BTCUSDT,1591833600008,0.0001
BTCUSDT,1591862400001,0.0001
BTCUSDT,1591891200000,0.0001
BTCUSDT,1591920000003,0.0001
BTCUSDT,1591948800000,-3.816e-05
BTCUSDT,1591977600002,9.714e-05
BTCUSDT,1592006400000,-1.942e-05
BTCUSDT,1592035200001,7.217e-05
BTCUSDT,1592064000000,0.0001
BTCUSDT,1592092800007,7.102e-05
BTCUSDT,1592121600000,0.0001
BTCUSDT,1592150400001,0.0001
BTCUSDT,1592179200000,0.0001
BTCUSDT,1592208000001,-4.149e-05
BTCUSDT,1592236800000,-0.00018213
BTCUSDT,1592265600002,-0.00015215
BTCUSDT,1592294400000,0.0001
BTCUSDT,1592323200006,0.0001
BTCUSDT,1592352000000,7.764e-05
BTCUSDT,1592380800007,-8.32e-05
BTCUSDT,1592409600000,7.51e-05
BTCUSDT,1592438400003,-0.00010005
BTCUSDT,1592467200001,-0.00011589
BTCUSDT,1592496000002,7.624e-05
BTCUSDT,1592524800001,-1.57e-06
BTCUSDT,1592553600003,1.94e-05
BTCUSDT,1592582400000,0.0001
BTCUSDT,1592611200000,0.0001
BTCUSDT,1592640000009,1.186e-05
BTCUSDT,1592668800006,0.0001
BTCUSDT,1592697600000,-3.057e-05
BTCUSDT,1592726400000,-1.29e-05
BTCUSDT,1592755200000,0.0001
BTCUSDT,1592784000000,0.0001
BTCUSDT,1592812800000,6.784e-05
BTCUSDT,1592841600001,0.0001
BTCUSDT,1592870400000,0.0001
BTCUSDT,1592899200002,0.0001
BTCUSDT,1592928000000,0.00012215
BTCUSDT,1592956800001,0.00011286
BTCUSDT,1592985600000,0.0001
BTCUSDT,1593014400000,0.0001
BTCUSDT,1593043200000,0.0001
BTCUSDT,1593072000000,0.0001
BTCUSDT,1593100800000,0.0001
BTCUSDT,1593129600000,9.401e-05
BTCUSDT,1593158400000,0.0001
BTCUSDT,1593187200000,0.0001
BTCUSDT,1593216000003,0.0001
BTCUSDT,1593244800004,0.0001
BTCUSDT,1593273600000,0.0001
BTCUSDT,1593302400003,0.0001
BTCUSDT,1593331200001,0.0001
BTCUSDT,1593360000000,4.867e-05
BTCUSDT,1593388800000,0.0001
BTCUSDT,1593417600005,0.0001
BTCUSDT,1593446400000,0.0001
BTCUSDT,1593475200000,0.0001
BTCUSDT,1593504000001,0.0001
BTCUSDT,1593532800002,0.0001
BTCUSDT,1593561600002,0.0001
BTCUSDT,1593590400000,0.0001
BTCUSDT,1593619200000,0.0001
BTCUSDT,1593648000001,0.0001
BTCUSDT,1593676800001,0.0001
BTCUSDT,1593705600000,0.0001
BTCUSDT,1593734400000,0.0001
BTCUSDT,1593763200001,0.0001
BTCUSDT,1593792000000,0.0001
BTCUSDT,1593820800002,0.0001
BTCUSDT,1593849600002,0.0001
BTCUSDT,1593878400001,0.0001
BTCUSDT,1593907200000,0.0001
BTCUSDT,1593936000000,0.0001
BTCUSDT,1593964800000,0.0001
BTCUSDT,1593993600000,0.0001
BTCUSDT,1594022400001,0.0001
BTCUSDT,1594051200000,0.0001
BTCUSDT,1594080000000,0.0001
BTCUSDT,1594108800006,0.0001
BTCUSDT,1594137600000,0.0001
BTCUSDT,1594166400000,0.0001
BTCUSDT,1594195200000,0.0001
BTCUSDT,1594224000000,0.0001
BTCUSDT,1594252800001,0.0001
BTCUSDT,1594281600002,0.0001
BTCUSDT,1594310400000,0.0001
BTCUSDT,1594339200000,0.0001
BTCUSDT,1594368000001,0.0001
BTCUSDT,1594396800000,0.0001
BTCUSDT,1594425600000,0.0001
BTCUSDT,1594454400000,0.0001
BTCUSDT,1594483200000,0.0001
BTCUSDT,1594512000000,0.0001
BTCUSDT,1594540800000,0.0001
BTCUSDT,1594569600000,0.0001
BTCUSDT,1594598400000,0.0001
BTCUSDT,1594627200001,0.0001
BTCUSDT,1594656000000,0.0001
BTCUSDT,1594684800001,0.0001
BTCUSDT,1594713600000,0.0001
BTCUSDT,1594742400000,0.0001
BTCUSDT,1594771200000,0.0001
BTCUSDT,1594800000000,0.0001
BTCUSDT,1594828800000,0.0001
BTCUSDT,1594857600000,0.0001
BTCUSDT,1594886400002,0.0001
BTCUSDT,1594915200001,0.0001
BTCUSDT,1594944000001,0.0001
BTCUSDT,1594972800000,0.0001
BTCUSDT,1595001600000,0.0001
BTCUSDT,1595030400003,0.0001
BTCUSDT,1595059200001,0.0001
BTCUSDT,1595088000000,0.0001
BTCUSDT,1595116800000,0.0001
BTCUSDT,1595145600000,0.0001
BTCUSDT,1595174400000,0.0001
BTCUSDT,1595203200000,0.0001
BTCUSDT,1595232000000,0.0001
BTCUSDT,1595260800001,0.0001
BTCUSDT,1595289600000,0.0001
BTCUSDT,1595318400001,0.0001
BTCUSDT,1595347200004,0.0001
BTCUSDT,1595376000000,0.0001
BTCUSDT,1595404800000,0.0001
BTCUSDT,1595433600000,0.0001
BTCUSDT,1595462400001,0.0001
BTCUSDT,1595491200000,0.0001
BTCUSDT,1595520000001,0.0001
BTCUSDT,1595548800000,0.0001
BTCUSDT,1595577600000,0.0001
BTCUSDT,1595606400000,0.0001
BTCUSDT,1595635200000,0.0001
BTCUSDT,1595664000001,0.0001
BTCUSDT,1595692800000,0.0001
BTCUSDT,1595721600000,0.0001
BTCUSDT,1595750400000,0.0001
BTCUSDT,1595779200000,0.00065437
BTCUSDT,1595808000000,0.00047138
BTCUSDT,1595836800000,0.00086993
BTCUSDT,1595865600000,0.00051888
BTCUSDT,1595894400000,0.00139484
BTCUSDT,1595923200001,0.00122052
BTCUSDT,1595952000000,0.00097576
BTCUSDT,1595980800000,0.00083621
BTCUSDT,1596009600000,0.00068208
BTCUSDT,1596038400000,0.00061856
BTCUSDT,1596067200000,0.00061759
BTCUSDT,1596096000001,0.00072329
BTCUSDT,1596124800000,0.00069174
BTCUSDT,1596153600000,0.00082654
BTCUSDT,1596182400001,0.00039348
BTCUSDT,1596211200000,0.00037716
BTCUSDT,1596240000005,0.0002791
BTCUSDT,1596268800000,0.00030785
BTCUSDT,1596297600001,0.00048996
BTCUSDT,1596326400000,0.00095567
BTCUSDT,1596355200001,0.0004243
BTCUSDT,1596384000001,0.00024752
BTCUSDT,1596412800000,0.0002585
BTCUSDT,1596441600001,0.00045929
BTCUSDT,1596470400000,0.00043731
BTCUSDT,1596499200003,0.00031113
BTCUSDT,1596528000000,0.00030647
BTCUSDT,1596556800000,0.00038617
BTCUSDT,1596585600000,0.00013898
BTCUSDT,1596614400000,0.00016613
BTCUSDT,1596643200000,0.00022044
BTCUSDT,1596672000000,0.00038867
BTCUSDT,1596700800007,0.00038696
BTCUSDT,1596729600000,0.00036099
BTCUSDT,1596758400001,0.00031707
BTCUSDT,1596787200000,0.00021201
BTCUSDT,1596816000000,0.00023934
BTCUSDT,1596844800000,0.0001
BTCUSDT,1596873600000,0.0001
BTCUSDT,1596902400000,0.0001
BTCUSDT,1596931200000,0.0001
BTCUSDT,1596960000000,0.00021066
BTCUSDT,1596988800000,0.00014574
BTCUSDT,1597017600001,0.0001
BTCUSDT,1597046400000,0.00131898
BTCUSDT,1597075200001,0.00030218
BTCUSDT,1597104000001,0.00013372
BTCUSDT,1597132800000,0.00022736
BTCUSDT,1597161600001,0.00059816
BTCUSDT,1597190400000,0.0001
BTCUSDT,1597219200000,0.0001
BTCUSDT,1597248000000,0.0001
BTCUSDT,1597276800002,0.0001
BTCUSDT,1597305600000,0.0001
BTCUSDT,1597334400000,0.0001
BTCUSDT,1597363200000,0.00017598
BTCUSDT,1597392000000,0.00044038
BTCUSDT,1597420800000,0.00027433
BTCUSDT,1597449600000,0.0001
BTCUSDT,1597478400001,0.0003665
BTCUSDT,1597507200001,0.00021904
BTCUSDT,1597536000000,0.0001564
BTCUSDT,1597564800000,0.00048777
BTCUSDT,1597593600000,0.00031524
BTCUSDT,1597622400000,0.00026342
BTCUSDT,1597651200000,0.00039806
BTCUSDT,1597680000000,0.0008576
BTCUSDT,1597708800001,0.00119905
BTCUSDT,1597737600008,0.00078206
BTCUSDT,1597766400000,0.00100156
BTCUSDT,1597795200000,0.00077293
BTCUSDT,1597824000000,0.00054924
BTCUSDT,1597852800000,0.00024051
BTCUSDT,1597881600001,0.00024189
BTCUSDT,1597910400000,0.0001159
BTCUSDT,1597939200000,0.00018281
BTCUSDT,1597968000000,0.0001
BTCUSDT,1597996800000,0.0001
BTCUSDT,1598025600017,0.0001
BTCUSDT,1598054400000,0.0001
BTCUSDT,1598083200000,0.0001
BTCUSDT,1598112000000,0.0001
BTCUSDT,1598140800000,0.0001
BTCUSDT,1598169600000,0.0001
BTCUSDT,1598198400000,0.0001
BTCUSDT,1598227200006,0.0001
BTCUSDT,1598256000001,0.0001
BTCUSDT,1598284800000,0.0001
BTCUSDT,1598313600000,0.0001
BTCUSDT,1598342400000,0.0001
BTCUSDT,1598371200000,0.0004258
BTCUSDT,1598400000000,0.00023316
BTCUSDT,1598428800008,0.0001
BTCUSDT,1598457600002,0.00013038
BTCUSDT,1598486400000,0.0001
BTCUSDT,1598515200010,0.0001
BTCUSDT,1598544000000,0.0001
BTCUSDT,1598572800000,0.0001
BTCUSDT,1598601600001,0.0001
BTCUSDT,1598630400000,0.0001
BTCUSDT,1598659200002,0.0001
BTCUSDT,1598688000006,0.0001
BTCUSDT,1598716800003,0.0001
BTCUSDT,1598745600000,0.0001
BTCUSDT,1598774400000,0.0001
BTCUSDT,1598803200000,0.0001
BTCUSDT,1598832000000,0.0001
BTCUSDT,1598860800001,0.0001
BTCUSDT,1598889600001,0.00015461
BTCUSDT,1598918400000,0.0001
BTCUSDT,1598947200000,0.00022961
BTCUSDT,1598976000000,0.0004686
BTCUSDT,1599004800000,0.00032895
BTCUSDT,1599033600006,0.00035074
BTCUSDT,1599062400000,0.00045038
BTCUSDT,1599091200001,0.00021394
BTCUSDT,1599120000004,0.00016828
BTCUSDT,1599148800000,0.00024709
BTCUSDT,1599177600005,0.0001
BTCUSDT,1599206400000,0.0001
BTCUSDT,1599235200006,0.0001
BTCUSDT,1599264000000,0.0001
BTCUSDT,1599292800004,0.0001
BTCUSDT,1599321600001,0.0001
BTCUSDT,1599350400004,0.0001
BTCUSDT,1599379200000,0.0001
BTCUSDT,1599408000000,0.0001
BTCUSDT,1599436800002,0.0001
BTCUSDT,1599465600004,0.0001
BTCUSDT,1599494400001,0.0001
BTCUSDT,1599523200007,0.0001
BTCUSDT,1599552000006,0.0001
BTCUSDT,1599580800014,0.0001
BTCUSDT,1599609600000,0.0001
BTCUSDT,1599638400000,0.0001
BTCUSDT,1599667200000,0.0001
BTCUSDT,1599696000000,0.0001
BTCUSDT,1599724800005,0.0001
BTCUSDT,1599753600000,0.0001
BTCUSDT,1599782400000,0.0001
BTCUSDT,1599811200008,0.0001
BTCUSDT,1599840000000,0.0001
BTCUSDT,1599868800008,0.0001
BTCUSDT,1599897600000,0.0001
BTCUSDT,1599926400008,0.0001
BTCUSDT,1599955200000,0.0001
BTCUSDT,1599984000000,0.0001
BTCUSDT,1600012800004,0.0001
BTCUSDT,1600041600003,0.0001
BTCUSDT,1600070400008,0.0001
BTCUSDT,1600099200000,8.68e-06
BTCUSDT,1600128000000,-0.0002227
BTCUSDT,1600156800010,-2.796e-05
BTCUSDT,1600185600003,-5.156e-05
BTCUSDT,1600214400014,-0.00011181
BTCUSDT,1600243200000,-1.488e-05
BTCUSDT,1600272000001,-3.198e-05
BTCUSDT,1600300800006,-5.63e-06
BTCUSDT,1600329600012,2.957e-05
BTCUSDT,1600358400000,9.8e-07
BTCUSDT,1600387200001,9.425e-05
BTCUSDT,1600416000002,5.579e-05
BTCUSDT,1600444800002,4.967e-05
BTCUSDT,1600473600000,-0.0001155
BTCUSDT,1600502400005,-0.0001098
BTCUSDT,1600531200008,-5.749e-05
BTCUSDT,1600560000002,-6.476e-05
BTCUSDT,1600588800005,-0.00011198
BTCUSDT,1600617600005,-6.625e-05
BTCUSDT,1600646400000,-7.506e-05
BTCUSDT,1600675200001,-0.00012071
BTCUSDT,1600704000000,0.0001
BTCUSDT,1600732800001,0.0001
BTCUSDT,1600761600000,0.0001
BTCUSDT,1600790400004,0.0001
BTCUSDT,1600819200007,4.321e-05
BTCUSDT,1600848000001,-2.604e-05
BTCUSDT,1600876800001,-5.506e-05
BTCUSDT,1600905600000,3.817e-05
BTCUSDT,1600934400000,6.991e-05
BTCUSDT,1600963200000,1.182e-05
BTCUSDT,1600992000009,-0.00023219
BTCUSDT,1601020800045,2.542e-05
BTCUSDT,1601049600000,0.0001
BTCUSDT,1601078400000,0.0001
BTCUSDT,1601107200000,0.0001
BTCUSDT,1601136000005,0.0001
BTCUSDT,1601164800000,0.0001
BTCUSDT,1601193600000,0.0001
BTCUSDT,1601222400019,0.0001
BTCUSDT,1601251200001,0.0001
BTCUSDT,1601280000000,0.0001
BTCUSDT,1601308800002,0.0001
BTCUSDT,1601337600000,0.0001
BTCUSDT,1601366400000,0.0001
BTCUSDT,1601395200000,0.0001
BTCUSDT,1601424000005,0.0001
BTCUSDT,1601452800000,0.0001
BTCUSDT,1601481600000,0.0001
BTCUSDT,1601510400000,7.412e-05
BTCUSDT,1601539200000,0.0001
BTCUSDT,1601568000000,0.0001
BTCUSDT,1601596800011,-2.63e-06
BTCUSDT,1601625600000,-1.652e-05
BTCUSDT,1601654400005,0.0001
BTCUSDT,1601683200000,0.0001
BTCUSDT,1601712000001,0.0001
BTCUSDT,1601740800000,9.749e-05
BTCUSDT,1601769600000,-2.144e-05
BTCUSDT,1601798400003,5.039e-05
BTCUSDT,1601827200001,-7.56e-06
BTCUSDT,1601856000000,-3.381e-05
BTCUSDT,1601884800000,-9.143e-05
BTCUSDT,1601913600012,-6.912e-05
BTCUSDT,1601942400000,-1.26e-06
BTCUSDT,1601971200005,-8.313e-05
BTCUSDT,1602000000000,6.937e-05
BTCUSDT,1602028800000,5.11e-06
BTCUSDT,1602057600000,-8.58e-06
BTCUSDT,1602086400000,1.553e-05
BTCUSDT,1602115200000,2.693e-05
BTCUSDT,1602144000009,3.248e-05
BTCUSDT,1602172800003,8.856e-05
BTCUSDT,1602201600001,6.128e-05
BTCUSDT,1602230400000,0.0001
BTCUSDT,1602259200004,0.0001
BTCUSDT,1602288000005,0.0001
BTCUSDT,1602316800000,0.0001
BTCUSDT,1602345600011,0.0001
BTCUSDT,1602374400002,0.0001
BTCUSDT,1602403200003,0.0001
BTCUSDT,1602432000004,0.0001
BTCUSDT,1602460800001,0.0001
BTCUSDT,1602489600000,0.0001
BTCUSDT,1602518400011,0.0001
BTCUSDT,1602547200003,0.0001
BTCUSDT,1602576000000,0.0001
BTCUSDT,1602604800001,0.0001
BTCUSDT,1602633600001,0.0001
BTCUSDT,1602662400000,0.0001
BTCUSDT,1602691200001,0.0001
BTCUSDT,1602720000000,0.0001
BTCUSDT,1602748800000,0.0001
BTCUSDT,1602777600000,0.0001
BTCUSDT,1602806400002,0.0001
BTCUSDT,1602835200003,0.0001
BTCUSDT,1602864000000,0.0001
BTCUSDT,1602892800006,0.0001
BTCUSDT,1602921600007,0.0001
BTCUSDT,1602950400009,0.0001
BTCUSDT,1602979200006,0.0001
BTCUSDT,1603008000000,0.0001
BTCUSDT,1603036800000,0.0001
BTCUSDT,1603065600000,0.0001
BTCUSDT,1603094400000,0.0001
BTCUSDT,1603123200000,0.0001
BTCUSDT,1603152000015,0.0001
BTCUSDT,1603180800000,0.0001
BTCUSDT,1603209600008,3.742e-05
BTCUSDT,1603238400009,2.291e-05
BTCUSDT,1603267200004,7.487e-05
BTCUSDT,1603296000000,0.0001
BTCUSDT,1603324800000,0.0001
BTCUSDT,1603353600000,0.0001
BTCUSDT,1603382400004,0.0001
BTCUSDT,1603411200007,0.0001
BTCUSDT,1603440000000,0.0001
BTCUSDT,1603468800000,0.0001
BTCUSDT,1603497600000,0.0001
BTCUSDT,1603526400000,0.0001
BTCUSDT,1603555200008,0.0001
BTCUSDT,1603584000005,0.0001
BTCUSDT,1603612800014,0.0001
BTCUSDT,1603641600000,0.0001
BTCUSDT,1603670400004,0.0001
BTCUSDT,1603699200000,0.0001
BTCUSDT,1603728000000,0.0001
BTCUSDT,1603756800000,9.274e-05
BTCUSDT,1603785600000,6.127e-05
BTCUSDT,1603814400000,0.0001
BTCUSDT,1603843200000,3.725e-05
BTCUSDT,1603872000006,0.0001
BTCUSDT,1603900800001,0.0001
BTCUSDT,1603929600000,-0.00026006
BTCUSDT,1603958400000,-8.052e-05
BTCUSDT,1603987200000,-3.189e-05
BTCUSDT,1604016000000,-0.00015268
BTCUSDT,1604044800002,-9.68e-06
BTCUSDT,1604073600002,-0.00013414
BTCUSDT,1604102400003,-0.00024694
BTCUSDT,1604131200000,-0.00016865
BTCUSDT,1604160000000,9.204e-05
BTCUSDT,1604188800000,-6.386e-05
BTCUSDT,1604217600000,-4.096e-05
BTCUSDT,1604246400000,-5.043e-05
BTCUSDT,1604275200000,7.881e-05
BTCUSDT,1604304000010,-3.275e-05
BTCUSDT,1604332800000,8.717e-05
BTCUSDT,1604361600000,-0.00017064
BTCUSDT,1604390400004,-4.67e-06
BTCUSDT,1604419200009,-8.581e-05
BTCUSDT,1604448000000,-7.816e-05
BTCUSDT,1604476800000,-2.648e-05
BTCUSDT,1604505600005,-0.00023791
BTCUSDT,1604534400017,0.0001
BTCUSDT,1604563200001,0.0001
BTCUSDT,1604592000000,0.0001
BTCUSDT,1604620800000,0.0001
BTCUSDT,1604649600001,0.00023315
BTCUSDT,1604678400001,0.0003429
BTCUSDT,1604707200001,0.00024948
BTCUSDT,1604736000000,0.00037914
BTCUSDT,1604764800006,0.0003589
BTCUSDT,1604793600000,0.0001
BTCUSDT,1604822400000,0.0001
BTCUSDT,1604851200000,0.0001
BTCUSDT,1604880000007,0.0001
BTCUSDT,1604908800001,0.0001
BTCUSDT,1604937600002,0.0001
BTCUSDT,1604966400003,0.0001
BTCUSDT,1604995200011,0.0001
BTCUSDT,1605024000000,0.0001
BTCUSDT,1605052800000,0.0001
BTCUSDT,1605081600009,0.0001
BTCUSDT,1605110400003,0.0001
BTCUSDT,1605139200001,0.0001
BTCUSDT,1605168000001,0.0001
BTCUSDT,1605196800000,0.0001
BTCUSDT,1605225600000,0.0001
BTCUSDT,1605254400000,0.0001
BTCUSDT,1605283200000,0.0001
BTCUSDT,1605312000005,0.0001
BTCUSDT,1605340800004,0.0001
BTCUSDT,1605369600001,4.277e-05
BTCUSDT,1605398400001,0.0001
BTCUSDT,1605427200000,0.0001
BTCUSDT,1605456000003,0.0001
BTCUSDT,1605484800000,0.0001
BTCUSDT,1605513600010,0.0001
BTCUSDT,1605542400001,0.0001
BTCUSDT,1605571200002,0.0001
BTCUSDT,1605600000003,0.0001
BTCUSDT,1605628800003,0.0001
BTCUSDT,1605657600005,0.00021138
BTCUSDT,1605686400006,0.00057572
BTCUSDT,1605715200000,0.00021486
BTCUSDT,1605744000008,0.0001
BTCUSDT,1605772800000,0.00025015
BTCUSDT,1605801600001,0.00052207
BTCUSDT,1605830400003,0.0003665
BTCUSDT,1605859200005,0.00039647
BTCUSDT,1605888000000,0.00038617
BTCUSDT,1605916800000,0.0001
BTCUSDT,1605945600000,0.0001
BTCUSDT,1605974400001,0.00059438
BTCUSDT,1606003200005,0.00080363
BTCUSDT,1606032000000,0.00086985
BTCUSDT,1606060800000,0.00066537
BTCUSDT,1606089600005,0.00101151
BTCUSDT,1606118400000,0.00076207
BTCUSDT,1606147200003,0.00108391
BTCUSDT,1606176000000,0.00050801
BTCUSDT,1606204800000,0.00060366
BTCUSDT,1606233600005,0.00081176
BTCUSDT,1606262400005,0.00084235
BTCUSDT,1606291200005,0.00038079
BTCUSDT,1606320000015,0.00075292
BTCUSDT,1606348800012,0.00035414
BTCUSDT,1606377600002,0.0001313
BTCUSDT,1606406400001,0.00028796
BTCUSDT,1606435200001,0.00010773
BTCUSDT,1606464000000,0.0001
BTCUSDT,1606492800007,0.0001
BTCUSDT,1606521600007,0.0001
BTCUSDT,1606550400012,0.0001
BTCUSDT,1606579200000,0.0001
BTCUSDT,1606608000007,0.0001
BTCUSDT,1606636800000,0.0001
BTCUSDT,1606665600000,0.0001
BTCUSDT,1606694400004,0.0001
BTCUSDT,1606723200007,0.0001
BTCUSDT,1606752000000,0.00029481
BTCUSDT,1606780800000,0.00045929
BTCUSDT,1606809600003,0.00043287
BTCUSDT,1606838400000,0.00011546
BTCUSDT,1606867200001,0.0001
BTCUSDT,1606896000011,0.0001
BTCUSDT,1606924800005,0.0001
BTCUSDT,1606953600001,0.0001
BTCUSDT,1606982400031,0.0001
BTCUSDT,1607011200000,0.00025455
BTCUSDT,1607040000006,0.00012703
BTCUSDT,1607068800009,0.0001
BTCUSDT,1607097600000,0.0001
BTCUSDT,1607126400000,0.0001
BTCUSDT,1607155200000,0.0001
BTCUSDT,1607184000000,0.0001
BTCUSDT,1607212800004,0.0001
BTCUSDT,1607241600000,0.0001
BTCUSDT,1607270400001,0.0001
BTCUSDT,1607299200000,0.0001
BTCUSDT,1607328000008,0.0001
BTCUSDT,1607356800000,0.0001
BTCUSDT,1607385600003,0.0001
BTCUSDT,1607414400003,0.0001
BTCUSDT,1607443200033,0.0001
BTCUSDT,1607472000000,0.0001
BTCUSDT,1607500800010,0.0001
BTCUSDT,1607529600000,0.0001
BTCUSDT,1607558400000,0.0001
BTCUSDT,1607587200000,0.0001
BTCUSDT,1607616000007,0.0001
BTCUSDT,1607644800000,0.0001
BTCUSDT,1607673600016,0.0001
BTCUSDT,1607702400010,0.0001
BTCUSDT,1607731200009,0.0001
BTCUSDT,1607760000002,-2.135e-05
BTCUSDT,1607788800000,4.314e-05
BTCUSDT,1607817600007,0.0001
BTCUSDT,1607846400000,0.0001
BTCUSDT,1607875200000,0.0001
BTCUSDT,1607904000000,0.0001
BTCUSDT,1607932800000,0.0001
BTCUSDT,1607961600000,0.0001
BTCUSDT,1607990400006,0.0001
BTCUSDT,1608019200001,0.0001
BTCUSDT,1608048000000,0.0001
BTCUSDT,1608076800001,0.0001
BTCUSDT,1608105600000,0.0001
BTCUSDT,1608134400000,0.00046054
BTCUSDT,1608163200000,0.0001
BTCUSDT,1608192000000,0.00021355
BTCUSDT,1608220800011,0.00054618
BTCUSDT,1608249600000,0.00028532
BTCUSDT,1608278400000,0.00053548
BTCUSDT,1608307200000,0.00045032
BTCUSDT,1608336000000,0.0001
BTCUSDT,1608364800018,0.00038032
BTCUSDT,1608393600000,0.00070544
BTCUSDT,1608422400001,0.00078228
BTCUSDT,1608451200011,0.00037486
BTCUSDT,1608480000023,0.00038896
BTCUSDT,1608508800011,0.00041795
BTCUSDT,1608537600000,0.00030249
BTCUSDT,1608566400000,0.00023741
BTCUSDT,1608595200001,0.0001
BTCUSDT,1608624000006,0.0001
BTCUSDT,1608652800000,0.00019956
BTCUSDT,1608681600000,0.0001131
BTCUSDT,1608710400000,0.0001
BTCUSDT,1608739200000,0.00010214
BTCUSDT,1608768000012,0.0001
BTCUSDT,1608796800009,0.0001
BTCUSDT,1608825600001,0.00027216
BTCUSDT,1608854400000,0.00018528
BTCUSDT,1608883200000,0.0001
BTCUSDT,1608912000000,0.00034905
BTCUSDT,1608940800009,0.0001
BTCUSDT,1608969600001,0.00016965
BTCUSDT,1608998400006,0.0001
BTCUSDT,1609027200000,0.0001994
BTCUSDT,1609056000000,0.00025468
BTCUSDT,1609084800001,0.00071164
BTCUSDT,1609113600015,0.00043463
BTCUSDT,1609142400019,0.00036133
BTCUSDT,1609171200000,0.00071278
BTCUSDT,1609200000004,0.00037693
BTCUSDT,1609228800003,0.0004893
BTCUSDT,1609257600000,0.00039914
BTCUSDT,1609286400001,0.00048979
BTCUSDT,1609315200001,0.00076836
BTCUSDT,1609344000012,0.0006288
BTCUSDT,1609372800009,0.00053292
BTCUSDT,1609401600000,0.00060345
BTCUSDT,1609430400010,0.00036744
BTCUSDT,1609459200002,0.00022753
BTCUSDT,1609488000006,0.00026336
BTCUSDT,1609516800003,0.00034457
BTCUSDT,1609545600000,0.0001
BTCUSDT,1609574400000,0.00020151
BTCUSDT,1609603200006,0.00115471
BTCUSDT,1609632000018,0.00124058
BTCUSDT,1609660800000,0.00114744
BTCUSDT,1609689600002,0.00155006
BTCUSDT,1609718400000,0.00164126
BTCUSDT,1609747200000,0.00236482
BTCUSDT,1609776000000,0.00056137
BTCUSDT,1609804800020,0.00088338
BTCUSDT,1609833600003,0.00047166
BTCUSDT,1609862400003,0.00062904
BTCUSDT,1609891200010,0.00127193
BTCUSDT,1609920000003,0.00210008
BTCUSDT,1609948800000,0.00149253
BTCUSDT,1609977600007,0.00100316
BTCUSDT,1610006400000,0.00142744
BTCUSDT,1610035200004,0.00099841
BTCUSDT,1610064000000,0.00213517
BTCUSDT,1610092800000,0.00092044
BTCUSDT,1610121600000,0.00131892
BTCUSDT,1610150400009,0.00062954
BTCUSDT,1610179200004,0.00066918
BTCUSDT,1610208000000,0.00146942
BTCUSDT,1610236800000,0.00145604
BTCUSDT,1610265600005,0.00120632
BTCUSDT,1610294400000,0.00052988
BTCUSDT,1610323200000,0.00086486
BTCUSDT,1610352000012,0.00081553
BTCUSDT,1610380800000,0.00053444
BTCUSDT,1610409600000,0.00033526
BTCUSDT,1610438400000,0.00050855
BTCUSDT,1610467200008,0.00054945
BTCUSDT,1610496000001,0.00014768
BTCUSDT,1610524800000,0.0002259
BTCUSDT,1610553600003,0.0007053
BTCUSDT,1610582400000,0.00078331
BTCUSDT,1610611200012,0.00072627
BTCUSDT,1610640000000,0.00068503
BTCUSDT,1610668800002,0.00055628
BTCUSDT,1610697600000,0.00064483
BTCUSDT,1610726400004,0.00118185
BTCUSDT,1610755200000,0.0001
BTCUSDT,1610784000008,0.00032573
BTCUSDT,1610812800000,0.00068496
BTCUSDT,1610841600009,0.00033109
BTCUSDT,1610870400000,0.00030276
BTCUSDT,1610899200001,0.0001
BTCUSDT,1610928000000,0.00055375
BTCUSDT,1610956800004,0.00049321
BTCUSDT,1610985600000,0.0010355
BTCUSDT,1611014400000,0.0006167
BTCUSDT,1611043200005,0.0014009
BTCUSDT,1611072000012,0.00158467
BTCUSDT,1611100800012,0.00088178
BTCUSDT,1611129600001,0.00017967
BTCUSDT,1611158400001,0.00016482
BTCUSDT,1611187200000,0.00042078
BTCUSDT,1611216000000,0.00048357
BTCUSDT,1611244800004,0.00026589
BTCUSDT,1611273600012,0.0001
BTCUSDT,1611302400003,0.0001
BTCUSDT,1611331200001,0.0001
BTCUSDT,1611360000000,0.0001
BTCUSDT,1611388800002,0.00012182
BTCUSDT,1611417600000,0.0001
BTCUSDT,1611446400001,0.0001
BTCUSDT,1611475200011,0.00014368
BTCUSDT,1611504000005,0.00041388
BTCUSDT,1611532800007,0.0001
BTCUSDT,1611561600012,0.00052253
BTCUSDT,1611590400000,0.00042414
BTCUSDT,1611619200007,0.00013506
BTCUSDT,1611648000000,0.0001
BTCUSDT,1611676800000,0.0001
BTCUSDT,1611705600000,0.0001
BTCUSDT,1611734400011,0.0001
BTCUSDT,1611763200003,0.0001
BTCUSDT,1611792000000,0.0001
BTCUSDT,1611820800000,0.0001
BTCUSDT,1611849600000,0.00022262
BTCUSDT,1611878400009,0.0001
BTCUSDT,1611907200000,0.00064803
BTCUSDT,1611936000000,0.00166789
BTCUSDT,1611964800000,0.00039208
BTCUSDT,1611993600000,0.000332
BTCUSDT,1612022400000,0.00052428
BTCUSDT,1612051200009,0.00054944
BTCUSDT,1612080000000,0.00046117
BTCUSDT,1612108800000,0.00044234
BTCUSDT,1612137600001,0.00013932
BTCUSDT,1612166400014,0.00037561
BTCUSDT,1612195200000,0.00066848
BTCUSDT,1612224000000,0.00036787
BTCUSDT,1612252800006,0.00044278
BTCUSDT,1612281600000,0.00122181
BTCUSDT,1612310400009,0.00077297
BTCUSDT,1612339200006,0.00080805
BTCUSDT,1612368000006,0.00075287
BTCUSDT,1612396800005,0.00029063
BTCUSDT,1612425600000,0.00074286
BTCUSDT,1612454400011,0.00061936
BTCUSDT,1612483200009,0.00056635
BTCUSDT,1612512000004,0.00074838
BTCUSDT,1612540800000,0.00099154
BTCUSDT,1612569600008,0.00034782
BTCUSDT,1612598400009,0.00069827
BTCUSDT,1612627200000,0.00102371
BTCUSDT,1612656000000,0.00155546
BTCUSDT,1612684800005,0.00065121
BTCUSDT,1612713600001,0.00106206
BTCUSDT,1612742400000,0.00059267
BTCUSDT,1612771200001,0.00057887
BTCUSDT,1612800000000,0.00248993
BTCUSDT,1612828800010,0.00131125
BTCUSDT,1612857600006,0.00186573
BTCUSDT,1612886400007,0.00161159
BTCUSDT,1612915200009,0.00124313
BTCUSDT,1612944000014,0.0017535
BTCUSDT,1612972800005,0.00112397
BTCUSDT,1613001600000,0.00076742
BTCUSDT,1613030400000,0.0008307
BTCUSDT,1613059200000,0.0017411
BTCUSDT,1613088000000,0.00128772
BTCUSDT,1613116800000,0.0012563
BTCUSDT,1613145600000,0.00105533
BTCUSDT,1613174400001,0.00139999
BTCUSDT,1613203200003,0.00141609
BTCUSDT,1613232000000,0.00075946
BTCUSDT,1613260800013,0.00085048
BTCUSDT,1613289600000,0.00146185
BTCUSDT,1613318400008,0.00149489
BTCUSDT,1613347200000,0.0011786
BTCUSDT,1613376000006,0.00040617
BTCUSDT,1613404800000,0.00068133
BTCUSDT,1613433600001,0.000996
BTCUSDT,1613462400000,0.00123546
BTCUSDT,1613491200010,0.00141818
BTCUSDT,1613520000005,0.00104066
BTCUSDT,1613548800010,0.00093436
BTCUSDT,1613577600008,0.00147112
BTCUSDT,1613606400012,0.00132249
BTCUSDT,1613635200000,0.00154303
BTCUSDT,1613664000009,0.00125842
BTCUSDT,1613692800010,0.00091255
BTCUSDT,1613721600002,0.00084526
BTCUSDT,1613750400008,0.00128791
BTCUSDT,1613779200000,0.00156318
BTCUSDT,1613808000009,0.00116465
BTCUSDT,1613836800000,0.00122535
BTCUSDT,1613865600007,0.00100357
BTCUSDT,1613894400012,0.00099022
BTCUSDT,1613923200001,0.0012582
BTCUSDT,1613952000006,0.00117049
BTCUSDT,1613980800002,0.00091782
BTCUSDT,1614009600000,0.00077864
BTCUSDT,1614038400000,0.00024947
BTCUSDT,1614067200006,0.0002962
BTCUSDT,1614096000000,0.00013281
BTCUSDT,1614124800012,0.0001
BTCUSDT,1614153600016,0.00051791
BTCUSDT,1614182400011,0.00037289
BTCUSDT,1614211200007,0.00017706
BTCUSDT,1614240000000,0.00018247
BTCUSDT,1614268800010,0.00034053
BTCUSDT,1614297600000,0.0001
BTCUSDT,1614326400025,0.0001
BTCUSDT,1614355200010,0.0001
BTCUSDT,1614384000001,0.00030164
BTCUSDT,1614412800000,0.0004457
BTCUSDT,1614441600000,0.00010038
BTCUSDT,1614470400021,0.0001
BTCUSDT,1614499200009,0.0001
BTCUSDT,1614528000000,0.00037706
BTCUSDT,1614556800000,0.00016921
BTCUSDT,1614585600003,0.0001
BTCUSDT,1614614400001,0.0001
BTCUSDT,1614643200000,0.0001
BTCUSDT,1614672000000,0.0001
BTCUSDT,1614700800004,0.0001
BTCUSDT,1614729600000,0.0001
BTCUSDT,1614758400016,0.0001
BTCUSDT,1614787200000,0.00045078
BTCUSDT,1614816000000,0.0001
BTCUSDT,1614844800015,0.0001
BTCUSDT,1614873600001,0.0001
BTCUSDT,1614902400000,0.0001
BTCUSDT,1614931200002,0.0001
BTCUSDT,1614960000008,0.0001
BTCUSDT,1614988800000,0.0001
BTCUSDT,1615017600000,0.0001
BTCUSDT,1615046400000,0.0001
BTCUSDT,1615075200006,0.0001
BTCUSDT,1615104000005,0.0001
BTCUSDT,1615132800008,0.00017606
BTCUSDT,1615161600000,0.0001
BTCUSDT,1615190400000,0.0001
BTCUSDT,1615219200006,0.00024757
BTCUSDT,1615248000000,0.00072419
BTCUSDT,1615276800000,0.00041976
BTCUSDT,1615305600000,0.00057038
BTCUSDT,1615334400009,0.00024344
BTCUSDT,1615363200006,0.00048586
BTCUSDT,1615392000008,0.00056915
BTCUSDT,1615420800000,0.00095931
BTCUSDT,1615449600000,0.00099305
BTCUSDT,1615478400014,0.00085439
BTCUSDT,1615507200002,0.00102002
BTCUSDT,1615536000005,0.00067147
BTCUSDT,1615564800011,0.00051199
BTCUSDT,1615593600000,0.00047834
BTCUSDT,1615622400002,0.00060567
BTCUSDT,1615651200000,0.00057114
BTCUSDT,1615680000011,0.00081828
BTCUSDT,1615708800000,0.00084593
BTCUSDT,1615737600000,0.00115069
BTCUSDT,1615766400012,0.0008201
BTCUSDT,1615795200016,0.0010521
BTCUSDT,1615824000030,0.00015776
BTCUSDT,1615852800005,0.00022573
BTCUSDT,1615881600008,0.00035862
BTCUSDT,1615910400012,0.00040673
BTCUSDT,1615939200010,0.00035367
BTCUSDT,1615968000000,0.00019234
BTCUSDT,1615996800009,0.00024575
BTCUSDT,1616025600001,0.00030265
BTCUSDT,1616054400000,0.00029259
BTCUSDT,1616083200000,0.00032547
BTCUSDT,1616112000011,0.00032006
BTCUSDT,1616140800001,0.00012887
BTCUSDT,1616169600000,0.0003326
BTCUSDT,1616198400000,0.0004928
BTCUSDT,1616227200000,0.00044452
BTCUSDT,1616256000007,0.00048936
BTCUSDT,1616284800000,0.00031366
BTCUSDT,1616313600000,0.00042375
BTCUSDT,1616342400000,0.0001
BTCUSDT,1616371200007,0.00051919
BTCUSDT,1616400000001,0.00045562
BTCUSDT,1616428800000,0.00048977
BTCUSDT,1616457600000,0.0002421
BTCUSDT,1616486400010,0.00026619
BTCUSDT,1616515200023,0.00042245
BTCUSDT,1616544000002,0.00053454
BTCUSDT,1616572800000,0.00016567
BTCUSDT,1616601600000,0.00026422
BTCUSDT,1616630400000,0.00011828
BTCUSDT,1616659200000,0.0001
BTCUSDT,1616688000000,0.0001
BTCUSDT,1616716800008,0.00016
BTCUSDT,1616745600000,0.0001
BTCUSDT,1616774400012,0.0001
BTCUSDT,1616803200018,0.0001
BTCUSDT,1616832000000,0.0001
BTCUSDT,1616860800001,0.0001
BTCUSDT,1616889600000,0.0001
BTCUSDT,1616918400000,0.0001
BTCUSDT,1616947200005,0.0001
BTCUSDT,1616976000003,0.0001
BTCUSDT,1617004800000,0.0001
BTCUSDT,1617033600000,0.00018171
BTCUSDT,1617062400018,0.00032026
BTCUSDT,1617091200012,0.00027258
BTCUSDT,1617120000001,0.00083501
BTCUSDT,1617148800000,0.00080754
BTCUSDT,1617177600000,0.00070889
BTCUSDT,1617206400000,0.00058414
BTCUSDT,1617235200025,0.00109277
BTCUSDT,1617264000011,0.00095247
BTCUSDT,1617292800004,0.00051932
BTCUSDT,1617321600000,0.00071058
BTCUSDT,1617350400000,0.00106221
BTCUSDT,1617379200000,0.0010197
BTCUSDT,1617408000003,0.00063267
BTCUSDT,1617436800000,0.00107843
BTCUSDT,1617465600000,0.00101313
BTCUSDT,1617494400000,0.0005209
BTCUSDT,1617523200000,0.00048495
BTCUSDT,1617552000016,0.00026521
BTCUSDT,1617580800000,0.00039464
BTCUSDT,1617609600001,0.00043217
BTCUSDT,1617638400001,0.00037409
BTCUSDT,1617667200010,0.00097189
BTCUSDT,1617696000000,0.00057776
BTCUSDT,1617724800003,0.00083736
BTCUSDT,1617753600000,0.00057609
BTCUSDT,1617782400006,0.00053749
BTCUSDT,1617811200004,0.0005366
BTCUSDT,1617840000013,0.00040784
BTCUSDT,1617868800003,0.00024943
BTCUSDT,1617897600005,0.00026225
BTCUSDT,1617926400000,0.00019611
BTCUSDT,1617955200004,0.00026301
BTCUSDT,1617984000004,0.00021785
BTCUSDT,1618012800011,0.00012959
BTCUSDT,1618041600005,0.00148624
BTCUSDT,1618070400000,0.00119652
BTCUSDT,1618099200004,0.00086735
BTCUSDT,1618128000000,0.00099427
BTCUSDT,1618156800000,0.00105998
BTCUSDT,1618185600001,0.00093793
BTCUSDT,1618214400001,0.00106358
BTCUSDT,1618243200008,0.00094343
BTCUSDT,1618272000003,0.00084072
BTCUSDT,1618300800008,0.00089928
BTCUSDT,1618329600008,0.0012267
BTCUSDT,1618358400008,0.00090508
BTCUSDT,1618387200000,0.00108567
BTCUSDT,1618416000012,0.00104786
BTCUSDT,1618444800006,0.00076335
BTCUSDT,1618473600000,0.00082082
BTCUSDT,1618502400008,0.00110324
BTCUSDT,1618531200008,0.00109647
BTCUSDT,1618560000000,0.00120022
BTCUSDT,1618588800002,0.00115519
BTCUSDT,1618617600008,0.00054906
BTCUSDT,1618646400000,0.00054007
BTCUSDT,1618675200001,0.00087572
BTCUSDT,1618704000006,0.00081624
BTCUSDT,1618732800004,0.00058448
BTCUSDT,1618761600000,0.0001
BTCUSDT,1618790400000,0.0001
BTCUSDT,1618819200000,0.0001
BTCUSDT,1618848000009,0.0001
BTCUSDT,1618876800004,0.0001
BTCUSDT,1618905600000,0.0001
BTCUSDT,1618934400001,0.0001
BTCUSDT,1618963200013,0.0001
BTCUSDT,1618992000001,0.0001
BTCUSDT,1619020800002,0.0001
BTCUSDT,1619049600000,0.0001
BTCUSDT,1619078400000,0.0001
BTCUSDT,1619107200001,0.0001
BTCUSDT,1619136000002,0.0001
BTCUSDT,1619164800009,0.00047618
BTCUSDT,1619193600001,0.0001
BTCUSDT,1619222400019,0.0001
BTCUSDT,1619251200001,0.00027672
BTCUSDT,1619280000011,0.0001676
BTCUSDT,1619308800000,0.000217
BTCUSDT,1619337600010,0.00038558
BTCUSDT,1619366400000,0.0001
BTCUSDT,1619395200003,0.0001
BTCUSDT,1619424000002,0.0001
BTCUSDT,1619452800004,0.0001
BTCUSDT,1619481600000,0.0001
BTCUSDT,1619510400000,0.0001
BTCUSDT,1619539200009,0.0001
BTCUSDT,1619568000000,0.0001
BTCUSDT,1619596800000,0.0001
BTCUSDT,1619625600001,0.0001
BTCUSDT,1619654400004,0.0001
BTCUSDT,1619683200013,0.0001
BTCUSDT,1619712000003,0.0001
BTCUSDT,1619740800004,0.0001
BTCUSDT,1619769600019,0.0001
BTCUSDT,1619798400003,0.0001
BTCUSDT,1619827200002,0.00011209
BTCUSDT,1619856000006,0.0001
BTCUSDT,1619884800000,0.00032496
BTCUSDT,1619913600010,0.00015819
BTCUSDT,1619942400011,0.00045285
BTCUSDT,1619971200007,0.00045283
BTCUSDT,1620000000003,0.00040313
BTCUSDT,1620028800000,0.00036188
BTCUSDT,1620057600043,0.00067307
BTCUSDT,1620086400004,0.00050959
BTCUSDT,1620115200003,0.00012186
BTCUSDT,1620144000011,0.00066426
BTCUSDT,1620172800001,0.00044701
BTCUSDT,1620201600007,0.00042458
BTCUSDT,1620230400001,0.00011734
BTCUSDT,1620259200003,0.00076121
BTCUSDT,1620288000001,0.00059968
BTCUSDT,1620316800000,0.0009352
BTCUSDT,1620345600000,0.00044645
BTCUSDT,1620374400000,0.00053313
BTCUSDT,1620403200001,0.00017144
BTCUSDT,1620432000006,0.0005937
BTCUSDT,1620460800000,0.00046279
BTCUSDT,1620489600000,0.00046426
BTCUSDT,1620518400005,0.00048942
BTCUSDT,1620547200016,0.00043845
BTCUSDT,1620576000000,0.00063864
BTCUSDT,1620604800004,0.00033531
BTCUSDT,1620633600000,0.00090258
BTCUSDT,1620662400013,0.00098653
BTCUSDT,1620691200000,0.00039557
BTCUSDT,1620720000000,0.00050874
BTCUSDT,1620748800002,0.00025625
BTCUSDT,1620777600004,0.00016659
BTCUSDT,1620806400007,0.00033736
BTCUSDT,1620835200012,0.00039761
BTCUSDT,1620864000016,0.00011638
BTCUSDT,1620892800000,0.0001
BTCUSDT,1620921600008,0.00022863
BTCUSDT,1620950400007,0.0004004
BTCUSDT,1620979200001,0.00035219
BTCUSDT,1621008000004,0.00015069
BTCUSDT,1621036800022,0.0001
BTCUSDT,1621065600014,0.00010123
BTCUSDT,1621094400002,0.00020153
BTCUSDT,1621123200000,0.00040248
BTCUSDT,1621152000003,0.00016682
BTCUSDT,1621180800002,0.00036196
BTCUSDT,1621209600005,0.0001
BTCUSDT,1621238400001,0.00063989
BTCUSDT,1621267200000,0.00059294
BTCUSDT,1621296000019,0.00054643
BTCUSDT,1621324800001,0.00014723
BTCUSDT,1621353600006,0.00021809
BTCUSDT,1621382400000,0.0001
BTCUSDT,1621411200003,0.00035813
BTCUSDT,1621440000018,-0.00089697
BTCUSDT,1621468800005,0.0001
BTCUSDT,1621497600000,0.0001
BTCUSDT,1621526400005,0.0001
BTCUSDT,1621555200000,0.0001
BTCUSDT,1621584000000,-1.001e-05
BTCUSDT,1621612800001,7.546e-05
BTCUSDT,1621641600001,-0.00024448
BTCUSDT,1621670400002,0.0001
BTCUSDT,1621699200005,0.0001
BTCUSDT,1621728000006,-5.011e-05
BTCUSDT,1621756800004,-1.059e-05
BTCUSDT,1621785600002,4.696e-05
BTCUSDT,1621814400007,-8.534e-05
BTCUSDT,1621843200005,-9.905e-05
BTCUSDT,1621872000005,2.089e-05
BTCUSDT,1621900800000,0.0001
BTCUSDT,1621929600014,0.0001
BTCUSDT,1621958400000,0.0001
BTCUSDT,1621987200022,0.0001
BTCUSDT,1622016000018,0.0001
BTCUSDT,1622044800004,0.0001
BTCUSDT,1622073600000,0.0001
BTCUSDT,1622102400017,0.0001
BTCUSDT,1622131200000,0.0001
BTCUSDT,1622160000005,0.0001
BTCUSDT,1622188800009,0.0001
BTCUSDT,1622217600000,0.0001
BTCUSDT,1622246400006,0.0001
BTCUSDT,1622275200000,0.0001
BTCUSDT,1622304000000,0.00010375
BTCUSDT,1622332800003,0.0001
BTCUSDT,1622361600004,0.0001
BTCUSDT,1622390400018,0.0001
BTCUSDT,1622419200002,0.0001
BTCUSDT,1622448000000,0.0001
BTCUSDT,1622476800000,0.0001
BTCUSDT,1622505600001,0.0001
BTCUSDT,1622534400010,0.0001
BTCUSDT,1622563200010,0.0001
BTCUSDT,1622592000008,0.0001
BTCUSDT,1622620800000,0.0001
BTCUSDT,1622649600007,0.0001
BTCUSDT,1622678400019,0.0001
BTCUSDT,1622707200002,0.0001
BTCUSDT,1622736000003,0.0001
BTCUSDT,1622764800003,0.0001
BTCUSDT,1622793600006,0.00020566
BTCUSDT,1622822400002,0.0001
BTCUSDT,1622851200000,0.0001
BTCUSDT,1622880000004,0.0001
BTCUSDT,1622908800020,0.0001
BTCUSDT,1622937600000,0.0001
BTCUSDT,1622966400004,0.0001
BTCUSDT,1622995200000,0.0001
BTCUSDT,1623024000007,0.0001
BTCUSDT,1623052800007,0.0001
BTCUSDT,1623081600003,0.0001
BTCUSDT,1623110400000,0.0001
BTCUSDT,1623139200000,1.015e-05
BTCUSDT,1623168000002,0.0001
BTCUSDT,1623196800009,0.0001
BTCUSDT,1623225600002,-5.397e-05
BTCUSDT,1623254400000,-0.00014842
BTCUSDT,1623283200007,-0.00016793
BTCUSDT,1623312000003,6.027e-05
BTCUSDT,1623340800000,0.0001
BTCUSDT,1623369600010,0.0001
BTCUSDT,1623398400007,2.612e-05
BTCUSDT,1623427200006,4.776e-05
BTCUSDT,1623456000005,-7.78e-05
BTCUSDT,1623484800000,0.0001
BTCUSDT,1623513600018,-8.14e-06
BTCUSDT,1623542400002,9.64e-05
BTCUSDT,1623571200000,2.852e-05
BTCUSDT,1623600000003,-6.559e-05
BTCUSDT,1623628800000,0.0001
BTCUSDT,1623657600015,0.0001
BTCUSDT,1623686400000,-3.144e-05
BTCUSDT,1623715200000,8.002e-05
BTCUSDT,1623744000000,0.0001
BTCUSDT,1623772800004,0.0001
BTCUSDT,1623801600004,0.0001
BTCUSDT,1623830400001,0.0001
BTCUSDT,1623859200000,0.0001
BTCUSDT,1623888000004,0.0001
BTCUSDT,1623916800000,0.0001
BTCUSDT,1623945600002,0.0001
BTCUSDT,1623974400009,5.342e-05
BTCUSDT,1624003200014,3.45e-06
BTCUSDT,1624032000007,0.0001
BTCUSDT,1624060800003,-5.205e-05
BTCUSDT,1624089600001,-9.441e-05
BTCUSDT,1624118400000,7.475e-05
BTCUSDT,1624147200005,0.0001
BTCUSDT,1624176000000,0.0001
BTCUSDT,1624204800002,-0.00018437
BTCUSDT,1624233600019,-1.617e-05
BTCUSDT,1624262400000,0.0001
BTCUSDT,1624291200024,-0.00019854
BTCUSDT,1624320000008,7.947e-05
BTCUSDT,1624348800009,0.0001
BTCUSDT,1624377600001,-0.00032806
BTCUSDT,1624406400003,6.7e-07
BTCUSDT,1624435200000,-0.00013693
BTCUSDT,1624464000000,-0.00019895
BTCUSDT,1624492800009,-7.785e-05
BTCUSDT,1624521600018,0.0001
BTCUSDT,1624550400001,-0.00018863
BTCUSDT,1624579200009,2.372e-05
BTCUSDT,1624608000004,0.0001
BTCUSDT,1624636800000,0.0001
BTCUSDT,1624665600007,-0.00011029
BTCUSDT,1624694400000,-0.00013121
BTCUSDT,1624723200002,-0.00010371
BTCUSDT,1624752000005,-0.00023578
BTCUSDT,1624780800010,-0.00052905
BTCUSDT,1624809600001,-0.00026102
BTCUSDT,1624838400025,-2.914e-05
BTCUSDT,1624867200017,3.312e-05
BTCUSDT,1624896000007,0.0001
BTCUSDT,1624924800008,8.346e-05
BTCUSDT,1624953600000,0.0001
BTCUSDT,1624982400000,3.883e-05
BTCUSDT,1625011200011,0.0001
BTCUSDT,1625040000044,0.0001
BTCUSDT,1625068800005,0.0001
BTCUSDT,1625097600000,0.0001
BTCUSDT,1625126400004,0.0001
BTCUSDT,1625155200028,0.0001
BTCUSDT,1625184000002,8.304e-05
BTCUSDT,1625212800016,0.0001
BTCUSDT,1625241600007,-0.00012187
BTCUSDT,1625270400008,-4.866e-05
BTCUSDT,1625299200000,-0.0001355
BTCUSDT,1625328000004,3.53e-05
BTCUSDT,1625356800012,3.235e-05
BTCUSDT,1625385600002,-0.0001527
BTCUSDT,1625414400003,4.428e-05
BTCUSDT,1625443200004,0.0001
BTCUSDT,1625472000000,0.0001
BTCUSDT,1625500800009,-0.0001044
BTCUSDT,1625529600008,-6.81e-06
BTCUSDT,1625558400019,-0.0001114
BTCUSDT,1625587200000,-8.213e-05
BTCUSDT,1625616000007,-0.00013362
BTCUSDT,1625644800001,0.0001
BTCUSDT,1625673600008,0.0001
BTCUSDT,1625702400002,1.382e-05
BTCUSDT,1625731200010,-6.403e-05
BTCUSDT,1625760000003,-0.0002808
BTCUSDT,1625788800000,-0.00010885
BTCUSDT,1625817600006,-0.00017364
BTCUSDT,1625846400000,-0.00018845
BTCUSDT,1625875200002,-8.1e-07
BTCUSDT,1625904000000,7.847e-05
BTCUSDT,1625932800001,7.2e-07
BTCUSDT,1625961600001,7.785e-05
BTCUSDT,1625990400025,0.0001
BTCUSDT,1626019200006,-3.373e-05
BTCUSDT,1626048000000,8.851e-05
BTCUSDT,1626076800021,3.463e-05
BTCUSDT,1626105600000,0.0001
BTCUSDT,1626134400000,0.0001
BTCUSDT,1626163200013,0.0001
BTCUSDT,1626192000005,5.2e-07
BTCUSDT,1626220800000,0.0001
BTCUSDT,1626249600000,1.317e-05
BTCUSDT,1626278400005,-0.00011753
BTCUSDT,1626307200005,-4.883e-05
BTCUSDT,1626336000001,0.0001
BTCUSDT,1626364800000,1.576e-05
BTCUSDT,1626393600000,-0.00011529
BTCUSDT,1626422400000,6.105e-05
BTCUSDT,1626451200001,1.073e-05
BTCUSDT,1626480000004,0.0001
BTCUSDT,1626508800009,-4.343e-05
BTCUSDT,1626537600006,2.365e-05
BTCUSDT,1626566400000,0.0001
BTCUSDT,1626595200001,0.0001
BTCUSDT,1626624000003,-4.434e-05
BTCUSDT,1626652800002,-7.51e-05
BTCUSDT,1626681600006,3.183e-05
BTCUSDT,1626710400006,-1.23e-05
BTCUSDT,1626739200002,-0.00015687
BTCUSDT,1626768000011,-0.00012569
BTCUSDT,1626796800001,-0.00018939
BTCUSDT,1626825600022,-0.00022869
BTCUSDT,1626854400000,-0.00039139
BTCUSDT,1626883200018,-0.00032314
BTCUSDT,1626912000002,-0.00016261
BTCUSDT,1626940800006,1.362e-05
BTCUSDT,1626969600010,1.374e-05
BTCUSDT,1626998400013,3.44e-06
BTCUSDT,1627027200000,-0.00016985
BTCUSDT,1627056000005,-9.9e-06
BTCUSDT,1627084800000,-7.246e-05
BTCUSDT,1627113600002,-0.00013379
BTCUSDT,1627142400001,-0.00010603
BTCUSDT,1627171200003,-0.00025685
BTCUSDT,1627200000015,-0.00021708
BTCUSDT,1627228800000,-5.198e-05
BTCUSDT,1627257600000,-0.00054841
BTCUSDT,1627286400000,0.0001
BTCUSDT,1627315200000,0.0001
BTCUSDT,1627344000046,0.0001
BTCUSDT,1627372800014,0.0001
BTCUSDT,1627401600007,-2.248e-05
BTCUSDT,1627430400000,-2.037e-05
BTCUSDT,1627459200002,0.0001
BTCUSDT,1627488000005,0.0001
BTCUSDT,1627516800004,1.493e-05
BTCUSDT,1627545600000,8.276e-05
BTCUSDT,1627574400007,0.0001
BTCUSDT,1627603200004,0.0001
BTCUSDT,1627632000000,0.0001
BTCUSDT,1627660800000,-2.377e-05
BTCUSDT,1627689600000,0.0001
BTCUSDT,1627718400014,0.0001
BTCUSDT,1627747200003,0.0001
BTCUSDT,1627776000005,0.0001
BTCUSDT,1627804800016,0.0001
BTCUSDT,1627833600001,0.0001
BTCUSDT,1627862400000,0.0001
BTCUSDT,1627891200014,0.0001
BTCUSDT,1627920000021,0.0001
BTCUSDT,1627948800000,0.0001
BTCUSDT,1627977600000,0.0001
BTCUSDT,1628006400009,0.0001
BTCUSDT,1628035200000,0.0001
BTCUSDT,1628064000000,0.0001
BTCUSDT,1628092800003,1.272e-05
BTCUSDT,1628121600000,0.0001
BTCUSDT,1628150400000,0.0001
BTCUSDT,1628179200001,0.0001
BTCUSDT,1628208000000,0.0001
BTCUSDT,1628236800004,0.0001
BTCUSDT,1628265600003,0.0001
BTCUSDT,1628294400015,0.0001
BTCUSDT,1628323200001,0.0001
BTCUSDT,1628352000002,0.0001
BTCUSDT,1628380800000,0.0001
BTCUSDT,1628409600002,0.0001
BTCUSDT,1628438400018,0.0001
BTCUSDT,1628467200000,0.0001
BTCUSDT,1628496000000,0.0001
BTCUSDT,1628524800002,0.0001
BTCUSDT,1628553600000,0.0001
BTCUSDT,1628582400003,0.0001
BTCUSDT,1628611200000,0.0001
BTCUSDT,1628640000006,0.0001
BTCUSDT,1628668800003,0.0001
BTCUSDT,1628697600000,0.0001
BTCUSDT,1628726400013,0.0001
BTCUSDT,1628755200001,0.0001
BTCUSDT,1628784000000,0.0001
BTCUSDT,1628812800000,0.0001
BTCUSDT,1628841600000,0.0001
BTCUSDT,1628870400002,0.0001
BTCUSDT,1628899200006,0.0001
BTCUSDT,1628928000000,0.0001
BTCUSDT,1628956800000,0.0001
BTCUSDT,1628985600003,0.0001
BTCUSDT,1629014400000,0.0001
BTCUSDT,1629043200007,0.0001
BTCUSDT,1629072000012,0.0001
BTCUSDT,1629100800003,0.0001
BTCUSDT,1629129600010,0.00013924
BTCUSDT,1629158400018,0.0001
BTCUSDT,1629187200015,0.0001
BTCUSDT,1629216000006,0.0001
BTCUSDT,1629244800000,0.0001
BTCUSDT,1629273600000,0.0001
BTCUSDT,1629302400011,0.0001
BTCUSDT,1629331200000,0.0001
BTCUSDT,1629360000014,0.0001
BTCUSDT,1629388800000,0.0001
BTCUSDT,1629417600000,0.0001
BTCUSDT,1629446400001,0.00011483
BTCUSDT,1629475200001,0.00014278
BTCUSDT,1629504000005,0.0001
BTCUSDT,1629532800001,0.00020013
BTCUSDT,1629561600000,0.00016694
BTCUSDT,1629590400005,0.0001
BTCUSDT,1629619200007,0.0001
BTCUSDT,1629648000002,0.00014813
BTCUSDT,1629676800003,0.0001
BTCUSDT,1629705600005,0.0003918
BTCUSDT,1629734400002,0.00023983
BTCUSDT,1629763200006,0.000293
BTCUSDT,1629792000004,0.0001
BTCUSDT,1629820800000,0.00041348
BTCUSDT,1629849600015,0.00019568
BTCUSDT,1629878400000,0.0001
BTCUSDT,1629907200000,0.0001
BTCUSDT,1629936000001,0.0001
BTCUSDT,1629964800016,0.00021865
BTCUSDT,1629993600004,0.0001
BTCUSDT,1630022400013,0.0001
BTCUSDT,1630051200001,0.0001
BTCUSDT,1630080000004,0.0001
BTCUSDT,1630108800000,0.0001
BTCUSDT,1630137600000,0.0003224
BTCUSDT,1630166400000,0.00023137
BTCUSDT,1630195200000,0.0001
BTCUSDT,1630224000002,0.0001
BTCUSDT,1630252800005,0.0001
BTCUSDT,1630281600013,0.0001
BTCUSDT,1630310400008,0.0001
BTCUSDT,1630339200000,0.0002255
BTCUSDT,1630368000000,0.00036162
BTCUSDT,1630396800007,0.00027795
BTCUSDT,1630425600003,0.00023354
BTCUSDT,1630454400000,0.00044618
BTCUSDT,1630483200006,0.00027256
BTCUSDT,1630512000000,0.00033967
BTCUSDT,1630540800009,0.0004052
BTCUSDT,1630569600006,0.0004869
BTCUSDT,1630598400007,0.00057405
BTCUSDT,1630627200011,0.00047856
BTCUSDT,1630656000000,0.00033375
BTCUSDT,1630684800002,0.00024375
BTCUSDT,1630713600003,0.00043928
BTCUSDT,1630742400008,0.00011799
BTCUSDT,1630771200009,0.00019219
BTCUSDT,1630800000002,0.0001
BTCUSDT,1630828800002,0.0001
BTCUSDT,1630857600000,0.0001
BTCUSDT,1630886400003,0.00026783
BTCUSDT,1630915200008,0.0001
BTCUSDT,1630944000009,0.0001
BTCUSDT,1630972800004,0.0001
BTCUSDT,1631001600002,0.0001
BTCUSDT,1631030400001,0.00022977
BTCUSDT,1631059200005,0.0001
BTCUSDT,1631088000000,0.0001
BTCUSDT,1631116800000,0.0001
BTCUSDT,1631145600006,0.0001
BTCUSDT,1631174400014,0.0001
BTCUSDT,1631203200002,0.0001
BTCUSDT,1631232000001,0.0001
BTCUSDT,1631260800018,0.0001
BTCUSDT,1631289600006,0.00011115
BTCUSDT,1631318400000,0.0001
BTCUSDT,1631347200001,0.0001
BTCUSDT,1631376000000,0.0001
BTCUSDT,1631404800000,0.0001
BTCUSDT,1631433600002,0.0001
BTCUSDT,1631462400000,0.0001
BTCUSDT,1631491200000,0.0001
BTCUSDT,1631520000007,0.0001
BTCUSDT,1631548800005,0.0001
BTCUSDT,1631577600002,0.0001
BTCUSDT,1631606400000,0.0001
BTCUSDT,1631635200007,0.0001
BTCUSDT,1631664000012,0.0001
BTCUSDT,1631692800003,0.0001
BTCUSDT,1631721600006,0.0001
BTCUSDT,1631750400008,0.0001
BTCUSDT,1631779200005,0.0001
BTCUSDT,1631808000002,0.0001
BTCUSDT,1631836800000,0.0001
BTCUSDT,1631865600047,0.0001
BTCUSDT,1631894400013,0.0001
BTCUSDT,1631923200000,0.0001
BTCUSDT,1631952000010,0.0001
BTCUSDT,1631980800005,0.0001
BTCUSDT,1632009600006,0.0001
BTCUSDT,1632038400015,0.0001
BTCUSDT,1632067200007,0.0001
BTCUSDT,1632096000018,0.0001
BTCUSDT,1632124800000,0.0001
BTCUSDT,1632153600005,0.0001
BTCUSDT,1632182400005,0.0001
BTCUSDT,1632211200007,0.0001
BTCUSDT,1632240000000,0.0001
BTCUSDT,1632268800005,0.0001
BTCUSDT,1632297600006,0.0001
BTCUSDT,1632326400000,0.0001
BTCUSDT,1632355200003,4.744e-05
BTCUSDT,1632384000000,7.835e-05
BTCUSDT,1632412800007,0.0001
BTCUSDT,1632441600000,-7.856e-05
BTCUSDT,1632470400017,-8.536e-05
BTCUSDT,1632499200000,3.978e-05
BTCUSDT,1632528000007,0.0001
BTCUSDT,1632556800002,5.629e-05
BTCUSDT,1632585600004,0.0001
BTCUSDT,1632614400013,2.457e-05
BTCUSDT,1632643200000,0.0001
BTCUSDT,1632672000005,-1.686e-05
BTCUSDT,1632700800000,0.0001
BTCUSDT,1632729600001,0.0001
BTCUSDT,1632758400000,0.0001
BTCUSDT,1632787200000,2.549e-05
BTCUSDT,1632816000014,3.318e-05
BTCUSDT,1632844800000,9.756e-05
BTCUSDT,1632873600000,4.448e-05
BTCUSDT,1632902400002,3.757e-05
BTCUSDT,1632931200000,5.661e-05
BTCUSDT,1632960000000,0.0001
BTCUSDT,1632988800004,0.0001
BTCUSDT,1633017600005,9.235e-05
BTCUSDT,1633046400012,2.202e-05
BTCUSDT,1633075200008,-2.693e-05
BTCUSDT,1633104000000,0.0001
BTCUSDT,1633132800000,5.277e-05
BTCUSDT,1633161600002,3.519e-05
BTCUSDT,1633190400011,5.938e-05
BTCUSDT,1633219200019,0.0001
BTCUSDT,1633248000011,0.0001
BTCUSDT,1633276800004,0.0001
BTCUSDT,1633305600004,0.0001
BTCUSDT,1633334400000,0.0001
BTCUSDT,1633363200000,0.0001
BTCUSDT,1633392000007,0.0001
BTCUSDT,1633420800007,-2.427e-05
BTCUSDT,1633449600004,1.61e-06
BTCUSDT,1633478400002,0.0001
BTCUSDT,1633507200000,0.0001
BTCUSDT,1633536000003,0.0001
BTCUSDT,1633564800007,0.0001
BTCUSDT,1633593600002,0.0002918
BTCUSDT,1633622400000,0.00032669
BTCUSDT,1633651200011,0.00033379
BTCUSDT,1633680000003,0.00023355
BTCUSDT,1633708800002,0.00013417
BTCUSDT,1633737600006,0.0001
BTCUSDT,1633766400003,0.0001
BTCUSDT,1633795200000,0.00015717
BTCUSDT,1633824000000,0.0001
BTCUSDT,1633852800008,0.00020906
BTCUSDT,1633881600000,0.0001
BTCUSDT,1633910400002,0.0001
BTCUSDT,1633939200001,0.0001
BTCUSDT,1633968000006,0.0001
BTCUSDT,1633996800008,0.0001
BTCUSDT,1634025600013,0.0001
BTCUSDT,1634054400003,0.0001
BTCUSDT,1634083200003,0.0001
BTCUSDT,1634112000015,0.0001
BTCUSDT,1634140800000,0.0001
BTCUSDT,1634169600011,0.0001
BTCUSDT,1634198400017,0.00022797
BTCUSDT,1634227200000,0.00017282
BTCUSDT,1634256000005,0.0001
BTCUSDT,1634284800002,0.00036685
BTCUSDT,1634313600005,0.0001
BTCUSDT,1634342400009,0.00048084
BTCUSDT,1634371200000,0.00027876
BTCUSDT,1634400000003,0.00043303
BTCUSDT,1634428800001,0.00031281
BTCUSDT,1634457600002,0.00040131
BTCUSDT,1634486400002,0.0004425
BTCUSDT,1634515200006,0.00038415
BTCUSDT,1634544000004,0.00022227
BTCUSDT,1634572800001,0.0001
BTCUSDT,1634601600002,0.0001
BTCUSDT,1634630400000,0.00014974
BTCUSDT,1634659200000,0.0001
BTCUSDT,1634688000017,0.0001
BTCUSDT,1634716800004,0.0001
BTCUSDT,1634745600020,0.00063237
BTCUSDT,1634774400000,0.00068927
BTCUSDT,1634803200000,0.00057124
BTCUSDT,1634832000008,0.00062183
BTCUSDT,1634860800005,0.00033487
BTCUSDT,1634889600005,0.00024509
BTCUSDT,1634918400018,0.00033222
BTCUSDT,1634947200005,0.00026183
BTCUSDT,1634976000001,0.00014854
BTCUSDT,1635004800004,0.0001739
BTCUSDT,1635033600006,0.00030335
BTCUSDT,1635062400012,0.00037238
BTCUSDT,1635091200001,0.00032862
BTCUSDT,1635120000012,0.00048777
BTCUSDT,1635148800002,0.00020028
BTCUSDT,1635177600022,0.00017861
BTCUSDT,1635206400005,0.00040992
BTCUSDT,1635235200016,0.00060638
BTCUSDT,1635264000000,0.00055995
BTCUSDT,1635292800004,0.00033175
BTCUSDT,1635321600000,0.00030309
BTCUSDT,1635350400002,0.00023017
BTCUSDT,1635379200002,0.00015574
BTCUSDT,1635408000000,0.0001
BTCUSDT,1635436800005,0.00013782
BTCUSDT,1635465600000,0.0002352
BTCUSDT,1635494400007,0.00024122
BTCUSDT,1635523200001,0.00017968
BTCUSDT,1635552000000,0.00016972
BTCUSDT,1635580800001,0.00038483
BTCUSDT,1635609600013,0.00023181
BTCUSDT,1635638400008,0.00019088
BTCUSDT,1635667200010,0.00048915
BTCUSDT,1635696000001,0.00043874
BTCUSDT,1635724800009,0.00032554
BTCUSDT,1635753600014,0.00031437
BTCUSDT,1635782400001,0.00056812
BTCUSDT,1635811200000,0.00015524
BTCUSDT,1635840000007,0.00033216
BTCUSDT,1635868800010,0.00047797
BTCUSDT,1635897600019,0.0008207
BTCUSDT,1635926400000,0.00043965
BTCUSDT,1635955200005,0.00031399
BTCUSDT,1635984000006,0.00045987
BTCUSDT,1636012800004,0.0005075
BTCUSDT,1636041600004,0.00046368
BTCUSDT,1636070400000,0.00018372
BTCUSDT,1636099200013,0.00018568
BTCUSDT,1636128000016,0.00041167
BTCUSDT,1636156800010,0.00053155
BTCUSDT,1636185600000,0.00045326
BTCUSDT,1636214400007,0.00037687
BTCUSDT,1636243200013,0.00017244
BTCUSDT,1636272000005,0.00036277
BTCUSDT,1636300800004,0.00037438
BTCUSDT,1636329600001,0.00025861
BTCUSDT,1636358400000,0.00049328
BTCUSDT,1636387200000,0.0004876
BTCUSDT,1636416000000,0.00038683
BTCUSDT,1636444800014,0.00039251
BTCUSDT,1636473600001,0.00067839
BTCUSDT,1636502400000,0.00037679
BTCUSDT,1636531200003,0.00068212
BTCUSDT,1636560000001,0.00057535
BTCUSDT,1636588800008,0.00023211
BTCUSDT,1636617600012,0.0001
BTCUSDT,1636646400007,0.00021812
BTCUSDT,1636675200000,0.00018008
BTCUSDT,1636704000000,0.00035543
BTCUSDT,1636732800004,0.00036867
BTCUSDT,1636761600000,0.00015442
BTCUSDT,1636790400004,0.00031732
BTCUSDT,1636819200006,0.00021842
BTCUSDT,1636848000010,0.00013962
BTCUSDT,1636876800001,0.0001
BTCUSDT,1636905600000,0.00013059
BTCUSDT,1636934400008,0.00016126
BTCUSDT,1636963200000,0.00020745
BTCUSDT,1636992000000,0.00040989
BTCUSDT,1637020800000,0.00035998
BTCUSDT,1637049600001,0.0001
BTCUSDT,1637078400018,0.0001
BTCUSDT,1637107200005,0.0001
BTCUSDT,1637136000007,0.00013155
BTCUSDT,1637164800003,0.0001
BTCUSDT,1637193600017,0.0001
BTCUSDT,1637222400007,0.0001
BTCUSDT,1637251200011,0.00011235
BTCUSDT,1637280000000,0.0001
BTCUSDT,1637308800000,0.0001
BTCUSDT,1637337600005,0.0001
BTCUSDT,1637366400012,0.0001
BTCUSDT,1637395200000,0.0001
BTCUSDT,1637424000007,0.0001
BTCUSDT,1637452800000,0.0001
BTCUSDT,1637481600006,0.0001
BTCUSDT,1637510400000,0.0001
BTCUSDT,1637539200004,0.0001
BTCUSDT,1637568000000,0.0001
BTCUSDT,1637596800000,0.0001
BTCUSDT,1637625600004,0.0001
BTCUSDT,1637654400010,0.00012897
BTCUSDT,1637683200005,0.0001
BTCUSDT,1637712000001,0.0001
BTCUSDT,1637740800003,0.0001
BTCUSDT,1637769600010,0.0001201
BTCUSDT,1637798400000,0.00014549
BTCUSDT,1637827200010,0.00016775
BTCUSDT,1637856000000,0.00011888
BTCUSDT,1637884800000,0.00013863
BTCUSDT,1637913600000,0.00033741
BTCUSDT,1637942400016,0.0001
BTCUSDT,1637971200005,0.00010824
BTCUSDT,1638000000008,0.0001
BTCUSDT,1638028800007,0.0001
BTCUSDT,1638057600018,0.0001
BTCUSDT,1638086400000,0.0001
BTCUSDT,1638115200004,0.0001
BTCUSDT,1638144000002,0.0001
BTCUSDT,1638172800004,0.0001
BTCUSDT,1638201600000,0.00020774
BTCUSDT,1638230400000,0.0002781
BTCUSDT,1638259200006,0.0001
BTCUSDT,1638288000000,0.0001
BTCUSDT,1638316800000,0.00012689
BTCUSDT,1638345600000,0.00029146
BTCUSDT,1638374400001,0.0001
BTCUSDT,1638403200000,0.00015951
BTCUSDT,1638432000007,0.0001
BTCUSDT,1638460800008,0.0001
BTCUSDT,1638489600004,0.0001
BTCUSDT,1638518400002,0.00011686
BTCUSDT,1638547200006,0.00027198
BTCUSDT,1638576000006,0.0001
BTCUSDT,1638604800004,6.285e-05
BTCUSDT,1638633600000,2.893e-05
BTCUSDT,1638662400003,8.272e-05
BTCUSDT,1638691200008,9.001e-05
BTCUSDT,1638720000007,0.0001
BTCUSDT,1638748800009,0.0001
BTCUSDT,1638777600001,0.0001
BTCUSDT,1638806400000,0.0001
BTCUSDT,1638835200018,0.0001
BTCUSDT,1638864000000,3.977e-05
BTCUSDT,1638892800000,0.0001
BTCUSDT,1638921600000,0.0001
BTCUSDT,1638950400018,0.0001
BTCUSDT,1638979200010,0.0001
BTCUSDT,1639008000010,0.0001
BTCUSDT,1639036800000,0.0001
BTCUSDT,1639065600000,0.0001
BTCUSDT,1639094400000,0.0001
BTCUSDT,1639123200008,0.0001
BTCUSDT,1639152000012,0.0001
BTCUSDT,1639180800009,0.0001
BTCUSDT,1639209600008,0.0001
BTCUSDT,1639238400000,0.0001
BTCUSDT,1639267200001,0.0001
BTCUSDT,1639296000015,0.0001
BTCUSDT,1639324800011,0.0001
BTCUSDT,1639353600006,0.0001
BTCUSDT,1639382400019,0.0001
BTCUSDT,1639411200000,0.0001
BTCUSDT,1639440000004,-4.93e-06
BTCUSDT,1639468800000,0.0001
BTCUSDT,1639497600015,8.838e-05
BTCUSDT,1639526400000,0.0001
BTCUSDT,1639555200008,0.0001
BTCUSDT,1639584000005,0.0001
BTCUSDT,1639612800006,0.0001
BTCUSDT,1639641600009,0.0001
BTCUSDT,1639670400000,0.0001
BTCUSDT,1639699200000,0.0001
BTCUSDT,1639728000005,0.0001
BTCUSDT,1639756800006,4.678e-05
BTCUSDT,1639785600014,9.119e-05
BTCUSDT,1639814400012,9.221e-05
BTCUSDT,1639843200000,8.402e-05
BTCUSDT,1639872000031,7.08e-05
BTCUSDT,1639900800000,0.0001
BTCUSDT,1639929600003,0.0001
BTCUSDT,1639958400015,0.0001
BTCUSDT,1639987200007,0.0001
BTCUSDT,1640016000005,0.0001
BTCUSDT,1640044800003,9.184e-05
BTCUSDT,1640073600012,0.0001
BTCUSDT,1640102400005,0.0001
BTCUSDT,1640131200000,0.0001
BTCUSDT,1640160000001,0.0001
BTCUSDT,1640188800006,0.0001
BTCUSDT,1640217600011,9.72e-05
BTCUSDT,1640246400000,0.0001
BTCUSDT,1640275200000,4.018e-05
BTCUSDT,1640304000005,0.0001
BTCUSDT,1640332800000,0.0001
BTCUSDT,1640361600011,0.0001
BTCUSDT,1640390400000,0.0001
BTCUSDT,1640419200001,0.0001
BTCUSDT,1640448000005,0.0001
BTCUSDT,1640476800004,0.0001
BTCUSDT,1640505600002,0.0001
BTCUSDT,1640534400000,0.0001
BTCUSDT,1640563200002,0.0001
BTCUSDT,1640592000005,0.0001
BTCUSDT,1640620800000,0.0001
BTCUSDT,1640649600000,0.0001
BTCUSDT,1640678400012,0.0001
BTCUSDT,1640707200000,0.0001
BTCUSDT,1640736000006,0.0001
BTCUSDT,1640764800003,0.0001
BTCUSDT,1640793600004,0.0001
BTCUSDT,1640822400003,0.0001
BTCUSDT,1640851200001,0.0001
BTCUSDT,1640880000017,0.0001
BTCUSDT,1640908800006,-3.102e-05
BTCUSDT,1640937600009,0.0001
BTCUSDT,1640966400000,0.0001
BTCUSDT,1640995200006,0.0001
BTCUSDT,1641024000009,0.0001
BTCUSDT,1641052800000,0.0001
BTCUSDT,1641081600028,0.0001
BTCUSDT,1641110400000,0.0001
BTCUSDT,1641139200000,0.0001
BTCUSDT,1641168000010,0.0001
BTCUSDT,1641196800013,0.0001
BTCUSDT,1641225600018,0.0001
BTCUSDT,1641254400000,0.0001
BTCUSDT,1641283200010,0.0001
BTCUSDT,1641312000002,0.0001
BTCUSDT,1641340800001,0.0001
BTCUSDT,1641369600017,0.0001
BTCUSDT,1641398400000,0.0001
BTCUSDT,1641427200002,0.0001
BTCUSDT,1641456000021,0.0001
BTCUSDT,1641484800006,0.0001
BTCUSDT,1641513600005,0.0001
BTCUSDT,1641542400000,0.0001
BTCUSDT,1641571200001,0.0001
BTCUSDT,1641600000014,0.0001
BTCUSDT,1641628800013,0.0001
BTCUSDT,1641657600000,0.0001
BTCUSDT,1641686400003,0.0001
BTCUSDT,1641715200000,0.0001
BTCUSDT,1641744000000,0.0001
BTCUSDT,1641772800000,0.0001
BTCUSDT,1641801600010,4.522e-05
BTCUSDT,1641830400007,0.0001
BTCUSDT,1641859200013,0.0001
BTCUSDT,1641888000004,7.394e-05
BTCUSDT,1641916800000,0.0001
BTCUSDT,1641945600012,-4.772e-05
BTCUSDT,1641974400015,9.625e-05
BTCUSDT,1642003200000,-5.342e-05
BTCUSDT,1642032000007,-7.506e-05
BTCUSDT,1642060800000,0.0001
BTCUSDT,1642089600014,-6.081e-05
BTCUSDT,1642118400000,5.92e-06
BTCUSDT,1642147200006,-9.17e-05
BTCUSDT,1642176000014,-6.655e-05
BTCUSDT,1642204800000,2.282e-05
BTCUSDT,1642233600002,0.0001
BTCUSDT,1642262400000,2.661e-05
BTCUSDT,1642291200000,9.07e-05
BTCUSDT,1642320000017,-2.33e-05
BTCUSDT,1642348800011,3.62e-05
BTCUSDT,1642377600005,1.751e-05
BTCUSDT,1642406400006,6.647e-05
BTCUSDT,1642435200012,0.0001
BTCUSDT,1642464000020,0.0001
BTCUSDT,1642492800000,9.998e-05
BTCUSDT,1642521600013,0.0001
BTCUSDT,1642550400001,4.973e-05
BTCUSDT,1642579200000,0.0001
BTCUSDT,1642608000000,0.0001
BTCUSDT,1642636800015,0.0001
BTCUSDT,1642665600000,0.0001
BTCUSDT,1642694400000,0.0001
BTCUSDT,1642723200007,0.0001
BTCUSDT,1642752000015,4.523e-05
BTCUSDT,1642780800000,8.226e-05
BTCUSDT,1642809600017,-1.051e-05
BTCUSDT,1642838400003,4.122e-05
BTCUSDT,1642867200021,0.0001
BTCUSDT,1642896000026,0.0001
BTCUSDT,1642924800010,-1.256e-05
BTCUSDT,1642953600009,-1.573e-05
BTCUSDT,1642982400010,3.48e-05
BTCUSDT,1643011200000,5.605e-05
BTCUSDT,1643040000021,5.009e-05
BTCUSDT,1643068800000,0.0001
BTCUSDT,1643097600000,8.126e-05
BTCUSDT,1643126400012,-0.00010008
BTCUSDT,1643155200000,6.76e-06
BTCUSDT,1643184000001,-1.905e-05
BTCUSDT,1643212800005,-4.13e-05
BTCUSDT,1643241600004,-4.869e-05
BTCUSDT,1643270400004,-0.00010186
BTCUSDT,1643299200019,-7.554e-05
BTCUSDT,1643328000000,-4.93e-06
BTCUSDT,1643356800000,7.165e-05
BTCUSDT,1643385600025,2.88e-05
BTCUSDT,1643414400017,-1.093e-05
BTCUSDT,1643443200000,5.239e-05
BTCUSDT,1643472000013,-3.029e-05
BTCUSDT,1643500800025,6.05e-05
BTCUSDT,1643529600009,9.126e-05
BTCUSDT,1643558400000,0.0001
BTCUSDT,1643587200000,8.927e-05
BTCUSDT,1643616000000,-7.369e-05
BTCUSDT,1643644800000,-5.648e-05
BTCUSDT,1643673600010,-4e-05
BTCUSDT,1643702400000,6.113e-05
BTCUSDT,1643731200004,-6.256e-05
BTCUSDT,1643760000004,-2.905e-05
BTCUSDT,1643788800000,0.0001
BTCUSDT,1643817600002,2.553e-05
BTCUSDT,1643846400002,-7.716e-05
BTCUSDT,1643875200000,1.168e-05
BTCUSDT,1643904000000,-1.533e-05
BTCUSDT,1643932800018,1.462e-05
BTCUSDT,1643961600005,-8.571e-05
BTCUSDT,1643990400010,0.0001
BTCUSDT,1644019200014,7.457e-05
BTCUSDT,1644048000000,0.0001
BTCUSDT,1644076800000,0.0001
BTCUSDT,1644105600000,0.0001
BTCUSDT,1644134400000,0.0001
BTCUSDT,1644163200000,0.0001
BTCUSDT,1644192000003,1.477e-05
BTCUSDT,1644220800014,5.264e-05
BTCUSDT,1644249600003,-9.617e-05
BTCUSDT,1644278400001,0.0001
BTCUSDT,1644307200003,0.0001
BTCUSDT,1644336000002,0.0001
BTCUSDT,1644364800000,8.216e-05
BTCUSDT,1644393600005,5.826e-05
BTCUSDT,1644422400001,5.12e-05
BTCUSDT,1644451200012,0.0001
BTCUSDT,1644480000000,-1.799e-05
BTCUSDT,1644508800006,0.0001
BTCUSDT,1644537600000,3.895e-05
BTCUSDT,1644566400009,-5.238e-05
BTCUSDT,1644595200015,-7.643e-05
BTCUSDT,1644624000020,0.0001
BTCUSDT,1644652800001,0.0001
BTCUSDT,1644681600007,0.0001
BTCUSDT,1644710400022,8.047e-05
BTCUSDT,1644739200001,7.937e-05
BTCUSDT,1644768000007,6.814e-05
BTCUSDT,1644796800005,9.717e-05
BTCUSDT,1644825600013,2.867e-05
BTCUSDT,1644854400019,6.445e-05
BTCUSDT,1644883200012,0.0001
BTCUSDT,1644912000005,-7.76e-05
BTCUSDT,1644940800011,5.462e-05
BTCUSDT,1644969600009,0.0001
BTCUSDT,1644998400001,0.0001
BTCUSDT,1645027200014,0.0001
BTCUSDT,1645056000018,0.0001
BTCUSDT,1645084800000,0.0001
BTCUSDT,1645113600010,0.0001
BTCUSDT,1645142400000,-4.38e-06
BTCUSDT,1645171200002,-2.923e-05
BTCUSDT,1645200000000,-9.36e-06
BTCUSDT,1645228800007,0.0001
BTCUSDT,1645257600000,9.61e-06
BTCUSDT,1645286400023,7.71e-05
BTCUSDT,1645315200001,3.023e-05
BTCUSDT,1645344000003,6.581e-05
BTCUSDT,1645372800001,-7.517e-05
BTCUSDT,1645401600000,6.5e-05
BTCUSDT,1645430400001,-4.498e-05
BTCUSDT,1645459200005,-3.473e-05
BTCUSDT,1645488000005,-5.357e-05
BTCUSDT,1645516800000,2.477e-05
BTCUSDT,1645545600000,-3.085e-05
BTCUSDT,1645574400002,-2.623e-05
BTCUSDT,1645603200005,-0.00012603
BTCUSDT,1645632000010,-3.332e-05
BTCUSDT,1645660800008,6.475e-05
BTCUSDT,1645689600003,-0.00016045
BTCUSDT,1645718400001,-9.21e-05
BTCUSDT,1645747200000,0.0001
BTCUSDT,1645776000006,6.22e-05
BTCUSDT,1645804800001,9.98e-06
BTCUSDT,1645833600004,9.332e-05
BTCUSDT,1645862400004,0.0001
BTCUSDT,1645891200007,7.614e-05
BTCUSDT,1645920000012,5.574e-05
BTCUSDT,1645948800000,1.803e-05
BTCUSDT,1645977600000,-6.28e-06
BTCUSDT,1646006400000,-0.00021167
BTCUSDT,1646035200001,-8.986e-05
BTCUSDT,1646064000002,-5.386e-05
BTCUSDT,1646092800002,0.0001
BTCUSDT,1646121600001,0.0001
BTCUSDT,1646150400000,4.369e-05
BTCUSDT,1646179200000,-5.07e-06
BTCUSDT,1646208000000,0.0001
BTCUSDT,1646236800002,0.0001
BTCUSDT,1646265600000,0.0001
BTCUSDT,1646294400000,0.0001
BTCUSDT,1646323200005,0.0001
BTCUSDT,1646352000018,0.0001
BTCUSDT,1646380800000,0.0001
BTCUSDT,1646409600000,0.0001
BTCUSDT,1646438400006,0.0001
BTCUSDT,1646467200004,0.0001
BTCUSDT,1646496000000,1.656e-05
BTCUSDT,1646524800004,4.115e-05
BTCUSDT,1646553600000,-9.6e-06
BTCUSDT,1646582400013,1.957e-05
BTCUSDT,1646611200008,3.18e-06
BTCUSDT,1646640000006,-8.983e-05
BTCUSDT,1646668800000,-3.177e-05
BTCUSDT,1646697600008,3.378e-05
BTCUSDT,1646726400002,0.0001
BTCUSDT,1646755200000,0.0001
BTCUSDT,1646784000008,6.776e-05
BTCUSDT,1646812800000,0.0001
BTCUSDT,1646841600004,0.0001
BTCUSDT,1646870400000,0.0001
BTCUSDT,1646899200017,8.28e-05
BTCUSDT,1646928000000,-8.919e-05
BTCUSDT,1646956800008,-9.808e-05
BTCUSDT,1646985600000,-7.765e-05
BTCUSDT,1647014400001,4.301e-05
BTCUSDT,1647043200010,-3.07e-06
BTCUSDT,1647072000001,3.168e-05
BTCUSDT,1647100800002,-3.565e-05
BTCUSDT,1647129600008,-5.855e-05
BTCUSDT,1647158400000,6.13e-06
BTCUSDT,1647187200002,-5.741e-05
BTCUSDT,1647216000014,-8.009e-05
BTCUSDT,1647244800005,-6.699e-05
BTCUSDT,1647273600002,2.708e-05
BTCUSDT,1647302400008,5.726e-05
BTCUSDT,1647331200000,4.476e-05
BTCUSDT,1647360000006,9.061e-05
BTCUSDT,1647388800013,0.0001
BTCUSDT,1647417600000,5.871e-05
BTCUSDT,1647446400008,0.0001
BTCUSDT,1647475200004,0.0001
BTCUSDT,1647504000000,0.0001
BTCUSDT,1647532800004,0.0001
BTCUSDT,1647561600000,0.0001
BTCUSDT,1647590400000,1.662e-05
BTCUSDT,1647619200017,0.0001
BTCUSDT,1647648000008,0.0001
BTCUSDT,1647676800015,0.0001
BTCUSDT,1647705600000,0.0001
BTCUSDT,1647734400000,0.0001
BTCUSDT,1647763200001,0.0001
BTCUSDT,1647792000002,0.0001
BTCUSDT,1647820800013,0.0001
BTCUSDT,1647849600004,-9.54e-06
BTCUSDT,1647878400010,-9.3e-07
BTCUSDT,1647907200012,0.0001
BTCUSDT,1647936000001,0.0001
BTCUSDT,1647964800022,0.0001
BTCUSDT,1647993600007,0.0001
BTCUSDT,1648022400000,0.0001
BTCUSDT,1648051200006,7.014e-05
BTCUSDT,1648080000013,1.664e-05
BTCUSDT,1648108800006,8e-06
BTCUSDT,1648137600020,-9.07e-06
BTCUSDT,1648166400010,6.7e-06
BTCUSDT,1648195200001,9.286e-05
BTCUSDT,1648224000014,5.473e-05
BTCUSDT,1648252800020,9.739e-05
BTCUSDT,1648281600006,-7.111e-05
BTCUSDT,1648310400000,0.0001
BTCUSDT,1648339200004,-8.253e-05
BTCUSDT,1648368000001,1.306e-05
BTCUSDT,1648396800006,0.0001
BTCUSDT,1648425600012,0.0001
BTCUSDT,1648454400007,0.0001
BTCUSDT,1648483200000,0.0001
BTCUSDT,1648512000000,0.0001
BTCUSDT,1648540800015,0.0001
BTCUSDT,1648569600000,9.594e-05
BTCUSDT,1648598400000,0.0001
BTCUSDT,1648627200002,0.0001
BTCUSDT,1648656000028,0.0001
BTCUSDT,1648684800017,0.0001
BTCUSDT,1648713600000,0.0001
BTCUSDT,1648742400015,0.0001
BTCUSDT,1648771200000,0.0001
BTCUSDT,1648800000000,7.626e-05
BTCUSDT,1648828800018,9.193e-05
BTCUSDT,1648857600000,0.0001
BTCUSDT,1648886400002,0.0001
BTCUSDT,1648915200006,0.0001
BTCUSDT,1648944000018,0.0001
BTCUSDT,1648972800018,0.0001
BTCUSDT,1649001600015,0.0001
BTCUSDT,1649030400006,0.0001
BTCUSDT,1649059200000,0.0001
BTCUSDT,1649088000016,0.0001
BTCUSDT,1649116800000,0.0001
BTCUSDT,1649145600010,0.0001
BTCUSDT,1649174400008,0.0001
BTCUSDT,1649203200001,9.898e-05
BTCUSDT,1649232000021,0.0001
BTCUSDT,1649260800000,0.0001
BTCUSDT,1649289600009,0.0001
BTCUSDT,1649318400000,0.0001
BTCUSDT,1649347200000,2.421e-05
BTCUSDT,1649376000000,4.306e-05
BTCUSDT,1649404800004,0.0001
BTCUSDT,1649433600008,0.0001
BTCUSDT,1649462400008,0.0001
BTCUSDT,1649491200000,9.279e-05
BTCUSDT,1649520000001,0.0001
BTCUSDT,1649548800004,2.721e-05
BTCUSDT,1649577600007,6.231e-05
BTCUSDT,1649606400016,0.0001
BTCUSDT,1649635200000,2.43e-06
BTCUSDT,1649664000000,0.0001
BTCUSDT,1649692800009,0.0001
BTCUSDT,1649721600000,-6.795e-05
BTCUSDT,1649750400006,-0.00010012
BTCUSDT,1649779200013,-7.001e-05
BTCUSDT,1649808000005,-1.692e-05
BTCUSDT,1649836800008,7.53e-06
BTCUSDT,1649865600013,-1.485e-05
BTCUSDT,1649894400007,5.018e-05
BTCUSDT,1649923200000,3.533e-05
BTCUSDT,1649952000006,4.423e-05
BTCUSDT,1649980800008,-0.00013233
BTCUSDT,1650009600002,-6.805e-05
BTCUSDT,1650038400000,7.697e-05
BTCUSDT,1650067200011,2.197e-05
BTCUSDT,1650096000007,5.199e-05
BTCUSDT,1650124800007,6.201e-05
BTCUSDT,1650153600000,7.2e-06
BTCUSDT,1650182400004,9.838e-05
BTCUSDT,1650211200000,0.0001
BTCUSDT,1650240000008,-3.231e-05
BTCUSDT,1650268800012,-0.00017197
BTCUSDT,1650297600000,-5.436e-05
BTCUSDT,1650326400021,0.0001
BTCUSDT,1650355200031,6.251e-05
BTCUSDT,1650384000000,-5.028e-05
BTCUSDT,1650412800025,9.45e-05
BTCUSDT,1650441600003,9.543e-05
BTCUSDT,1650470400000,3.714e-05
BTCUSDT,1650499200000,1.77e-06
BTCUSDT,1650528000000,-5.245e-05
BTCUSDT,1650556800024,5.359e-05
BTCUSDT,1650585600008,3.026e-05
BTCUSDT,1650614400008,-0.00016984
BTCUSDT,1650643200008,-4.15e-06
BTCUSDT,1650672000000,-9.023e-05
BTCUSDT,1650700800000,-7.562e-05
BTCUSDT,1650729600012,-0.00011883
BTCUSDT,1650758400004,-0.00018273
BTCUSDT,1650787200003,-0.00015276
BTCUSDT,1650816000000,-3.654e-05
BTCUSDT,1650844800008,-8.908e-05
BTCUSDT,1650873600018,-7.844e-05
BTCUSDT,1650902400000,7.223e-05
BTCUSDT,1650931200014,0.0001
BTCUSDT,1650960000000,0.0001
BTCUSDT,1650988800017,0.0001
BTCUSDT,1651017600012,-0.0001264
BTCUSDT,1651046400000,-0.00011034
BTCUSDT,1651075200002,1.968e-05
BTCUSDT,1651104000000,-5.716e-05
BTCUSDT,1651132800004,-5.544e-05
BTCUSDT,1651161600030,0.0001
BTCUSDT,1651190400000,0.0001
BTCUSDT,1651219200016,0.0001
BTCUSDT,1651248000010,2.628e-05
BTCUSDT,1651276800000,-9.371e-05
BTCUSDT,1651305600005,4.536e-05
BTCUSDT,1651334400015,5.926e-05
BTCUSDT,1651363200000,2.403e-05
BTCUSDT,1651392000000,9.5e-07
BTCUSDT,1651420800010,0.0001
BTCUSDT,1651449600018,0.0001
BTCUSDT,1651478400007,9e-05
BTCUSDT,1651507200000,0.0001
BTCUSDT,1651536000006,0.0001
BTCUSDT,1651564800000,0.0001
BTCUSDT,1651593600021,0.0001
BTCUSDT,1651622400007,0.0001
BTCUSDT,1651651200011,2.504e-05
BTCUSDT,1651680000000,0.0001
BTCUSDT,1651708800005,0.0001
BTCUSDT,1651737600019,0.0001
BTCUSDT,1651766400005,0.0001
BTCUSDT,1651795200005,-0.0001346
BTCUSDT,1651824000001,-5.734e-05
BTCUSDT,1651852800010,4.197e-05
BTCUSDT,1651881600004,-5.273e-05
BTCUSDT,1651910400016,5.998e-05
BTCUSDT,1651939200011,7.13e-06
BTCUSDT,1651968000000,-2.659e-05
BTCUSDT,1651996800007,0.0001
BTCUSDT,1652025600015,0.0001
BTCUSDT,1652054400000,0.0001
BTCUSDT,1652083200001,0.0001
BTCUSDT,1652112000000,0.0001
BTCUSDT,1652140800000,0.0001
BTCUSDT,1652169600007,0.0001
BTCUSDT,1652198400008,0.0001
BTCUSDT,1652227200004,7.58e-05
BTCUSDT,1652256000007,6.939e-05
BTCUSDT,1652284800008,-3.512e-05
BTCUSDT,1652313600014,-0.00018773
BTCUSDT,1652342400000,-0.00041995
BTCUSDT,1652371200007,-0.00014678
BTCUSDT,1652400000014,-7.127e-05
BTCUSDT,1652428800001,-6.05e-06
BTCUSDT,1652457600000,6.045e-05
BTCUSDT,1652486400000,0.0001
BTCUSDT,1652515200000,0.0001
BTCUSDT,1652544000001,0.0001
BTCUSDT,1652572800000,8.29e-05
BTCUSDT,1652601600000,0.0001
BTCUSDT,1652630400000,9.053e-05
BTCUSDT,1652659200021,0.0001
BTCUSDT,1652688000013,8.883e-05
BTCUSDT,1652716800006,4.94e-05
BTCUSDT,1652745600000,0.0001
BTCUSDT,1652774400010,-7.1e-06
BTCUSDT,1652803200023,4.705e-05
BTCUSDT,1652832000003,-6.956e-05
BTCUSDT,1652860800024,-5.753e-05
BTCUSDT,1652889600014,2.893e-05
BTCUSDT,1652918400000,-3.41e-06
BTCUSDT,1652947200008,5.624e-05
BTCUSDT,1652976000015,7.465e-05
BTCUSDT,1653004800001,0.0001
BTCUSDT,1653033600003,0.0001
BTCUSDT,1653062400012,0.0001
BTCUSDT,1653091200008,-2.02e-06
BTCUSDT,1653120000001,-2.146e-05
BTCUSDT,1653148800007,2.549e-05
BTCUSDT,1653177600003,2.41e-05
BTCUSDT,1653206400016,-3.063e-05
BTCUSDT,1653235200000,0.0001
BTCUSDT,1653264000011,0.0001
BTCUSDT,1653292800000,0.0001
BTCUSDT,1653321600023,0.0001
BTCUSDT,1653350400011,-0.00012372
BTCUSDT,1653379200000,-6.76e-06
BTCUSDT,1653408000009,2.892e-05
BTCUSDT,1653436800001,3.679e-05
BTCUSDT,1653465600000,0.0001
BTCUSDT,1653494400015,0.0001
BTCUSDT,1653523200005,7.516e-05
BTCUSDT,1653552000001,0.0001
BTCUSDT,1653580800000,7.21e-06
BTCUSDT,1653609600007,0.0001
BTCUSDT,1653638400008,0.0001
BTCUSDT,1653667200000,0.0001
BTCUSDT,1653696000018,0.0001
BTCUSDT,1653724800016,8.712e-05
BTCUSDT,1653753600013,0.0001
BTCUSDT,1653782400000,0.0001
BTCUSDT,1653811200025,0.0001
BTCUSDT,1653840000002,0.0001
BTCUSDT,1653868800000,0.0001
BTCUSDT,1653897600013,0.0001
BTCUSDT,1653926400005,0.0001
BTCUSDT,1653955200016,0.0001
BTCUSDT,1653984000000,0.0001
BTCUSDT,1654012800000,0.0001
BTCUSDT,1654041600000,0.0001
BTCUSDT,1654070400011,0.0001
BTCUSDT,1654099200000,0.0001
BTCUSDT,1654128000000,-1.452e-05
BTCUSDT,1654156800006,2.265e-05
BTCUSDT,1654185600021,2.107e-05
BTCUSDT,1654214400016,-3.378e-05
BTCUSDT,1654243200016,-1.456e-05
BTCUSDT,1654272000012,6.937e-05
BTCUSDT,1654300800005,2.7e-06
BTCUSDT,1654329600000,4.795e-05
BTCUSDT,1654358400007,5.506e-05
BTCUSDT,1654387200005,4.358e-05
BTCUSDT,1654416000015,2.828e-05
BTCUSDT,1654444800000,4.753e-05
BTCUSDT,1654473600000,6.036e-05
BTCUSDT,1654502400017,9.656e-05
BTCUSDT,1654531200000,0.0001
BTCUSDT,1654560000000,0.0001
BTCUSDT,1654588800011,-0.00010234
BTCUSDT,1654617600000,-3.705e-05
BTCUSDT,1654646400008,0.0001
BTCUSDT,1654675200020,0.0001
BTCUSDT,1654704000012,0.0001
BTCUSDT,1654732800000,0.0001
BTCUSDT,1654761600000,9.106e-05
BTCUSDT,1654790400000,0.0001
BTCUSDT,1654819200009,0.0001
BTCUSDT,1654848000000,9.289e-05
BTCUSDT,1654876800006,3.503e-05
BTCUSDT,1654905600018,1.762e-05
BTCUSDT,1654934400014,3.79e-06
BTCUSDT,1654963200000,6.606e-05
BTCUSDT,1654992000015,0.0001
BTCUSDT,1655020800019,5.63e-06
BTCUSDT,1655049600010,4.39e-06
BTCUSDT,1655078400009,5.616e-05
BTCUSDT,1655107200000,-3.182e-05
BTCUSDT,1655136000007,-5.8e-06
BTCUSDT,1655164800013,4.088e-05
BTCUSDT,1655193600008,-0.00010037
BTCUSDT,1655222400006,-5.186e-05
BTCUSDT,1655251200000,-2.077e-05
BTCUSDT,1655280000016,-7.24e-05
BTCUSDT,1655308800008,-6.66e-06
BTCUSDT,1655337600009,-4.114e-05
BTCUSDT,1655366400016,4.475e-05
BTCUSDT,1655395200000,-5.277e-05
BTCUSDT,1655424000008,-2.222e-05
BTCUSDT,1655452800003,-9.486e-05
BTCUSDT,1655481600000,5.092e-05
BTCUSDT,1655510400020,7.356e-05
BTCUSDT,1655539200025,4.575e-05
BTCUSDT,1655568000014,5.227e-05
BTCUSDT,1655596800012,4.243e-05
BTCUSDT,1655625600012,-4.559e-05
BTCUSDT,1655654400008,7.239e-05
BTCUSDT,1655683200016,8.73e-06
BTCUSDT,1655712000000,-5.4e-06
BTCUSDT,1655740800013,6.08e-05
BTCUSDT,1655769600012,0.0001
BTCUSDT,1655798400018,4.967e-05
BTCUSDT,1655827200010,2.028e-05
BTCUSDT,1655856000000,1.78e-06
BTCUSDT,1655884800001,-2.982e-05
BTCUSDT,1655913600012,-1.64e-05
BTCUSDT,1655942400000,-8.72e-06
BTCUSDT,1655971200000,-1.577e-05
BTCUSDT,1656000000016,-2.656e-05
BTCUSDT,1656028800005,6.006e-05
BTCUSDT,1656057600004,0.0001
BTCUSDT,1656086400018,0.0001
BTCUSDT,1656115200001,2.621e-05
BTCUSDT,1656144000010,0.0001
BTCUSDT,1656172800000,0.0001
BTCUSDT,1656201600002,0.0001
BTCUSDT,1656230400016,0.0001
BTCUSDT,1656259200006,6.69e-06
BTCUSDT,1656288000008,7.82e-05
BTCUSDT,1656316800000,3.533e-05
BTCUSDT,1656345600016,6.102e-05
BTCUSDT,1656374400016,-2.586e-05
BTCUSDT,1656403200001,-5.613e-05
BTCUSDT,1656432000005,2.435e-05
BTCUSDT,1656460800000,4.188e-05
BTCUSDT,1656489600013,8.335e-05
BTCUSDT,1656518400000,5.319e-05
BTCUSDT,1656547200000,3.24e-06
BTCUSDT,1656576000000,-5.159e-05
BTCUSDT,1656604800000,-0.00015879
BTCUSDT,1656633600001,-8.786e-05
BTCUSDT,1656662400017,3.106e-05
BTCUSDT,1656691200005,-8.061e-05
BTCUSDT,1656720000000,-2.913e-05
BTCUSDT,1656748800000,5.218e-05
BTCUSDT,1656777600008,2.12e-05
BTCUSDT,1656806400015,3.57e-05
BTCUSDT,1656835200004,4.779e-05
BTCUSDT,1656864000005,7.251e-05
BTCUSDT,1656892800021,7.792e-05
BTCUSDT,1656921600001,4.63e-05
BTCUSDT,1656950400000,2.248e-05
BTCUSDT,1656979200000,5.291e-05
BTCUSDT,1657008000000,0.0001
BTCUSDT,1657036800015,1.2e-06
BTCUSDT,1657065600006,0.0001
BTCUSDT,1657094400000,0.0001
BTCUSDT,1657123200000,8.373e-05
BTCUSDT,1657152000010,5.274e-05
BTCUSDT,1657180800010,0.0001
BTCUSDT,1657209600011,0.0001
BTCUSDT,1657238400008,2.12e-06
BTCUSDT,1657267200009,0.0001
BTCUSDT,1657296000000,0.0001
BTCUSDT,1657324800000,0.0001
BTCUSDT,1657353600000,0.0001
BTCUSDT,1657382400009,6.143e-05
BTCUSDT,1657411200001,9.962e-05
BTCUSDT,1657440000002,0.0001
BTCUSDT,1657468800001,0.0001
BTCUSDT,1657497600000,4.543e-05
BTCUSDT,1657526400003,7.236e-05
BTCUSDT,1657555200001,8.5e-05
BTCUSDT,1657584000000,8.003e-05
BTCUSDT,1657612800021,6.433e-05
BTCUSDT,1657641600000,2.667e-05
BTCUSDT,1657670400012,-1.204e-05
BTCUSDT,1657699200022,6.17e-06
BTCUSDT,1657728000005,-1.218e-05
BTCUSDT,1657756800017,5.7e-07
BTCUSDT,1657785600001,0.0001
BTCUSDT,1657814400000,3.451e-05
BTCUSDT,1657843200004,9.257e-05
BTCUSDT,1657872000019,1.401e-05
BTCUSDT,1657900800017,1.601e-05
BTCUSDT,1657929600021,6.055e-05
BTCUSDT,1657958400014,7.996e-05
BTCUSDT,1657987200005,8e-06
BTCUSDT,1658016000000,8.038e-05
BTCUSDT,1658044800003,0.0001
BTCUSDT,1658073600007,8.709e-05
BTCUSDT,1658102400001,0.0001
BTCUSDT,1658131200004,0.0001
BTCUSDT,1658160000019,0.0001
BTCUSDT,1658188800000,0.0001
BTCUSDT,1658217600000,0.0001
BTCUSDT,1658246400001,0.0001
BTCUSDT,1658275200004,0.0001
BTCUSDT,1658304000000,0.0001
BTCUSDT,1658332800003,8.118e-05
BTCUSDT,1658361600000,0.0001
BTCUSDT,1658390400018,0.0001
BTCUSDT,1658419200011,0.0001
BTCUSDT,1658448000014,0.0001
BTCUSDT,1658476800000,0.0001
BTCUSDT,1658505600000,5.172e-05
BTCUSDT,1658534400004,9.043e-05
BTCUSDT,1658563200002,1.021e-05
BTCUSDT,1658592000001,0.0001
BTCUSDT,1658620800000,3.77e-05
BTCUSDT,1658649600011,0.0001
BTCUSDT,1658678400000,8.293e-05
BTCUSDT,1658707200000,0.0001
BTCUSDT,1658736000014,1.238e-05
BTCUSDT,1658764800006,2.319e-05
BTCUSDT,1658793600010,0.0001
BTCUSDT,1658822400000,3.654e-05
BTCUSDT,1658851200000,8.659e-05
BTCUSDT,1658880000008,4.591e-05
BTCUSDT,1658908800000,5.085e-05
BTCUSDT,1658937600003,2.951e-05
BTCUSDT,1658966400009,9.229e-05
BTCUSDT,1658995200008,0.0001
BTCUSDT,1659024000013,0.0001
BTCUSDT,1659052800000,0.0001
BTCUSDT,1659081600000,0.0001
BTCUSDT,1659110400000,0.0001
BTCUSDT,1659139200005,0.0001
BTCUSDT,1659168000009,0.0001
BTCUSDT,1659196800000,0.0001
BTCUSDT,1659225600022,0.0001
BTCUSDT,1659254400011,0.0001
BTCUSDT,1659283200019,6.281e-05
BTCUSDT,1659312000010,0.0001
BTCUSDT,1659340800019,0.0001
BTCUSDT,1659369600017,6.449e-05
BTCUSDT,1659398400000,0.0001
BTCUSDT,1659427200007,9.733e-05
BTCUSDT,1659456000014,5.885e-05
BTCUSDT,1659484800001,3.28e-06
BTCUSDT,1659513600020,-3.96e-05
BTCUSDT,1659542400008,4.382e-05
BTCUSDT,1659571200001,-1.91e-06
BTCUSDT,1659600000009,1.778e-05
BTCUSDT,1659628800015,1.436e-05
BTCUSDT,1659657600005,1.692e-05
BTCUSDT,1659686400000,6.774e-05
BTCUSDT,1659715200000,2.115e-05
BTCUSDT,1659744000021,6.888e-05
BTCUSDT,1659772800000,8.589e-05
BTCUSDT,1659801600015,0.0001
BTCUSDT,1659830400013,0.0001
BTCUSDT,1659859200000,-7.37e-06
BTCUSDT,1659888000014,2.401e-05
BTCUSDT,1659916800009,0.0001
BTCUSDT,1659945600006,2.79e-05
BTCUSDT,1659974400000,0.0001
BTCUSDT,1660003200020,0.0001
BTCUSDT,1660032000000,7.92e-05
BTCUSDT,1660060800000,0.0001
BTCUSDT,1660089600000,-1.314e-05
BTCUSDT,1660118400016,5.81e-06
BTCUSDT,1660147200018,9.44e-05
BTCUSDT,1660176000012,7.206e-05
BTCUSDT,1660204800000,0.0001
BTCUSDT,1660233600000,4.911e-05
BTCUSDT,1660262400006,9.024e-05
BTCUSDT,1660291200000,1.412e-05
BTCUSDT,1660320000005,-3.384e-05
BTCUSDT,1660348800012,-3.559e-05
BTCUSDT,1660377600006,8.455e-05
BTCUSDT,1660406400018,2.154e-05
BTCUSDT,1660435200000,2.396e-05
BTCUSDT,1660464000000,-3.33e-06
BTCUSDT,1660492800000,1.239e-05
BTCUSDT,1660521600010,-3.766e-05
BTCUSDT,1660550400002,1.077e-05
BTCUSDT,1660579200010,-1.339e-05
BTCUSDT,1660608000010,3.243e-05
BTCUSDT,1660636800002,1.56e-06
BTCUSDT,1660665600000,2.87e-05
BTCUSDT,1660694400020,4.66e-06
BTCUSDT,1660723200016,2.62e-06
BTCUSDT,1660752000001,9.364e-05
BTCUSDT,1660780800005,8.391e-05
BTCUSDT,1660809600012,0.0001
BTCUSDT,1660838400013,7.171e-05
BTCUSDT,1660867200000,0.0001
BTCUSDT,1660896000000,2.108e-05
BTCUSDT,1660924800009,-6.746e-05
BTCUSDT,1660953600000,1.07e-05
BTCUSDT,1660982400005,-6.722e-05
BTCUSDT,1661011200000,-4.567e-05
BTCUSDT,1661040000010,-1.957e-05
BTCUSDT,1661068800013,-3.589e-05
BTCUSDT,1661097600000,-3.234e-05
BTCUSDT,1661126400011,-8.092e-05
BTCUSDT,1661155200005,-3.215e-05
BTCUSDT,1661184000005,4.021e-05
BTCUSDT,1661212800000,-3.345e-05
BTCUSDT,1661241600021,-4.031e-05
BTCUSDT,1661270400005,8.46e-06
BTCUSDT,1661299200017,2.509e-05
BTCUSDT,1661328000021,-4.353e-05
BTCUSDT,1661356800000,-3.538e-05
BTCUSDT,1661385600003,1.28e-06
BTCUSDT,1661414400000,1.547e-05
BTCUSDT,1661443200004,4.481e-05
BTCUSDT,1661472000001,-1.707e-05
BTCUSDT,1661500800004,3.207e-05
BTCUSDT,1661529600000,2.599e-05
BTCUSDT,1661558400010,-2.808e-05
BTCUSDT,1661587200007,-6.29e-05
BTCUSDT,1661616000008,-4.396e-05
BTCUSDT,1661644800019,-1.396e-05
BTCUSDT,1661673600000,-8.758e-05
BTCUSDT,1661702400000,-2.443e-05
BTCUSDT,1661731200000,-0.00013623
BTCUSDT,1661760000000,-0.00010056
BTCUSDT,1661788800001,-6.193e-05
BTCUSDT,1661817600001,1.123e-05
BTCUSDT,1661846400005,-3.356e-05
BTCUSDT,1661875200010,-5.903e-05
BTCUSDT,1661904000000,-2.089e-05
BTCUSDT,1661932800005,5.779e-05
BTCUSDT,1661961600013,4.95e-05
BTCUSDT,1661990400012,9.39e-05
BTCUSDT,1662019200000,2.266e-05
BTCUSDT,1662048000013,3.63e-05
BTCUSDT,1662076800002,2.498e-05
BTCUSDT,1662105600013,4.905e-05
BTCUSDT,1662134400000,4.443e-05
BTCUSDT,1662163200000,-1.99e-06
BTCUSDT,1662192000002,9.442e-05
BTCUSDT,1662220800007,1.115e-05
BTCUSDT,1662249600008,5.88e-06
BTCUSDT,1662278400009,5.463e-05
BTCUSDT,1662307200000,2.119e-05
BTCUSDT,1662336000015,8.292e-05
BTCUSDT,1662364800013,-7.37e-06
BTCUSDT,1662393600007,4.712e-05
BTCUSDT,1662422400018,-2.45e-06
BTCUSDT,1662451200020,3.43e-06
BTCUSDT,1662480000028,3.473e-05
BTCUSDT,1662508800013,-8.601e-05
BTCUSDT,1662537600022,2.729e-05
BTCUSDT,1662566400021,-3.48e-05
BTCUSDT,1662595200010,6.2e-06
BTCUSDT,1662624000000,3.327e-05
BTCUSDT,1662652800003,5.667e-05
BTCUSDT,1662681600011,1.312e-05
BTCUSDT,1662710400000,0.0001
BTCUSDT,1662739200000,0.0001
BTCUSDT,1662768000003,0.0001
BTCUSDT,1662796800000,9.764e-05
BTCUSDT,1662825600012,0.0001
BTCUSDT,1662854400009,7.115e-05
BTCUSDT,1662883200012,0.0001
BTCUSDT,1662912000005,6.712e-05
BTCUSDT,1662940800007,0.0001
BTCUSDT,1662969600013,8.246e-05
BTCUSDT,1662998400000,0.0001
BTCUSDT,1663027200004,9.965e-05
BTCUSDT,1663056000000,0.0001
BTCUSDT,1663084800000,0.0001
BTCUSDT,1663113600000,-3.953e-05
BTCUSDT,1663142400000,7.27e-06
BTCUSDT,1663171200000,1.004e-05
BTCUSDT,1663200000019,3.24e-06
BTCUSDT,1663228800012,0.0001
BTCUSDT,1663257600007,8.13e-06
BTCUSDT,1663286400000,8.055e-05
BTCUSDT,1663315200000,4.349e-05
BTCUSDT,1663344000000,2.919e-05
BTCUSDT,1663372800000,3.024e-05
BTCUSDT,1663401600012,4.336e-05
BTCUSDT,1663430400017,1.467e-05
BTCUSDT,1663459200000,6.428e-05
BTCUSDT,1663488000004,7.82e-05
BTCUSDT,1663516800000,3.564e-05
BTCUSDT,1663545600018,3.581e-05
BTCUSDT,1663574400006,-9.289e-05
BTCUSDT,1663603200010,6e-06
BTCUSDT,1663632000007,7.813e-05
BTCUSDT,1663660800001,5.855e-05
BTCUSDT,1663689600000,1.721e-05
BTCUSDT,1663718400001,5.185e-05
BTCUSDT,1663747200005,1.478e-05
BTCUSDT,1663776000000,2.732e-05
BTCUSDT,1663804800000,-0.00011779
BTCUSDT,1663833600000,-6.911e-05
BTCUSDT,1663862400011,7.743e-05
BTCUSDT,1663891200023,7.261e-05
BTCUSDT,1663920000004,2.959e-05
BTCUSDT,1663948800005,-5.008e-05
BTCUSDT,1663977600000,2.947e-05
BTCUSDT,1664006400005,1.676e-05
BTCUSDT,1664035200000,5.345e-05
BTCUSDT,1664064000010,9.99e-06
BTCUSDT,1664092800000,3.653e-05
BTCUSDT,1664121600003,2.593e-05
BTCUSDT,1664150400001,-6.6e-06
BTCUSDT,1664179200006,3.696e-05
BTCUSDT,1664208000000,4.497e-05
BTCUSDT,1664236800026,2.244e-05
BTCUSDT,1664265600004,0.0001
BTCUSDT,1664294400006,8.538e-05
BTCUSDT,1664323200011,1.141e-05
BTCUSDT,1664352000000,-1.071e-05
BTCUSDT,1664380800000,5.332e-05
BTCUSDT,1664409600010,5.681e-05
BTCUSDT,1664438400000,7.641e-05
BTCUSDT,1664467200000,6.685e-05
BTCUSDT,1664496000006,0.0001
BTCUSDT,1664524800002,0.0001
BTCUSDT,1664553600007,0.0001
BTCUSDT,1664582400008,3.198e-05
BTCUSDT,1664611200011,0.0001
BTCUSDT,1664640000000,7.005e-05
BTCUSDT,1664668800000,4.262e-05
BTCUSDT,1664697600000,5.816e-05
BTCUSDT,1664726400006,5.384e-05
BTCUSDT,1664755200000,3.996e-05
BTCUSDT,1664784000014,8.316e-05
BTCUSDT,1664812800010,0.0001
BTCUSDT,1664841600006,0.0001
BTCUSDT,1664870400004,0.0001
BTCUSDT,1664899200013,0.0001
BTCUSDT,1664928000000,0.0001
BTCUSDT,1664956800000,0.0001
BTCUSDT,1664985600012,0.0001
BTCUSDT,1665014400008,0.0001
BTCUSDT,1665043200002,0.0001
BTCUSDT,1665072000006,0.0001
BTCUSDT,1665100800000,0.0001
BTCUSDT,1665129600000,0.0001
BTCUSDT,1665158400007,7.513e-05
BTCUSDT,1665187200010,3.85e-05
BTCUSDT,1665216000004,7.345e-05
BTCUSDT,1665244800018,4.149e-05
BTCUSDT,1665273600000,3.246e-05
BTCUSDT,1665302400007,1.776e-05
BTCUSDT,1665331200011,1.951e-05
BTCUSDT,1665360000018,6.241e-05
BTCUSDT,1665388800000,6.069e-05
BTCUSDT,1665417600026,0.0001
BTCUSDT,1665446400020,0.0001
BTCUSDT,1665475200027,0.0001
BTCUSDT,1665504000000,0.0001
BTCUSDT,1665532800014,0.0001
BTCUSDT,1665561600000,0.0001
BTCUSDT,1665590400000,0.0001
BTCUSDT,1665619200013,7.466e-05
BTCUSDT,1665648000016,0.0001
BTCUSDT,1665676800009,3.936e-05
BTCUSDT,1665705600020,3.235e-05
BTCUSDT,1665734400000,0.0001
BTCUSDT,1665763200009,8.395e-05
BTCUSDT,1665792000001,4.317e-05
BTCUSDT,1665820800005,3.772e-05
BTCUSDT,1665849600004,4.563e-05
BTCUSDT,1665878400012,2.735e-05
BTCUSDT,1665907200000,4.61e-06
BTCUSDT,1665936000010,3.394e-05
BTCUSDT,1665964800012,3.31e-06
BTCUSDT,1665993600010,4.84e-05
BTCUSDT,1666022400017,6.458e-05
BTCUSDT,1666051200010,0.0001
BTCUSDT,1666080000008,0.0001
BTCUSDT,1666108800000,0.0001
BTCUSDT,1666137600007,7.598e-05
BTCUSDT,1666166400022,0.0001
BTCUSDT,1666195200016,0.0001
BTCUSDT,1666224000000,0.0001
BTCUSDT,1666252800013,6.021e-05
BTCUSDT,1666281600000,2.095e-05
BTCUSDT,1666310400005,4.708e-05
BTCUSDT,1666339200018,4.483e-05
BTCUSDT,1666368000000,-8.9e-06
BTCUSDT,1666396800000,3.721e-05
BTCUSDT,1666425600015,8.36e-05
BTCUSDT,1666454400000,-3.19e-06
BTCUSDT,1666483200025,4.152e-05
BTCUSDT,1666512000000,1.171e-05
BTCUSDT,1666540800004,5.174e-05
BTCUSDT,1666569600009,0.0001
BTCUSDT,1666598400012,0.0001
BTCUSDT,1666627200002,2.328e-05
BTCUSDT,1666656000013,4.327e-05
BTCUSDT,1666684800013,9.019e-05
BTCUSDT,1666713600000,-1.66e-06
BTCUSDT,1666742400006,2.243e-05
BTCUSDT,1666771200013,5.665e-05
BTCUSDT,1666800000000,6.122e-05
BTCUSDT,1666828800009,1.3e-07
BTCUSDT,1666857600006,-2.276e-05
BTCUSDT,1666886400009,1.376e-05
BTCUSDT,1666915200000,-1.228e-05
BTCUSDT,1666944000000,3.541e-05
BTCUSDT,1666972800007,-2.629e-05
BTCUSDT,1667001600000,2.484e-05
BTCUSDT,1667030400003,4.755e-05
BTCUSDT,1667059200010,4.205e-05
BTCUSDT,1667088000000,-2.515e-05
BTCUSDT,1667116800013,3.212e-05
BTCUSDT,1667145600009,5.135e-05
BTCUSDT,1667174400012,1.504e-05
BTCUSDT,1667203200000,3.842e-05
BTCUSDT,1667232000010,-4.34e-06
BTCUSDT,1667260800000,7.22e-06
BTCUSDT,1667289600000,-1.088e-05
BTCUSDT,1667318400000,1.302e-05
BTCUSDT,1667347200000,4.787e-05
BTCUSDT,1667376000000,1.203e-05
BTCUSDT,1667404800019,6.046e-05
BTCUSDT,1667433600011,2.68e-05
BTCUSDT,1667462400016,4.4e-06
BTCUSDT,1667491200005,6.94e-05
BTCUSDT,1667520000000,4.429e-05
BTCUSDT,1667548800004,1.148e-05
BTCUSDT,1667577600020,6.899e-05
BTCUSDT,1667606400009,4.409e-05
BTCUSDT,1667635200007,4.541e-05
BTCUSDT,1667664000018,0.0001
BTCUSDT,1667692800009,6.491e-05
BTCUSDT,1667721600000,9.732e-05
BTCUSDT,1667750400010,6.866e-05
BTCUSDT,1667779200012,7.813e-05
BTCUSDT,1667808000014,0.0001
BTCUSDT,1667836800006,0.0001
BTCUSDT,1667865600000,6.515e-05
BTCUSDT,1667894400001,-7.88e-06
BTCUSDT,1667923200005,9.446e-05
BTCUSDT,1667952000000,-0.00013884
BTCUSDT,1667980800013,7.305e-05
BTCUSDT,1668009600004,-0.00032976
BTCUSDT,1668038400006,-0.00119172
BTCUSDT,1668067200000,-0.00111953
BTCUSDT,1668096000015,-0.00023833
BTCUSDT,1668124800000,-0.00019452
BTCUSDT,1668153600015,-7.277e-05
BTCUSDT,1668182400027,-5.802e-05
BTCUSDT,1668211200007,5.3e-05
BTCUSDT,1668240000016,-2.406e-05
BTCUSDT,1668268800000,6.521e-05
BTCUSDT,1668297600004,3.33e-06
BTCUSDT,1668326400000,-7.357e-05
BTCUSDT,1668355200017,2.816e-05
BTCUSDT,1668384000000,-3.809e-05
BTCUSDT,1668412800000,-7.645e-05
BTCUSDT,1668441600000,-1.132e-05
BTCUSDT,1668470400014,-0.00010925
BTCUSDT,1668499200009,-0.00017664
BTCUSDT,1668528000010,2.275e-05
BTCUSDT,1668556800011,-0.00013216
BTCUSDT,1668585600004,1.121e-05
BTCUSDT,1668614400008,-6.617e-05
BTCUSDT,1668643200000,-4.542e-05
BTCUSDT,1668672000000,-5.138e-05
BTCUSDT,1668700800006,-2.701e-05
BTCUSDT,1668729600004,-2.836e-05
BTCUSDT,1668758400016,2.398e-05
BTCUSDT,1668787200000,9.55e-06
BTCUSDT,1668816000000,5.556e-05
BTCUSDT,1668844800004,7.897e-05
BTCUSDT,1668873600024,-1.169e-05
BTCUSDT,1668902400015,-7.79e-06
BTCUSDT,1668931200004,3.552e-05
BTCUSDT,1668960000000,-9.79e-06
BTCUSDT,1668988800006,7.898e-05
BTCUSDT,1669017600015,-1.218e-05
BTCUSDT,1669046400000,2.302e-05
BTCUSDT,1669075200000,-7.485e-05
BTCUSDT,1669104000000,2.033e-05
BTCUSDT,1669132800000,7.881e-05
BTCUSDT,1669161600000,9.406e-05
BTCUSDT,1669190400011,0.0001
BTCUSDT,1669219200014,-3.9e-06
BTCUSDT,1669248000007,5.42e-05
BTCUSDT,1669276800014,2.012e-05
BTCUSDT,1669305600013,6.272e-05
BTCUSDT,1669334400004,2.058e-05
BTCUSDT,1669363200015,4.61e-06
BTCUSDT,1669392000000,1.329e-05
BTCUSDT,1669420800011,3.859e-05
BTCUSDT,1669449600000,-2.455e-05
BTCUSDT,1669478400000,3.523e-05
BTCUSDT,1669507200012,1.063e-05
BTCUSDT,1669536000000,-3.066e-05
BTCUSDT,1669564800003,3.784e-05
BTCUSDT,1669593600015,2.303e-05
BTCUSDT,1669622400004,5.36e-06
BTCUSDT,1669651200011,2.1e-07
BTCUSDT,1669680000000,4.76e-05
BTCUSDT,1669708800015,-3.85e-06
BTCUSDT,1669737600000,4.171e-05
BTCUSDT,1669766400007,3.404e-05
BTCUSDT,1669795200000,4.038e-05
BTCUSDT,1669824000015,9.511e-05
BTCUSDT,1669852800001,1.029e-05
BTCUSDT,1669881600006,-5.001e-05
BTCUSDT,1669910400000,0.0001
BTCUSDT,1669939200001,8.203e-05
BTCUSDT,1669968000016,2.825e-05
BTCUSDT,1669996800017,-3.753e-05
BTCUSDT,1670025600006,3.302e-05
BTCUSDT,1670054400000,5.123e-05
BTCUSDT,1670083200011,0.0001
BTCUSDT,1670112000006,6.174e-05
BTCUSDT,1670140800000,6.437e-05
BTCUSDT,1670169600006,4.581e-05
BTCUSDT,1670198400002,5.4e-07
BTCUSDT,1670227200011,-4.218e-05
BTCUSDT,1670256000008,4.603e-05
BTCUSDT,1670284800014,2.206e-05
BTCUSDT,1670313600027,4.118e-05
BTCUSDT,1670342400009,2.305e-05
BTCUSDT,1670371200000,7.887e-05
BTCUSDT,1670400000000,6.58e-06
BTCUSDT,1670428800000,-1.492e-05
BTCUSDT,1670457600006,1.183e-05
BTCUSDT,1670486400000,2.152e-05
BTCUSDT,1670515200014,1.67e-06
BTCUSDT,1670544000017,1.178e-05
BTCUSDT,1670572800005,4.007e-05
BTCUSDT,1670601600000,3.198e-05
BTCUSDT,1670630400009,-1.669e-05
BTCUSDT,1670659200010,-6.87e-06
BTCUSDT,1670688000001,1.711e-05
BTCUSDT,1670716800011,9.29e-06
BTCUSDT,1670745600007,8.73e-06
BTCUSDT,1670774400011,6.92e-06
BTCUSDT,1670803200000,2.406e-05
BTCUSDT,1670832000004,2.638e-05
BTCUSDT,1670860800000,-1.67e-05
BTCUSDT,1670889600000,3.003e-05
BTCUSDT,1670918400018,1.971e-05
BTCUSDT,1670947200011,0.0001
BTCUSDT,1670976000010,0.0001
BTCUSDT,1671004800015,0.0001
BTCUSDT,1671033600004,0.0001
BTCUSDT,1671062400000,0.0001
BTCUSDT,1671091200023,0.0001
BTCUSDT,1671120000010,5.18e-05
BTCUSDT,1671148800016,4.842e-05
BTCUSDT,1671177600011,5.706e-05
BTCUSDT,1671206400001,-1.987e-05
BTCUSDT,1671235200001,2.013e-05
BTCUSDT,1671264000011,7.81e-05
BTCUSDT,1671292800011,9.707e-05
BTCUSDT,1671321600008,6.274e-05
BTCUSDT,1671350400001,6.828e-05
BTCUSDT,1671379200012,-6.47e-06
BTCUSDT,1671408000000,6.468e-05
BTCUSDT,1671436800000,3.493e-05
BTCUSDT,1671465600000,4.496e-05
BTCUSDT,1671494400005,5.611e-05
BTCUSDT,1671523200016,-1.2e-07
BTCUSDT,1671552000000,3.401e-05
BTCUSDT,1671580800007,3.778e-05
BTCUSDT,1671609600012,7.742e-05
BTCUSDT,1671638400017,7.582e-05
BTCUSDT,1671667200004,2.918e-05
BTCUSDT,1671696000000,8.167e-05
BTCUSDT,1671724800001,7.198e-05
BTCUSDT,1671753600018,0.0001
BTCUSDT,1671782400000,0.0001
BTCUSDT,1671811200000,8.903e-05
BTCUSDT,1671840000001,0.0001
BTCUSDT,1671868800007,4.748e-05
BTCUSDT,1671897600008,6.222e-05
BTCUSDT,1671926400000,5.21e-06
BTCUSDT,1671955200013,1.855e-05
BTCUSDT,1671984000000,3.06e-05
BTCUSDT,1672012800001,3.319e-05
BTCUSDT,1672041600000,-5.064e-05
BTCUSDT,1672070400005,2.871e-05
BTCUSDT,1672099200005,8.655e-05
BTCUSDT,1672128000010,1.102e-05
BTCUSDT,1672156800006,1.951e-05
BTCUSDT,1672185600010,4.252e-05
BTCUSDT,1672214400010,9.764e-05
BTCUSDT,1672243200010,2.111e-05
BTCUSDT,1672272000011,9.985e-05
BTCUSDT,1672300800000,8.532e-05
BTCUSDT,1672329600008,0.0001
BTCUSDT,1672358400000,0.0001
BTCUSDT,1672387200000,7.132e-05
BTCUSDT,1672416000000,0.0001
BTCUSDT,1672444800014,0.0001
BTCUSDT,1672473600000,0.0001
BTCUSDT,1672502400000,0.0001
BTCUSDT,1672531200000,0.0001
BTCUSDT,1672560000008,0.0001
BTCUSDT,1672588800000,6.91e-06
BTCUSDT,1672617600000,-1.488e-05
BTCUSDT,1672646400008,-4.356e-05
BTCUSDT,1672675200015,2.67e-05
BTCUSDT,1672704000003,0.0001
BTCUSDT,1672732800018,8.977e-05
BTCUSDT,1672761600000,3.322e-05
BTCUSDT,1672790400000,6.489e-05
BTCUSDT,1672819200016,3.388e-05
BTCUSDT,1672848000011,4.931e-05
BTCUSDT,1672876800009,5.417e-05
BTCUSDT,1672905600011,4.436e-05
BTCUSDT,1672934400000,7.264e-05
BTCUSDT,1672963200005,5.587e-05
BTCUSDT,1672992000001,6.591e-05
BTCUSDT,1673020800000,8.658e-05
BTCUSDT,1673049600006,2.508e-05
BTCUSDT,1673078400017,6.71e-06
BTCUSDT,1673107200000,0.0001
BTCUSDT,1673136000015,5.657e-05
BTCUSDT,1673164800000,0.0001
BTCUSDT,1673193600010,7.452e-05
BTCUSDT,1673222400003,5.796e-05
BTCUSDT,1673251200000,-6.66e-06
BTCUSDT,1673280000006,9.05e-06
BTCUSDT,1673308800003,2.417e-05
BTCUSDT,1673337600021,9.685e-05
BTCUSDT,1673366400000,3.129e-05
BTCUSDT,1673395200011,2.761e-05
BTCUSDT,1673424000006,2.477e-05
BTCUSDT,1673452800004,-2.11e-06
BTCUSDT,1673481600000,7.549e-05
BTCUSDT,1673510400000,0.0001
BTCUSDT,1673539200000,0.0001
BTCUSDT,1673568000004,0.0001
BTCUSDT,1673596800000,0.0001
BTCUSDT,1673625600018,7.16e-05
BTCUSDT,1673654400000,8.746e-05
BTCUSDT,1673683200001,0.00045847
BTCUSDT,1673712000000,0.0001
BTCUSDT,1673740800010,0.00013712
BTCUSDT,1673769600002,0.00012434
BTCUSDT,1673798400000,0.00019892
BTCUSDT,1673827200010,0.0001
BTCUSDT,1673856000007,0.0001
BTCUSDT,1673884800000,0.0001
BTCUSDT,1673913600004,0.0001
BTCUSDT,1673942400005,0.0001
BTCUSDT,1673971200001,0.0001
BTCUSDT,1674000000008,0.0001
BTCUSDT,1674028800009,0.0001
BTCUSDT,1674057600017,0.0001
BTCUSDT,1674086400000,0.0001
BTCUSDT,1674115200015,0.0001
BTCUSDT,1674144000012,0.0001
BTCUSDT,1674172800000,0.0001
BTCUSDT,1674201600000,0.0001
BTCUSDT,1674230400000,0.0001
BTCUSDT,1674259200013,0.0001
BTCUSDT,1674288000001,0.0001
BTCUSDT,1674316800016,0.0001
BTCUSDT,1674345600000,0.0001
BTCUSDT,1674374400000,0.0001
BTCUSDT,1674403200023,0.0001
BTCUSDT,1674432000014,0.0001
BTCUSDT,1674460800014,0.0001
BTCUSDT,1674489600016,0.0001
BTCUSDT,1674518400008,0.0001
BTCUSDT,1674547200008,0.0001
BTCUSDT,1674576000000,0.0001
BTCUSDT,1674604800012,0.0001
BTCUSDT,1674633600000,0.0001
BTCUSDT,1674662400010,0.0001
BTCUSDT,1674691200010,0.0001
BTCUSDT,1674720000003,0.0001
BTCUSDT,1674748800020,0.0001
BTCUSDT,1674777600008,0.0001
BTCUSDT,1674806400000,9.541e-05
BTCUSDT,1674835200000,0.0001
BTCUSDT,1674864000009,0.0001
BTCUSDT,1674892800018,0.0001
BTCUSDT,1674921600005,0.0001
BTCUSDT,1674950400011,0.0001
BTCUSDT,1674979200000,0.0001
BTCUSDT,1675008000008,0.0001
BTCUSDT,1675036800001,0.0001
BTCUSDT,1675065600000,0.0001
BTCUSDT,1675094400000,0.0001
BTCUSDT,1675123200005,0.0001
BTCUSDT,1675152000000,0.0001
BTCUSDT,1675180800007,0.0001
BTCUSDT,1675209600013,0.0001
BTCUSDT,1675238400000,0.0001
BTCUSDT,1675267200012,0.0001
BTCUSDT,1675296000004,0.0001
BTCUSDT,1675324800023,0.0001
BTCUSDT,1675353600003,0.0001
BTCUSDT,1675382400010,0.0001
BTCUSDT,1675411200000,0.0001
BTCUSDT,1675440000000,0.0001
BTCUSDT,1675468800010,0.0001
BTCUSDT,1675497600000,0.0001
BTCUSDT,1675526400000,0.0001
BTCUSDT,1675555200016,0.0001
BTCUSDT,1675584000009,0.0001
BTCUSDT,1675612800018,0.0001
BTCUSDT,1675641600001,0.0001
BTCUSDT,1675670400000,0.0001
BTCUSDT,1675699200012,0.0001
BTCUSDT,1675728000004,0.0001
BTCUSDT,1675756800011,0.0001
BTCUSDT,1675785600018,0.0001
BTCUSDT,1675814400009,0.0001
BTCUSDT,1675843200010,0.0001
BTCUSDT,1675872000000,0.0001
BTCUSDT,1675900800014,0.0001
BTCUSDT,1675929600006,0.0001
BTCUSDT,1675958400001,0.0001
BTCUSDT,1675987200012,0.0001
BTCUSDT,1676016000005,0.0001
BTCUSDT,1676044800020,0.0001
BTCUSDT,1676073600007,7.684e-05
BTCUSDT,1676102400002,5.572e-05
BTCUSDT,1676131200021,5.241e-05
BTCUSDT,1676160000004,5.343e-05
BTCUSDT,1676188800000,0.0001
BTCUSDT,1676217600002,2.27e-05
BTCUSDT,1676246400006,2.074e-05
BTCUSDT,1676275200008,6.323e-05
BTCUSDT,1676304000002,0.0001
BTCUSDT,1676332800013,0.0001
BTCUSDT,1676361600014,0.0001
BTCUSDT,1676390400016,8.887e-05
BTCUSDT,1676419200011,2.377e-05
BTCUSDT,1676448000000,2.63e-05
BTCUSDT,1676476800005,9.071e-05
BTCUSDT,1676505600019,0.0001
BTCUSDT,1676534400000,0.0001
BTCUSDT,1676563200001,0.00023171
BTCUSDT,1676592000003,0.0001
BTCUSDT,1676620800016,0.0001
BTCUSDT,1676649600000,0.0001
BTCUSDT,1676678400011,0.0001
BTCUSDT,1676707200000,0.0001
BTCUSDT,1676736000007,0.0001
BTCUSDT,1676764800019,0.0001
BTCUSDT,1676793600005,0.0001
BTCUSDT,1676822400003,0.0001
BTCUSDT,1676851200006,0.0001
BTCUSDT,1676880000008,0.0001
BTCUSDT,1676908800006,0.0001
BTCUSDT,1676937600001,0.0001
BTCUSDT,1676966400004,0.0001
BTCUSDT,1676995200011,0.0001
BTCUSDT,1677024000009,0.0001
BTCUSDT,1677052800010,0.0001
BTCUSDT,1677081600000,0.0001
BTCUSDT,1677110400006,0.0001
BTCUSDT,1677139200005,3.506e-05
BTCUSDT,1677168000002,3.631e-05
BTCUSDT,1677196800015,4.978e-05
BTCUSDT,1677225600011,4.949e-05
BTCUSDT,1677254400014,5.44e-05
BTCUSDT,1677283200015,1.183e-05
BTCUSDT,1677312000015,6.1e-06
BTCUSDT,1677340800015,-4.8e-07
BTCUSDT,1677369600007,7.372e-05
BTCUSDT,1677398400012,2.76e-05
BTCUSDT,1677427200000,6.581e-05
BTCUSDT,1677456000011,8.144e-05
BTCUSDT,1677484800003,1.196e-05
BTCUSDT,1677513600000,6.826e-05
BTCUSDT,1677542400011,3.414e-05
BTCUSDT,1677571200018,1.985e-05
BTCUSDT,1677600000005,5.95e-05
BTCUSDT,1677628800016,1.85e-06
BTCUSDT,1677657600000,0.0001
BTCUSDT,1677686400008,0.0001
BTCUSDT,1677715200009,8.612e-05
BTCUSDT,1677744000013,8.703e-05
BTCUSDT,1677772800000,8.395e-05
BTCUSDT,1677801600000,0.0001
BTCUSDT,1677830400013,-4.203e-05
BTCUSDT,1677859200000,-2.26e-06
BTCUSDT,1677888000001,5.3e-06
BTCUSDT,1677916800008,3.812e-05
BTCUSDT,1677945600012,2.104e-05
BTCUSDT,1677974400000,1.874e-05
BTCUSDT,1678003200000,5.44e-06
BTCUSDT,1678032000015,3.706e-05
BTCUSDT,1678060800007,4.054e-05
BTCUSDT,1678089600017,5.46e-05
BTCUSDT,1678118400000,5.414e-05
BTCUSDT,1678147200009,1.173e-05
BTCUSDT,1678176000016,4.375e-05
BTCUSDT,1678204800017,2.631e-05
BTCUSDT,1678233600000,2.917e-05
BTCUSDT,1678262400014,3.816e-05
BTCUSDT,1678291200021,0.0001
BTCUSDT,1678320000010,0.0001
BTCUSDT,1678348800013,0.0001
BTCUSDT,1678377600002,0.0001
BTCUSDT,1678406400000,-8.895e-05
BTCUSDT,1678435200000,5.26e-06
BTCUSDT,1678464000005,-1.647e-05
BTCUSDT,1678492800011,2.364e-05
BTCUSDT,1678521600003,-2.296e-05
BTCUSDT,1678550400011,-2.341e-05
BTCUSDT,1678579200001,3.76e-06
BTCUSDT,1678608000000,9.088e-05
BTCUSDT,1678636800005,-4.068e-05
BTCUSDT,1678665600010,0.0001
BTCUSDT,1678694400018,6.011e-05
BTCUSDT,1678723200003,0.0001
BTCUSDT,1678752000010,0.00015042
BTCUSDT,1678780800009,0.0001
BTCUSDT,1678809600010,0.00029811
BTCUSDT,1678838400011,0.0001
BTCUSDT,1678867200000,0.00024127
BTCUSDT,1678896000012,0.00022126
BTCUSDT,1678924800004,0.0001
BTCUSDT,1678953600018,0.0001
BTCUSDT,1678982400005,0.0001
BTCUSDT,1679011200017,3.311e-05
BTCUSDT,1679040000010,0.0001
BTCUSDT,1679068800003,0.0001
BTCUSDT,1679097600012,0.0001
BTCUSDT,1679126400000,0.0001
BTCUSDT,1679155200016,0.0001
BTCUSDT,1679184000013,0.0001
BTCUSDT,1679212800024,0.0001
BTCUSDT,1679241600000,0.0001
BTCUSDT,1679270400005,0.0001
BTCUSDT,1679299200012,9.081e-05
BTCUSDT,1679328000015,0.0001
BTCUSDT,1679356800006,8.118e-05
BTCUSDT,1679385600004,1.254e-05
BTCUSDT,1679414400003,2.92e-06
BTCUSDT,1679443200000,2.68e-06
BTCUSDT,1679472000003,6e-08
BTCUSDT,1679500800000,5.334e-05
BTCUSDT,1679529600016,2.48e-06
BTCUSDT,1679558400001,-1.09e-05
BTCUSDT,1679587200013,0.0001
BTCUSDT,1679616000013,0.0001
BTCUSDT,1679644800012,0.0001
BTCUSDT,1679673600027,0.0001
BTCUSDT,1679702400015,-3.1e-06
BTCUSDT,1679731200011,4.25e-06
BTCUSDT,1679760000011,2.92e-06
BTCUSDT,1679788800000,6.1e-07
BTCUSDT,1679817600015,-3.326e-05
BTCUSDT,1679846400000,3.634e-05
BTCUSDT,1679875200019,2.905e-05
BTCUSDT,1679904000009,2.409e-05
BTCUSDT,1679932800000,-3.96e-06
BTCUSDT,1679961600007,-1.428e-05
BTCUSDT,1679990400000,1.123e-05
BTCUSDT,1680019200013,7.531e-05
BTCUSDT,1680048000010,6.075e-05
BTCUSDT,1680076800006,7.098e-05
BTCUSDT,1680105600014,0.0001
BTCUSDT,1680134400000,6.987e-05
BTCUSDT,1680163200000,5.638e-05
BTCUSDT,1680192000006,1.123e-05
BTCUSDT,1680220800003,-2.712e-05
BTCUSDT,1680249600006,6.358e-05
BTCUSDT,1680278400011,0.0001
BTCUSDT,1680307200000,0.0001
BTCUSDT,1680336000000,0.0001
BTCUSDT,1680364800018,8.84e-05
BTCUSDT,1680393600013,4.527e-05
BTCUSDT,1680422400014,6.893e-05
BTCUSDT,1680451200001,4.514e-05
BTCUSDT,1680480000000,1.759e-05
BTCUSDT,1680508800013,-1.24e-05
BTCUSDT,1680537600011,5.688e-05
BTCUSDT,1680566400002,-6.009e-05
BTCUSDT,1680595200017,-1.357e-05
BTCUSDT,1680624000008,-1.276e-05
BTCUSDT,1680652800000,2.76e-05
BTCUSDT,1680681600016,8.517e-05
BTCUSDT,1680710400004,5.265e-05
BTCUSDT,1680739200000,1.442e-05
BTCUSDT,1680768000011,3.598e-05
BTCUSDT,1680796800000,-2.975e-05
BTCUSDT,1680825600006,1.004e-05
BTCUSDT,1680854400005,-1.473e-05
BTCUSDT,1680883200000,1.055e-05
BTCUSDT,1680912000000,2.68e-06
BTCUSDT,1680940800014,4.66e-06
BTCUSDT,1680969600018,3.192e-05
BTCUSDT,1680998400013,9.5e-06
BTCUSDT,1681027200024,-9.04e-06
BTCUSDT,1681056000010,-8.53e-06
BTCUSDT,1681084800000,0.0001
BTCUSDT,1681113600010,0.0001
BTCUSDT,1681142400006,6.167e-05
BTCUSDT,1681171200008,0.0001
BTCUSDT,1681200000007,0.0001
BTCUSDT,1681228800016,0.0001
BTCUSDT,1681257600006,9.582e-05
BTCUSDT,1681286400008,8.195e-05
BTCUSDT,1681315200014,1.747e-05
BTCUSDT,1681344000027,6.665e-05
BTCUSDT,1681372800010,4.427e-05
BTCUSDT,1681401600000,0.0001
BTCUSDT,1681430400001,-1.13e-06
BTCUSDT,1681459200008,0.0001
BTCUSDT,1681488000007,3.42e-05
BTCUSDT,1681516800007,-4.975e-05
BTCUSDT,1681545600007,8.455e-05
BTCUSDT,1681574400011,0.0001
BTCUSDT,1681603200014,7.144e-05
BTCUSDT,1681632000007,0.0001
BTCUSDT,1681660800002,0.0001
BTCUSDT,1681689600017,0.0001
BTCUSDT,1681718400006,7.376e-05
BTCUSDT,1681747200000,0.0001
BTCUSDT,1681776000013,4.683e-05
BTCUSDT,1681804800017,-5.1e-06
BTCUSDT,1681833600000,6.772e-05
BTCUSDT,1681862400022,0.0001
BTCUSDT,1681891200014,6.231e-05
BTCUSDT,1681920000000,-8.1e-07
BTCUSDT,1681948800010,8.579e-05
BTCUSDT,1681977600012,3.668e-05
BTCUSDT,1682006400012,5.898e-05
BTCUSDT,1682035200009,6.297e-05
BTCUSDT,1682064000009,0.0001
BTCUSDT,1682092800003,0.0001
BTCUSDT,1682121600000,0.0001
BTCUSDT,1682150400000,6.858e-05
BTCUSDT,1682179200016,2.09e-05
BTCUSDT,1682208000009,3.768e-05
BTCUSDT,1682236800020,1.376e-05
BTCUSDT,1682265600007,2.369e-05
BTCUSDT,1682294400000,4.679e-05
BTCUSDT,1682323200008,3.694e-05
BTCUSDT,1682352000006,2.63e-05
BTCUSDT,1682380800014,5.066e-05
BTCUSDT,1682409600009,6.606e-05
BTCUSDT,1682438400015,8.541e-05
BTCUSDT,1682467200015,4.346e-05
BTCUSDT,1682496000013,1.686e-05
BTCUSDT,1682524800001,0.0001
BTCUSDT,1682553600014,2.518e-05
BTCUSDT,1682582400008,5.769e-05
BTCUSDT,1682611200005,3.265e-05
BTCUSDT,1682640000011,0.0001
BTCUSDT,1682668800007,0.0001
BTCUSDT,1682697600006,4.476e-05
BTCUSDT,1682726400004,3.7e-07
BTCUSDT,1682755200016,6.751e-05
BTCUSDT,1682784000001,7.826e-05
BTCUSDT,1682812800008,3.132e-05
BTCUSDT,1682841600000,3.501e-05
BTCUSDT,1682870400010,6.078e-05
BTCUSDT,1682899200004,2.435e-05
BTCUSDT,1682928000008,-6.37e-05
BTCUSDT,1682956800014,5.66e-06
BTCUSDT,1682985600015,9.68e-06
BTCUSDT,1683014400018,6.135e-05
BTCUSDT,1683043200000,1.204e-05
BTCUSDT,1683072000009,8.568e-05
BTCUSDT,1683100800003,5.435e-05
BTCUSDT,1683129600011,5.701e-05
BTCUSDT,1683158400000,0.0001
BTCUSDT,1683187200000,9.992e-05
BTCUSDT,1683216000011,4.314e-05
BTCUSDT,1683244800002,3.731e-05
BTCUSDT,1683273600000,9.909e-05
BTCUSDT,1683302400000,8.548e-05
BTCUSDT,1683331200009,0.0001
BTCUSDT,1683360000000,0.0001
BTCUSDT,1683388800000,0.0001
BTCUSDT,1683417600000,4.321e-05
BTCUSDT,1683446400000,4.047e-05
BTCUSDT,1683475200006,6.046e-05
BTCUSDT,1683504000000,7.2e-06
BTCUSDT,1683532800007,4.07e-06
BTCUSDT,1683561600015,3.902e-05
BTCUSDT,1683590400015,5.11e-05
BTCUSDT,1683619200000,6.841e-05
BTCUSDT,1683648000000,3.78e-06
BTCUSDT,1683676800007,3.752e-05
BTCUSDT,1683705600003,4.785e-05
BTCUSDT,1683734400000,3.792e-05
BTCUSDT,1683763200011,1.596e-05
BTCUSDT,1683792000000,6.926e-05
BTCUSDT,1683820800005,5.207e-05
BTCUSDT,1683849600020,3.633e-05
BTCUSDT,1683878400001,3.964e-05
BTCUSDT,1683907200010,2.762e-05
BTCUSDT,1683936000000,-1e-07
BTCUSDT,1683964800000,5.385e-05
BTCUSDT,1683993600026,4.494e-05
BTCUSDT,1684022400029,1.715e-05
BTCUSDT,1684051200010,3.039e-05
BTCUSDT,1684080000008,3.537e-05
BTCUSDT,1684108800006,4.407e-05
BTCUSDT,1684137600005,-1.576e-05
BTCUSDT,1684166400008,-1.9e-06
BTCUSDT,1684195200021,8.66e-05
BTCUSDT,1684224000000,3.165e-05
BTCUSDT,1684252800000,5.8e-05
BTCUSDT,1684281600010,8.392e-05
BTCUSDT,1684310400000,7.029e-05
BTCUSDT,1684339200001,4.461e-05
BTCUSDT,1684368000000,0.0001
BTCUSDT,1684396800026,0.0001
BTCUSDT,1684425600019,8.342e-05
BTCUSDT,1684454400000,2.716e-05
BTCUSDT,1684483200002,4.474e-05
BTCUSDT,1684512000000,3.815e-05
BTCUSDT,1684540800005,5.313e-05
BTCUSDT,1684569600014,2.455e-05
BTCUSDT,1684598400020,-8.49e-06
BTCUSDT,1684627200014,4.776e-05
BTCUSDT,1684656000001,7.262e-05
BTCUSDT,1684684800015,5.071e-05
BTCUSDT,1684713600028,3.019e-05
BTCUSDT,1684742400000,2.1e-06
BTCUSDT,1684771200012,4.77e-05
BTCUSDT,1684800000006,0.0001
BTCUSDT,1684828800014,0.0001
BTCUSDT,1684857600008,0.0001
BTCUSDT,1684886400000,0.0001
BTCUSDT,1684915200025,2.067e-05
BTCUSDT,1684944000008,4.362e-05
BTCUSDT,1684972800000,5.82e-05
BTCUSDT,1685001600025,0.0001
BTCUSDT,1685030400016,0.0001
BTCUSDT,1685059200000,0.0001
BTCUSDT,1685088000024,9.583e-05
BTCUSDT,1685116800012,4.953e-05
BTCUSDT,1685145600012,7.146e-05
BTCUSDT,1685174400018,8.564e-05
BTCUSDT,1685203200008,7.362e-05
BTCUSDT,1685232000017,9.88e-05
BTCUSDT,1685260800015,0.0001
BTCUSDT,1685289600000,0.0001
BTCUSDT,1685318400000,0.0001
BTCUSDT,1685347200020,0.0001
BTCUSDT,1685376000011,0.0001
BTCUSDT,1685404800003,6.187e-05
BTCUSDT,1685433600000,9.036e-05
BTCUSDT,1685462400003,3.861e-05
BTCUSDT,1685491200013,2.344e-05
BTCUSDT,1685520000000,2.864e-05
BTCUSDT,1685548800000,9.865e-05
BTCUSDT,1685577600008,2.096e-05
BTCUSDT,1685606400012,9.641e-05
BTCUSDT,1685635200000,0.0001
BTCUSDT,1685664000000,4.77e-05
BTCUSDT,1685692800006,9.266e-05
BTCUSDT,1685721600012,9.946e-05
BTCUSDT,1685750400000,7.42e-05
BTCUSDT,1685779200011,0.0001
BTCUSDT,1685808000003,5.566e-05
BTCUSDT,1685836800000,4.85e-05
BTCUSDT,1685865600000,0.0001
BTCUSDT,1685894400000,0.0001
BTCUSDT,1685923200005,0.0001
BTCUSDT,1685952000000,9.538e-05
BTCUSDT,1685980800000,7.856e-05
BTCUSDT,1686009600000,-7.157e-05
BTCUSDT,1686038400009,-3.047e-05
BTCUSDT,1686067200013,4.288e-05
BTCUSDT,1686096000000,0.0001
BTCUSDT,1686124800016,0.0001
BTCUSDT,1686153600000,4.005e-05
BTCUSDT,1686182400006,5.504e-05
BTCUSDT,1686211200000,3.09e-05
BTCUSDT,1686240000000,4.011e-05
BTCUSDT,1686268800000,6.588e-05
BTCUSDT,1686297600000,7.916e-05
BTCUSDT,1686326400000,4.404e-05
BTCUSDT,1686355200000,8.702e-05
BTCUSDT,1686384000000,2.417e-05
BTCUSDT,1686412800000,3.854e-05
BTCUSDT,1686441600001,4.45e-05
BTCUSDT,1686470400000,3.197e-05
BTCUSDT,1686499200000,5.925e-05
BTCUSDT,1686528000000,8.66e-05
BTCUSDT,1686556800000,3.065e-05
BTCUSDT,1686585600001,3.624e-05
BTCUSDT,1686614400000,0.0001
BTCUSDT,1686643200000,6.18e-05
BTCUSDT,1686672000000,6.503e-05
BTCUSDT,1686700800000,2.438e-05
BTCUSDT,1686729600000,2.716e-05
BTCUSDT,1686758400000,3.661e-05
BTCUSDT,1686787200000,-3.265e-05
BTCUSDT,1686816000000,6.193e-05
BTCUSDT,1686844800000,6.687e-05
BTCUSDT,1686873600000,3.971e-05
BTCUSDT,1686902400000,7.81e-06
BTCUSDT,1686931200000,2.36e-06
BTCUSDT,1686960000000,9.868e-05
BTCUSDT,1686988800000,0.0001
BTCUSDT,1687017600000,7.543e-05
BTCUSDT,1687046400000,3.706e-05
BTCUSDT,1687075200000,8.233e-05
BTCUSDT,1687104000000,6.705e-05
BTCUSDT,1687132800000,7.04e-05
BTCUSDT,1687161600000,6.397e-05
BTCUSDT,1687190400000,3.69e-05
BTCUSDT,1687219200001,4.35e-05
BTCUSDT,1687248000000,-4.48e-06
BTCUSDT,1687276800000,-2.597e-05
BTCUSDT,1687305600000,6.295e-05
BTCUSDT,1687334400000,0.0001
BTCUSDT,1687363200000,2.551e-05
BTCUSDT,1687392000000,0.0001
BTCUSDT,1687420800001,0.0001
BTCUSDT,1687449600000,9.236e-05
BTCUSDT,1687478400000,0.0001
BTCUSDT,1687507200000,0.0001
BTCUSDT,1687536000000,0.0001
BTCUSDT,1687564800000,0.0001
BTCUSDT,1687593600000,0.0001
BTCUSDT,1687622400000,0.0001
BTCUSDT,1687651200000,0.0001
BTCUSDT,1687680000000,0.0001
BTCUSDT,1687708800000,0.0001
BTCUSDT,1687737600000,0.0001
BTCUSDT,1687766400000,0.0001
BTCUSDT,1687795200000,0.0001
BTCUSDT,1687824000000,0.0001
BTCUSDT,1687852800000,0.0001
BTCUSDT,1687881600000,0.0001
BTCUSDT,1687910400000,0.0001
BTCUSDT,1687939200000,9.302e-05
BTCUSDT,1687968000000,4.598e-05
BTCUSDT,1687996800000,6.574e-05
BTCUSDT,1688025600000,9.3e-05
BTCUSDT,1688054400000,0.0001
BTCUSDT,1688083200000,0.0001
BTCUSDT,1688112000000,0.0001
BTCUSDT,1688140800001,0.0001
BTCUSDT,1688169600000,0.0001
BTCUSDT,1688198400000,0.0001
BTCUSDT,1688227200000,0.0001
BTCUSDT,1688256000000,0.0001
BTCUSDT,1688284800000,0.0001
BTCUSDT,1688313600001,0.0001
BTCUSDT,1688342400000,0.0001
BTCUSDT,1688371200000,0.0001
BTCUSDT,1688400000000,0.0001
BTCUSDT,1688428800001,0.0001
BTCUSDT,1688457600000,0.0001
BTCUSDT,1688486400000,0.0001
BTCUSDT,1688515200000,0.0001
BTCUSDT,1688544000000,0.0001
BTCUSDT,1688572800000,0.0001
BTCUSDT,1688601600000,0.0001
BTCUSDT,1688630400000,7.72e-05
BTCUSDT,1688659200000,1.492e-05
BTCUSDT,1688688000000,6.98e-06
BTCUSDT,1688716800000,4.221e-05
BTCUSDT,1688745600000,-6.58e-06
BTCUSDT,1688774400000,3.757e-05
BTCUSDT,1688803200000,2.631e-05
BTCUSDT,1688832000000,1.686e-05
BTCUSDT,1688860800000,5.707e-05
BTCUSDT,1688889600000,6.821e-05
BTCUSDT,1688918400000,6.153e-05
BTCUSDT,1688947200000,-2.182e-05
BTCUSDT,1688976000000,4.85e-05
BTCUSDT,1689004800000,2.995e-05
BTCUSDT,1689033600000,8.01e-05
BTCUSDT,1689062400000,8.265e-05
BTCUSDT,1689091200000,3.954e-05
BTCUSDT,1689120000000,7.041e-05
BTCUSDT,1689148800000,6.479e-05
BTCUSDT,1689177600000,4.65e-05
BTCUSDT,1689206400000,-1.135e-05
BTCUSDT,1689235200000,6.12e-05
BTCUSDT,1689264000000,5.29e-06
BTCUSDT,1689292800000,0.0001
BTCUSDT,1689321600000,0.0001
BTCUSDT,1689350400000,0.0001
BTCUSDT,1689379200000,-7.313e-05
BTCUSDT,1689408000000,3.007e-05
BTCUSDT,1689436800000,2.984e-05
BTCUSDT,1689465600001,1.993e-05
BTCUSDT,1689494400000,7.772e-05
BTCUSDT,1689523200000,4.583e-05
BTCUSDT,1689552000000,2.785e-05
BTCUSDT,1689580800000,6.278e-05
BTCUSDT,1689609600000,6.261e-05
BTCUSDT,1689638400000,3.983e-05
BTCUSDT,1689667200000,6.798e-05
BTCUSDT,1689696000000,7.477e-05
BTCUSDT,1689724800000,0.0001
BTCUSDT,1689753600000,5.224e-05
BTCUSDT,1689782400001,7.69e-05
BTCUSDT,1689811200000,2.652e-05
BTCUSDT,1689840000000,9.641e-05
BTCUSDT,1689868800000,5.563e-05
BTCUSDT,1689897600001,2.877e-05
BTCUSDT,1689926400000,7.77e-06
BTCUSDT,1689955200000,3.717e-05
BTCUSDT,1689984000000,2.195e-05
BTCUSDT,1690012800000,9.44e-06
BTCUSDT,1690041600000,1.77e-06
BTCUSDT,1690070400000,2.908e-05
BTCUSDT,1690099200000,0.0001
BTCUSDT,1690128000000,9.372e-05
BTCUSDT,1690156800000,0.0001
BTCUSDT,1690185600000,4.338e-05
BTCUSDT,1690214400000,0.0001
BTCUSDT,1690243200000,7.702e-05
BTCUSDT,1690272000000,6.913e-05
BTCUSDT,1690300800000,9.465e-05
BTCUSDT,1690329600000,9.451e-05
BTCUSDT,1690358400001,0.0001
BTCUSDT,1690387200000,5.768e-05
BTCUSDT,1690416000000,3.136e-05
BTCUSDT,1690444800000,3.83e-05
BTCUSDT,1690473600001,2.876e-05
BTCUSDT,1690502400000,4.373e-05
BTCUSDT,1690531200000,6.675e-05
BTCUSDT,1690560000000,0.0001
BTCUSDT,1690588800000,0.0001
BTCUSDT,1690617600000,4.567e-05
BTCUSDT,1690646400001,7.53e-05
BTCUSDT,1690675200000,8.151e-05
BTCUSDT,1690704000000,5.56e-05
BTCUSDT,1690732800000,4.357e-05
BTCUSDT,1690761600000,2.369e-05
BTCUSDT,1690790400000,7.362e-05
BTCUSDT,1690819200001,8.239e-05
BTCUSDT,1690848000000,6.3e-05
BTCUSDT,1690876800000,6.768e-05
BTCUSDT,1690905600000,0.0001
BTCUSDT,1690934400000,0.0001
BTCUSDT,1690963200000,0.0001
BTCUSDT,1690992000000,0.0001
BTCUSDT,1691020800000,0.0001
BTCUSDT,1691049600000,0.0001
BTCUSDT,1691078400001,0.0001
BTCUSDT,1691107200000,8.116e-05
BTCUSDT,1691136000000,0.0001
BTCUSDT,1691164800000,0.0001
BTCUSDT,1691193600000,4.181e-05
BTCUSDT,1691222400000,0.0001
BTCUSDT,1691251200001,0.0001
BTCUSDT,1691280000000,0.0001
BTCUSDT,1691308800001,0.0001
BTCUSDT,1691337600005,0.0001
BTCUSDT,1691366400000,0.0001
BTCUSDT,1691395200000,7.669e-05
BTCUSDT,1691424000000,0.0001
BTCUSDT,1691452800000,0.0001
BTCUSDT,1691481600000,9.136e-05
BTCUSDT,1691510400000,5.944e-05
BTCUSDT,1691539200000,8.11e-05
BTCUSDT,1691568000000,9.527e-05
BTCUSDT,1691596800000,8.877e-05
BTCUSDT,1691625600001,0.0001
BTCUSDT,1691654400000,0.0001
BTCUSDT,1691683200000,8.277e-05
BTCUSDT,1691712000000,0.0001
BTCUSDT,1691740800000,0.0001
BTCUSDT,1691769600000,7.123e-05
BTCUSDT,1691798400000,0.0001
BTCUSDT,1691827200000,0.0001
BTCUSDT,1691856000000,9.305e-05
BTCUSDT,1691884800000,0.0001
BTCUSDT,1691913600000,4.637e-05
BTCUSDT,1691942400000,0.0001
BTCUSDT,1691971200001,0.0001
BTCUSDT,1692000000000,0.0001
BTCUSDT,1692028800000,0.0001
BTCUSDT,1692057600001,0.0001
BTCUSDT,1692086400000,0.0001
BTCUSDT,1692115200000,0.0001
BTCUSDT,1692144000000,0.0001
BTCUSDT,1692172800001,0.0001
BTCUSDT,1692201600000,0.0001
BTCUSDT,1692230400000,0.0001
BTCUSDT,1692259200000,0.0001
BTCUSDT,1692288000000,0.0001
BTCUSDT,1692316800000,0.0001
BTCUSDT,1692345600000,-4.6e-07
BTCUSDT,1692374400000,5.166e-05
BTCUSDT,1692403200000,-2.74e-06
BTCUSDT,1692432000000,-3.22e-06
BTCUSDT,1692460800000,-5.286e-05
BTCUSDT,1692489600000,-3.069e-05
BTCUSDT,1692518400000,-4.364e-05
BTCUSDT,1692547200000,-1.93e-06
BTCUSDT,1692576000000,-2.797e-05
BTCUSDT,1692604800000,8.16e-06
BTCUSDT,1692633600000,-1.619e-05
BTCUSDT,1692662400000,-3.08e-06
BTCUSDT,1692691200000,-1.928e-05
BTCUSDT,1692720000000,3.048e-05
BTCUSDT,1692748800000,7.39e-06
BTCUSDT,1692777600000,-1.02e-05
BTCUSDT,1692806400000,3.247e-05
BTCUSDT,1692835200000,-2.822e-05
BTCUSDT,1692864000000,2.506e-05
BTCUSDT,1692892800000,4.9e-05
BTCUSDT,1692921600000,-6.59e-06
BTCUSDT,1692950400000,2.802e-05
BTCUSDT,1692979200000,5.218e-05
BTCUSDT,1693008000000,3.82e-05
BTCUSDT,1693036800000,5.334e-05
BTCUSDT,1693065600000,2.096e-05
BTCUSDT,1693094400000,9.9e-07
BTCUSDT,1693123200000,3.976e-05
BTCUSDT,1693152000000,1.232e-05
BTCUSDT,1693180800000,-3.95e-06
BTCUSDT,1693209600001,4.424e-05
BTCUSDT,1693238400001,4.524e-05
BTCUSDT,1693267200000,8.24e-06
BTCUSDT,1693296000000,3.769e-05
BTCUSDT,1693324800000,-0.00010934
BTCUSDT,1693353600000,4.868e-05
BTCUSDT,1693382400000,5.731e-05
BTCUSDT,1693411200000,3.944e-05
BTCUSDT,1693440000000,2.909e-05
BTCUSDT,1693468800000,6.859e-05
BTCUSDT,1693497600000,8.105e-05
BTCUSDT,1693526400000,2.583e-05
BTCUSDT,1693555200000,5.968e-05
BTCUSDT,1693584000001,6.254e-05
BTCUSDT,1693612800000,4.998e-05
BTCUSDT,1693641600000,1.937e-05
BTCUSDT,1693670400000,-2.018e-05
BTCUSDT,1693699200000,4.839e-05
BTCUSDT,1693728000000,2.35e-06
BTCUSDT,1693756800000,2.89e-05
BTCUSDT,1693785600000,2.69e-05
BTCUSDT,1693814400000,1.469e-05
BTCUSDT,1693843200000,-1.059e-05
BTCUSDT,1693872000000,5.3e-07
BTCUSDT,1693900800000,1.975e-05
BTCUSDT,1693929600000,3.366e-05
BTCUSDT,1693958400000,1.737e-05
BTCUSDT,1693987200000,-2.763e-05
BTCUSDT,1694016000001,2.135e-05
BTCUSDT,1694044800000,3.83e-05
BTCUSDT,1694073600000,3.883e-05
BTCUSDT,1694102400000,6.924e-05
BTCUSDT,1694131200000,-1.525e-05
BTCUSDT,1694160000000,5.12e-06
BTCUSDT,1694188800000,-1.691e-05
BTCUSDT,1694217600000,-5.057e-05
BTCUSDT,1694246400000,-3.77e-06
BTCUSDT,1694275200000,1.423e-05
BTCUSDT,1694304000000,-7.3e-07
BTCUSDT,1694332800000,3.294e-05
BTCUSDT,1694361600000,2.609e-05
BTCUSDT,1694390400000,-3e-06
BTCUSDT,1694419200000,1.823e-05
BTCUSDT,1694448000001,1.838e-05
BTCUSDT,1694476800000,2.73e-05
BTCUSDT,1694505600000,5.425e-05
BTCUSDT,1694534400000,-3.502e-05
BTCUSDT,1694563200000,2.342e-05
BTCUSDT,1694592000000,1.26e-05
BTCUSDT,1694620800000,3.099e-05
BTCUSDT,1694649600000,4.61e-06
BTCUSDT,1694678400001,3.428e-05
BTCUSDT,1694707200000,-4.748e-05
BTCUSDT,1694736000000,-2.641e-05
BTCUSDT,1694764800000,-7.61e-06
BTCUSDT,1694793600000,7.561e-05
BTCUSDT,1694822400000,-1.381e-05
BTCUSDT,1694851200000,-4.32e-05
BTCUSDT,1694880000000,-3.161e-05
BTCUSDT,1694908800000,8.97e-06
BTCUSDT,1694937600000,1.142e-05
BTCUSDT,1694966400000,6.49e-06
BTCUSDT,1694995200000,-5.08e-06
BTCUSDT,1695024000000,5.79e-06
BTCUSDT,1695052800000,-6.774e-05
BTCUSDT,1695081600000,2.468e-05
BTCUSDT,1695110400001,-1.972e-05
BTCUSDT,1695139200000,-1.756e-05
BTCUSDT,1695168000000,-2.614e-05
BTCUSDT,1695196800000,-3.777e-05
BTCUSDT,1695225600000,-9.91e-06
BTCUSDT,1695254400001,-2.9e-07
BTCUSDT,1695283200000,4.303e-05
BTCUSDT,1695312000000,7.429e-05
BTCUSDT,1695340800000,-6.2e-07
BTCUSDT,1695369600000,1.034e-05
BTCUSDT,1695398400000,2.136e-05
BTCUSDT,1695427200000,6.676e-05
BTCUSDT,1695456000000,1.556e-05
BTCUSDT,1695484800000,2.09e-06
BTCUSDT,1695513600000,-1.392e-05
BTCUSDT,1695542400000,4.721e-05
BTCUSDT,1695571200000,2.887e-05
BTCUSDT,1695600000000,-1.26e-05
BTCUSDT,1695628800000,8.565e-05
BTCUSDT,1695657600000,4.792e-05
BTCUSDT,1695686400000,-3.91e-05
BTCUSDT,1695715200000,-1.215e-05
BTCUSDT,1695744000000,5.626e-05
BTCUSDT,1695772800000,9.944e-05
BTCUSDT,1695801600001,3.378e-05
BTCUSDT,1695830400000,2.074e-05
BTCUSDT,1695859200000,6.74e-06
BTCUSDT,1695888000000,-1.581e-05
BTCUSDT,1695916800000,-4.732e-05
BTCUSDT,1695945600000,-3.894e-05
BTCUSDT,1695974400000,-2.567e-05
BTCUSDT,1696003200000,4.76e-06
BTCUSDT,1696032000000,6.43e-06
BTCUSDT,1696060800000,1.864e-05
BTCUSDT,1696089600000,1.525e-05
BTCUSDT,1696118400000,2.95e-06
BTCUSDT,1696147200000,-6.19e-06
BTCUSDT,1696176000000,-2.263e-05
BTCUSDT,1696204800000,5.831e-05
BTCUSDT,1696233600000,7.28e-06
BTCUSDT,1696262400000,-1.477e-05
BTCUSDT,1696291200000,4.172e-05
BTCUSDT,1696320000000,1.667e-05
BTCUSDT,1696348800000,2.5e-05
BTCUSDT,1696377600000,6.031e-05
BTCUSDT,1696406400000,6.2e-05
BTCUSDT,1696435200000,-2.857e-05
BTCUSDT,1696464000000,-3.807e-05
BTCUSDT,1696492800000,-4.268e-05
BTCUSDT,1696521600001,-2.302e-05
BTCUSDT,1696550400000,-1.106e-05
BTCUSDT,1696579200000,1.436e-05
BTCUSDT,1696608000000,-3.149e-05
BTCUSDT,1696636800000,2.124e-05
BTCUSDT,1696665600000,2.849e-05
BTCUSDT,1696694400000,2.083e-05
BTCUSDT,1696723200000,3.14e-06
BTCUSDT,1696752000001,9.74e-06
BTCUSDT,1696780800000,5.163e-05
BTCUSDT,1696809600000,3.992e-05
BTCUSDT,1696838400000,3.515e-05
BTCUSDT,1696867200000,7.838e-05
BTCUSDT,1696896000000,6.349e-05
BTCUSDT,1696924800000,1.894e-05
BTCUSDT,1696953600000,4.548e-05
BTCUSDT,1696982400000,5.918e-05
BTCUSDT,1697011200000,8.33e-05
BTCUSDT,1697040000000,6.319e-05
BTCUSDT,1697068800000,0.0001
BTCUSDT,1697097600000,2.661e-05
BTCUSDT,1697126400000,7.304e-05
BTCUSDT,1697155200000,2.294e-05
BTCUSDT,1697184000000,2.039e-05
BTCUSDT,1697212800000,2.326e-05
BTCUSDT,1697241600000,1.05e-06
BTCUSDT,1697270400000,2.211e-05
BTCUSDT,1697299200000,2.456e-05
BTCUSDT,1697328000000,-1.509e-05
BTCUSDT,1697356800000,4.292e-05
BTCUSDT,1697385600000,2.224e-05
BTCUSDT,1697414400000,5.11e-06
BTCUSDT,1697443200000,2.8e-07
BTCUSDT,1697472000000,9.644e-05
BTCUSDT,1697500800000,2.04e-06
BTCUSDT,1697529600000,1.493e-05
BTCUSDT,1697558400000,-2.311e-05
BTCUSDT,1697587200000,-3.343e-05
BTCUSDT,1697616000000,-1.216e-05
BTCUSDT,1697644800000,1.644e-05
BTCUSDT,1697673600000,-1.028e-05
BTCUSDT,1697702400001,-6.24e-06
BTCUSDT,1697731200000,-0.00011006
BTCUSDT,1697760000000,-9.272e-05
BTCUSDT,1697788800005,1.938e-05
BTCUSDT,1697817600000,2.687e-05
BTCUSDT,1697846400000,-1.585e-05
BTCUSDT,1697875200000,4.374e-05
BTCUSDT,1697904000000,5.827e-05
BTCUSDT,1697932800000,2.567e-05
BTCUSDT,1697961600000,2.579e-05
BTCUSDT,1697990400000,3.115e-05
BTCUSDT,1698019200000,8.25e-05
BTCUSDT,1698048000001,9.59e-05
BTCUSDT,1698076800001,6.48e-06
BTCUSDT,1698105600000,0.0001
BTCUSDT,1698134400000,0.0001
BTCUSDT,1698163200000,0.0001
BTCUSDT,1698192000000,0.0001
BTCUSDT,1698220800000,0.0001
BTCUSDT,1698249600001,0.0001
BTCUSDT,1698278400001,0.0001
BTCUSDT,1698307200000,0.0001
BTCUSDT,1698336000000,0.0001
BTCUSDT,1698364800000,0.0001
BTCUSDT,1698393600000,0.0001
BTCUSDT,1698422400000,0.0001
BTCUSDT,1698451200000,0.0001
BTCUSDT,1698480000001,0.0001
BTCUSDT,1698508800000,0.0001
BTCUSDT,1698537600000,0.0001
BTCUSDT,1698566400000,0.0001
BTCUSDT,1698595200000,0.0001
BTCUSDT,1698624000000,0.0001
BTCUSDT,1698652800000,0.0001
BTCUSDT,1698681600000,0.0001
BTCUSDT,1698710400001,0.0001
BTCUSDT,1698739200000,0.0001
BTCUSDT,1698768000000,0.0001
BTCUSDT,1698796800000,0.0001
BTCUSDT,1698825600000,0.0001
BTCUSDT,1698854400000,0.0001
BTCUSDT,1698883200001,0.0001
BTCUSDT,1698912000000,0.0001
BTCUSDT,1698940800000,0.0001
BTCUSDT,1698969600000,0.0001
BTCUSDT,1698998400000,0.0001
BTCUSDT,1699027200000,0.0001
BTCUSDT,1699056000000,0.0001
BTCUSDT,1699084800000,0.0001
BTCUSDT,1699113600000,0.0001
BTCUSDT,1699142400000,0.0001
BTCUSDT,1699171200000,0.0001
BTCUSDT,1699200000000,0.0001
BTCUSDT,1699228800000,0.0001
BTCUSDT,1699257600001,0.0001
BTCUSDT,1699286400000,0.0001
BTCUSDT,1699315200001,0.0001
BTCUSDT,1699344000000,0.0001
BTCUSDT,1699372800000,0.0001
BTCUSDT,1699401600000,0.0001
BTCUSDT,1699430400000,0.0001
BTCUSDT,1699459200000,0.0001
BTCUSDT,1699488000000,0.0001
BTCUSDT,1699516800000,0.0001
BTCUSDT,1699545600000,0.00020027
BTCUSDT,1699574400000,0.0001
BTCUSDT,1699603200000,0.00011682
BTCUSDT,1699632000000,0.0001
BTCUSDT,1699660800000,0.0001
BTCUSDT,1699689600000,0.00016607
BTCUSDT,1699718400000,0.00014648
BTCUSDT,1699747200000,0.0001543
BTCUSDT,1699776000000,0.00023487
BTCUSDT,1699804800001,0.00027221
BTCUSDT,1699833600000,0.00032467
BTCUSDT,1699862400000,0.00010893
BTCUSDT,1699891200000,0.00020492
BTCUSDT,1699920000000,0.00017382
BTCUSDT,1699948800000,0.00016369
BTCUSDT,1699977600001,0.00014477
BTCUSDT,1700006400000,0.0001
BTCUSDT,1700035200000,0.0001
BTCUSDT,1700064000000,0.0001
BTCUSDT,1700092800000,0.0001
BTCUSDT,1700121600000,0.00015199
BTCUSDT,1700150400001,0.00012014
BTCUSDT,1700179200000,0.0001
BTCUSDT,1700208000001,0.0001
BTCUSDT,1700236800001,0.0001
BTCUSDT,1700265600000,0.0001
BTCUSDT,1700294400000,0.0001
BTCUSDT,1700323200000,0.0001
BTCUSDT,1700352000000,0.0001
BTCUSDT,1700380800000,0.0001
BTCUSDT,1700409600000,0.0001
BTCUSDT,1700438400000,0.0001
BTCUSDT,1700467200000,0.0001
BTCUSDT,1700496000000,0.0001
BTCUSDT,1700524800000,0.0001
BTCUSDT,1700553600000,0.0001
BTCUSDT,1700582400000,0.0001
BTCUSDT,1700611200000,0.0001
BTCUSDT,1700640000000,0.0001
BTCUSDT,1700668800000,0.0001
BTCUSDT,1700697600000,0.0001
BTCUSDT,1700726400000,0.0001
BTCUSDT,1700755200001,0.0001
BTCUSDT,1700784000000,0.0001
BTCUSDT,1700812800000,0.0001
BTCUSDT,1700841600000,0.0001
BTCUSDT,1700870400000,0.0001
BTCUSDT,1700899200000,0.0001
BTCUSDT,1700928000000,0.0001
BTCUSDT,1700956800000,0.0001
BTCUSDT,1700985600000,0.0001
BTCUSDT,1701014400000,0.0001
BTCUSDT,1701043200000,0.0001
BTCUSDT,1701072000001,0.0001
BTCUSDT,1701100800000,0.0001
BTCUSDT,1701129600000,0.0001
BTCUSDT,1701158400000,0.0001
BTCUSDT,1701187200000,0.0001
BTCUSDT,1701216000001,0.0001
BTCUSDT,1701244800000,0.0001
BTCUSDT,1701273600000,0.0001
BTCUSDT,1701302400000,0.0001
BTCUSDT,1701331200000,0.0001
BTCUSDT,1701360000000,0.0001
BTCUSDT,1701388800000,0.0001
BTCUSDT,1701417600000,0.0001
BTCUSDT,1701446400000,0.0001
BTCUSDT,1701475200000,9.95e-05
BTCUSDT,1701504000000,6.973e-05
BTCUSDT,1701532800000,8.541e-05
BTCUSDT,1701561600000,0.0001
BTCUSDT,1701590400000,0.0001
BTCUSDT,1701619200000,0.0001
BTCUSDT,1701648000000,0.0001
BTCUSDT,1701676800000,0.0001
BTCUSDT,1701705600000,0.0001
BTCUSDT,1701734400000,0.0001
BTCUSDT,1701763200000,0.0001
BTCUSDT,1701792000000,0.0001
BTCUSDT,1701820800000,0.0001
BTCUSDT,1701849600000,0.0001
BTCUSDT,1701878400000,0.0001
BTCUSDT,1701907200000,0.0001
BTCUSDT,1701936000000,0.0001
BTCUSDT,1701964800000,0.0001
BTCUSDT,1701993600000,0.0001
BTCUSDT,1702022400000,0.00023288
BTCUSDT,1702051200000,0.00020242
BTCUSDT,1702080000000,0.00011504
BTCUSDT,1702108800000,0.00030159
BTCUSDT,1702137600000,0.00017192
BTCUSDT,1702166400000,0.00020724
BTCUSDT,1702195200000,0.00020383
BTCUSDT,1702224000000,0.00023923
BTCUSDT,1702252800000,0.0001473
BTCUSDT,1702281600000,0.0001
BTCUSDT,1702310400000,0.0001
BTCUSDT,1702339200000,0.0001
BTCUSDT,1702368000000,0.0001
BTCUSDT,1702396800000,0.0001
BTCUSDT,1702425600000,0.00011909
BTCUSDT,1702454400000,0.00010162
BTCUSDT,1702483200001,0.00012601
BTCUSDT,1702512000000,0.0001
BTCUSDT,1702540800000,0.0001
BTCUSDT,1702569600000,0.0001
BTCUSDT,1702598400000,0.0001
BTCUSDT,1702627200000,0.0001
BTCUSDT,1702656000000,0.0001
BTCUSDT,1702684800000,0.0001
BTCUSDT,1702713600000,0.0001
BTCUSDT,1702742400001,0.0001
BTCUSDT,1702771200000,0.0001
BTCUSDT,1702800000000,0.0001
BTCUSDT,1702828800000,0.0001
BTCUSDT,1702857600000,0.00013355
BTCUSDT,1702886400001,0.0001
BTCUSDT,1702915200000,0.00015611
BTCUSDT,1702944000000,0.0001
BTCUSDT,1702972800000,0.0001
BTCUSDT,1703001600000,0.0001
BTCUSDT,1703030400000,0.00010506
BTCUSDT,1703059200000,0.0001
BTCUSDT,1703088000000,0.00023637
BTCUSDT,1703116800000,0.00027143
BTCUSDT,1703145600000,0.00029216
BTCUSDT,1703174400000,0.00028948
BTCUSDT,1703203200000,0.00030806
BTCUSDT,1703232000000,0.0002961
BTCUSDT,1703260800000,0.00018011
BTCUSDT,1703289600000,0.00016285
BTCUSDT,1703318400001,0.0001
BTCUSDT,1703347200000,0.00015066
BTCUSDT,1703376000000,0.0001
BTCUSDT,1703404800000,0.0002079
BTCUSDT,1703433600000,0.00019729
BTCUSDT,1703462400000,0.0001
BTCUSDT,1703491200000,0.0001
BTCUSDT,1703520000000,0.00037908
BTCUSDT,1703548800000,0.00043391
BTCUSDT,1703577600000,0.00023757
BTCUSDT,1703606400000,0.00029559
BTCUSDT,1703635200000,0.00027621
BTCUSDT,1703664000000,0.00037942
BTCUSDT,1703692800000,0.00032304
BTCUSDT,1703721600000,0.00013021
BTCUSDT,1703750400000,0.00037879
BTCUSDT,1703779200000,0.00050152
BTCUSDT,1703808000001,0.0005517
BTCUSDT,1703836800000,0.00049912
BTCUSDT,1703865600000,0.00047082
BTCUSDT,1703894400001,0.00033033
BTCUSDT,1703923200000,0.0004358
BTCUSDT,1703952000000,0.00037842
BTCUSDT,1703980800000,0.00027855
BTCUSDT,1704009600001,0.00034573
BTCUSDT,1704038400000,0.00033597
BTCUSDT,1704067200000,0.00037409
BTCUSDT,1704096000000,0.00027213
BTCUSDT,1704124800000,0.00033601
BTCUSDT,1704153600000,0.00065846
BTCUSDT,1704182400000,0.00035179
BTCUSDT,1704211200000,0.0005373
BTCUSDT,1704240000000,0.00021159
BTCUSDT,1704268800000,0.00017123
BTCUSDT,1704297600000,0.0001
BTCUSDT,1704326400000,0.0001
BTCUSDT,1704355200000,0.0001
BTCUSDT,1704384000000,0.0001
BTCUSDT,1704412800001,0.0001
BTCUSDT,1704441600000,0.0001
BTCUSDT,1704470400000,0.0001
BTCUSDT,1704499200000,0.0001
BTCUSDT,1704528000000,0.0001
BTCUSDT,1704556800000,0.0001
BTCUSDT,1704585600000,0.0001
BTCUSDT,1704614400001,0.0001
BTCUSDT,1704643200001,0.0001
BTCUSDT,1704672000000,0.0001
BTCUSDT,1704700800000,0.0001
BTCUSDT,1704729600000,0.0001
BTCUSDT,1704758400001,0.0001
BTCUSDT,1704787200000,0.0001
BTCUSDT,1704816000000,0.0001
BTCUSDT,1704844800000,0.0001
BTCUSDT,1704873600000,0.0001
BTCUSDT,1704902400000,0.0001
BTCUSDT,1704931200000,0.0001
BTCUSDT,1704960000000,0.0001
BTCUSDT,1704988800000,0.0001
BTCUSDT,1705017600001,0.0001
BTCUSDT,1705046400000,0.0001
BTCUSDT,1705075200000,0.0001
BTCUSDT,1705104000000,0.0001
BTCUSDT,1705132800000,0.0001
BTCUSDT,1705161600001,0.0001
BTCUSDT,1705190400000,0.0001
BTCUSDT,1705219200000,0.0001
BTCUSDT,1705248000001,0.0001
BTCUSDT,1705276800000,0.0001
BTCUSDT,1705305600000,0.0001
BTCUSDT,1705334400000,0.0001
BTCUSDT,1705363200000,0.0001
BTCUSDT,1705392000000,0.0001
BTCUSDT,1705420800001,0.0001
BTCUSDT,1705449600000,0.0001
BTCUSDT,1705478400000,0.0001
BTCUSDT,1705507200000,0.0001
BTCUSDT,1705536000001,0.0001
BTCUSDT,1705564800000,0.0001
BTCUSDT,1705593600000,0.0001
BTCUSDT,1705622400000,0.0001
BTCUSDT,1705651200000,0.0001
BTCUSDT,1705680000002,0.0001
BTCUSDT,1705708800000,0.0001
BTCUSDT,1705737600003,0.0001
BTCUSDT,1705766400000,0.0001
BTCUSDT,1705795200000,0.0001
BTCUSDT,1705824000000,0.0001
BTCUSDT,1705852800000,0.0001
BTCUSDT,1705881600000,0.0001
BTCUSDT,1705910400000,0.0001
BTCUSDT,1705939200000,0.0001
BTCUSDT,1705968000000,0.0001
BTCUSDT,1705996800000,0.0001
BTCUSDT,1706025600000,0.0001
BTCUSDT,1706054400000,0.0001
BTCUSDT,1706083200000,0.0001
BTCUSDT,1706112000000,0.0001
BTCUSDT,1706140800000,0.0001
BTCUSDT,1706169600001,0.0001
BTCUSDT,1706198400000,0.0001
BTCUSDT,1706227200001,0.0001
BTCUSDT,1706256000000,0.0001
BTCUSDT,1706284800000,0.0001
BTCUSDT,1706313600000,8.966e-05
BTCUSDT,1706342400000,0.0001
BTCUSDT,1706371200000,8.3e-05
BTCUSDT,1706400000000,0.0001
BTCUSDT,1706428800000,4.725e-05
BTCUSDT,1706457600000,0.0001
BTCUSDT,1706486400000,0.0001
BTCUSDT,1706515200001,9.142e-05
BTCUSDT,1706544000000,0.0001
BTCUSDT,1706572800000,0.0001
BTCUSDT,1706601600000,9.492e-05
BTCUSDT,1706630400001,5.149e-05
BTCUSDT,1706659200000,2.154e-05
BTCUSDT,1706688000000,0.0001
BTCUSDT,1706716800000,0.0001
BTCUSDT,1706745600000,0.0001
BTCUSDT,1706774400000,0.0001
BTCUSDT,1706803200002,0.0001
BTCUSDT,1706832000000,0.0001
BTCUSDT,1706860800000,0.0001
BTCUSDT,1706889600000,0.0001
BTCUSDT,1706918400000,7.627e-05
BTCUSDT,1706947200000,9.042e-05
BTCUSDT,1706976000001,8.028e-05
BTCUSDT,1707004800000,8.307e-05
BTCUSDT,1707033600004,8.846e-05
BTCUSDT,1707062400000,0.0001
BTCUSDT,1707091200000,0.0001
BTCUSDT,1707120000000,0.0001
BTCUSDT,1707148800000,0.0001
BTCUSDT,1707177600000,0.0001
BTCUSDT,1707206400001,6.723e-05
BTCUSDT,1707235200000,0.0001
BTCUSDT,1707264000000,7.527e-05
BTCUSDT,1707292800000,5.373e-05
BTCUSDT,1707321600000,8.306e-05
BTCUSDT,1707350400000,0.0001
BTCUSDT,1707379200000,6.535e-05
BTCUSDT,1707408000000,2.59e-05
BTCUSDT,1707436800000,3.16e-05
BTCUSDT,1707465600000,0.0001
BTCUSDT,1707494400001,9.801e-05
BTCUSDT,1707523200001,8.041e-05
BTCUSDT,1707552000000,0.0001
BTCUSDT,1707580800000,0.0001
BTCUSDT,1707609600000,0.0001
BTCUSDT,1707638400001,0.0001
BTCUSDT,1707667200000,0.0001
BTCUSDT,1707696000000,0.0001
BTCUSDT,1707724800000,0.0001
BTCUSDT,1707753600000,0.0001
BTCUSDT,1707782400000,0.0001
BTCUSDT,1707811200000,0.0001
BTCUSDT,1707840000000,0.0001
BTCUSDT,1707868800000,0.0001
BTCUSDT,1707897600000,0.0001
BTCUSDT,1707926400000,0.00012283
BTCUSDT,1707955200000,0.0001
BTCUSDT,1707984000000,0.0001
BTCUSDT,1708012800000,0.0001
BTCUSDT,1708041600000,0.0001
BTCUSDT,1708070400000,0.0001
BTCUSDT,1708099200000,0.0001
BTCUSDT,1708128000000,0.0001
BTCUSDT,1708156800000,0.0001
BTCUSDT,1708185600000,0.00016041
BTCUSDT,1708214400000,0.0001724
BTCUSDT,1708243200000,0.00015305
BTCUSDT,1708272000000,0.00017095
BTCUSDT,1708300800000,0.00023064
BTCUSDT,1708329600000,0.00019594
BTCUSDT,1708358400000,0.00013327
BTCUSDT,1708387200000,0.00010461
BTCUSDT,1708416000000,0.00010912
BTCUSDT,1708444800000,0.00020259
BTCUSDT,1708473600000,0.0001
BTCUSDT,1708502400000,0.00011242
BTCUSDT,1708531200000,0.0001
BTCUSDT,1708560000001,0.0001
BTCUSDT,1708588800001,0.0001348
BTCUSDT,1708617600000,0.00012557
BTCUSDT,1708646400000,0.0001
BTCUSDT,1708675200000,0.0001
BTCUSDT,1708704000000,0.00012991
BTCUSDT,1708732800000,0.0001
BTCUSDT,1708761600001,0.0001
BTCUSDT,1708790400000,0.0001
BTCUSDT,1708819200001,0.00011438
BTCUSDT,1708848000000,0.00015012
BTCUSDT,1708876800000,0.00015062
BTCUSDT,1708905600000,0.00026761
BTCUSDT,1708934400000,0.00021567
BTCUSDT,1708963200000,0.00027227
BTCUSDT,1708992000000,0.00032262
BTCUSDT,1709020800000,0.00073521
BTCUSDT,1709049600000,0.00022965
BTCUSDT,1709078400000,0.00026729
BTCUSDT,1709107200000,0.00023682
BTCUSDT,1709136000000,0.00053538
BTCUSDT,1709164800000,0.00069091
BTCUSDT,1709193600000,0.00076337
BTCUSDT,1709222400000,0.00057031
BTCUSDT,1709251200000,0.00053322
BTCUSDT,1709280000000,0.00064824
BTCUSDT,1709308800000,0.0004601
BTCUSDT,1709337600000,0.00033426
BTCUSDT,1709366400001,0.00057174
BTCUSDT,1709395200000,0.00056396
BTCUSDT,1709424000000,0.00046267
BTCUSDT,1709452800000,0.00042989
BTCUSDT,1709481600000,0.00044598
BTCUSDT,1709510400000,0.00055071
BTCUSDT,1709539200000,0.00046833
BTCUSDT,1709568000000,0.0006362
BTCUSDT,1709596800000,0.0004896
BTCUSDT,1709625600000,0.00082969
BTCUSDT,1709654400000,0.00088148
BTCUSDT,1709683200000,0.0003628
BTCUSDT,1709712000001,0.00033876
BTCUSDT,1709740800000,0.00049354
BTCUSDT,1709769600000,0.00030311
BTCUSDT,1709798400000,0.00040984
BTCUSDT,1709827200000,0.00054217
BTCUSDT,1709856000000,0.00034819
BTCUSDT,1709884800000,0.00043497
BTCUSDT,1709913600000,0.00062913
BTCUSDT,1709942400000,0.00019134
BTCUSDT,1709971200001,0.00031281
BTCUSDT,1710000000000,0.00026407
BTCUSDT,1710028800000,0.0003101
BTCUSDT,1710057600000,0.00063451
BTCUSDT,1710086400000,0.00054479
BTCUSDT,1710115200000,0.00035489
BTCUSDT,1710144000000,0.00078428
BTCUSDT,1710172800000,0.00066396
BTCUSDT,1710201600000,0.0004447
BTCUSDT,1710230400000,0.000453
BTCUSDT,1710259200000,0.00047935
BTCUSDT,1710288000000,0.00033224
BTCUSDT,1710316800001,0.0006442
BTCUSDT,1710345600000,0.00045402
BTCUSDT,1710374400001,0.00024393
BTCUSDT,1710403200000,0.00038753
BTCUSDT,1710432000000,0.00038258
BTCUSDT,1710460800000,0.00038515
BTCUSDT,1710489600000,0.00014328
BTCUSDT,1710518400000,0.00015306
BTCUSDT,1710547200000,0.0001
BTCUSDT,1710576000000,0.00023202
BTCUSDT,1710604800000,0.00020813
BTCUSDT,1710633600000,0.00013089
BTCUSDT,1710662400000,0.00017773
BTCUSDT,1710691200000,0.00024827
BTCUSDT,1710720000000,0.00020181
BTCUSDT,1710748800000,0.00030597
BTCUSDT,1710777600001,0.00027195
BTCUSDT,1710806400000,0.00026923
BTCUSDT,1710835200000,0.00029065
BTCUSDT,1710864000001,0.00024018
BTCUSDT,1710892800000,0.00015847
BTCUSDT,1710921600004,0.00018388
BTCUSDT,1710950400000,0.0001
BTCUSDT,1710979200000,0.00010403
BTCUSDT,1711008000000,0.00019304
BTCUSDT,1711036800000,0.0001951
BTCUSDT,1711065600000,0.00016271
BTCUSDT,1711094400000,0.0001
BTCUSDT,1711123200000,0.00011993
BTCUSDT,1711152000000,0.0001
BTCUSDT,1711180800000,0.0001
BTCUSDT,1711209600000,0.00010806
BTCUSDT,1711238400000,0.00010351
BTCUSDT,1711267200000,0.00014616
BTCUSDT,1711296000000,0.00015884
BTCUSDT,1711324800000,0.00025549
BTCUSDT,1711353600001,0.00016324
BTCUSDT,1711382400000,0.00028815
BTCUSDT,1711411200000,0.00021963
BTCUSDT,1711440000000,0.00018348
BTCUSDT,1711468800000,0.00026764
BTCUSDT,1711497600000,0.00028757
BTCUSDT,1711526400001,0.00029551
BTCUSDT,1711555200000,0.00043631
BTCUSDT,1711584000000,0.00024195
BTCUSDT,1711612800000,0.00029899
BTCUSDT,1711641600000,0.0002943
BTCUSDT,1711670400000,0.0001825
BTCUSDT,1711699200000,0.00025456
BTCUSDT,1711728000000,0.0003017
BTCUSDT,1711756800000,0.00019624
BTCUSDT,1711785600000,0.00032267
BTCUSDT,1711814400000,0.0003436
BTCUSDT,1711843200000,0.00032351
BTCUSDT,1711872000000,0.00039889
BTCUSDT,1711900800001,0.00040301
BTCUSDT,1711929600000,0.00070161
BTCUSDT,1711958400000,0.00033491
BTCUSDT,1711987200000,0.00027469
BTCUSDT,1712016000007,0.00010926
BTCUSDT,1712044800015,0.0001
BTCUSDT,1712073600000,0.00016456
BTCUSDT,1712102400000,0.0001
BTCUSDT,1712131200000,0.0001
BTCUSDT,1712160000000,0.0001
BTCUSDT,1712188800000,0.0001
BTCUSDT,1712217600000,0.0001
BTCUSDT,1712246400000,0.0001
BTCUSDT,1712275200000,0.0001
BTCUSDT,1712304000000,0.0001
BTCUSDT,1712332800000,0.0001
BTCUSDT,1712361600000,0.0001
BTCUSDT,1712390400000,0.0001
BTCUSDT,1712419200000,0.0001
BTCUSDT,1712448000000,0.0001
BTCUSDT,1712476800000,0.0001
BTCUSDT,1712505600000,0.0001
BTCUSDT,1712534400001,0.0001
BTCUSDT,1712563200000,0.0001
BTCUSDT,1712592000006,0.00035189
BTCUSDT,1712620800000,0.00020915
BTCUSDT,1712649600001,0.00020603
BTCUSDT,1712678400001,0.00019061
BTCUSDT,1712707200000,0.00011929
BTCUSDT,1712736000001,0.00012457
BTCUSDT,1712764800000,0.0001
BTCUSDT,1712793600000,0.00013979
BTCUSDT,1712822400000,0.00020153
BTCUSDT,1712851200000,0.00019763
BTCUSDT,1712880000000,0.00011258
BTCUSDT,1712908800001,0.0002563
BTCUSDT,1712937600000,0.00012214
BTCUSDT,1712966400000,0.0001
BTCUSDT,1712995200000,0.0001
BTCUSDT,1713024000001,0.0001
BTCUSDT,1713052800000,0.0001
BTCUSDT,1713081600000,0.0001
BTCUSDT,1713110400000,0.0001
BTCUSDT,1713139200000,0.0001
BTCUSDT,1713168000001,1.759e-05
BTCUSDT,1713196800000,0.0001
BTCUSDT,1713225600001,5.953e-05
BTCUSDT,1713254400000,9.525e-05
BTCUSDT,1713283200000,3.513e-05
BTCUSDT,1713312000000,6.375e-05
BTCUSDT,1713340800000,3.574e-05
BTCUSDT,1713369600000,6.534e-05
BTCUSDT,1713398400000,6.937e-05
BTCUSDT,1713427200000,5.982e-05
BTCUSDT,1713456000000,-3.334e-05
BTCUSDT,1713484800001,-3.12e-05
BTCUSDT,1713513600000,6.641e-05
BTCUSDT,1713542400000,5.88e-05
BTCUSDT,1713571200000,0.0001
BTCUSDT,1713600000000,-7.66e-06
BTCUSDT,1713628800000,4.204e-05
BTCUSDT,1713657600000,3.186e-05
BTCUSDT,1713686400000,-2.093e-05
BTCUSDT,1713715200000,8.271e-05
BTCUSDT,1713744000000,4.409e-05
BTCUSDT,1713772800000,2.497e-05
BTCUSDT,1713801600000,8.98e-06
BTCUSDT,1713830400000,-1.236e-05
BTCUSDT,1713859200000,5.24e-05
BTCUSDT,1713888000001,-1.083e-05
BTCUSDT,1713916800000,1.413e-05
BTCUSDT,1713945600000,5.302e-05
BTCUSDT,1713974400000,7.047e-05
BTCUSDT,1714003200000,7.02e-05
BTCUSDT,1714032000000,4.069e-05
BTCUSDT,1714060800010,1.14e-05
BTCUSDT,1714089600001,1.709e-05
BTCUSDT,1714118400000,6.85e-06
BTCUSDT,1714147200000,5.562e-05
BTCUSDT,1714176000000,0.0001
BTCUSDT,1714204800001,7.47e-05
BTCUSDT,1714233600000,2.834e-05
BTCUSDT,1714262400000,1.006e-05
BTCUSDT,1714291200000,-2.081e-05
BTCUSDT,1714320000000,2.782e-05
BTCUSDT,1714348800000,2.472e-05
BTCUSDT,1714377600000,5.544e-05
BTCUSDT,1714406400000,6.828e-05
BTCUSDT,1714435200000,9.74e-05
BTCUSDT,1714464000000,9.154e-05
BTCUSDT,1714492800000,0.0001
BTCUSDT,1714521600000,0.0001
BTCUSDT,1714550400000,8.946e-05
BTCUSDT,1714579200000,9.902e-05
BTCUSDT,1714608000000,6.634e-05
BTCUSDT,1714636800000,6.169e-05
BTCUSDT,1714665600002,-1.23e-06
BTCUSDT,1714694400000,-1.549e-05
BTCUSDT,1714723200000,-3.764e-05
BTCUSDT,1714752000000,8.091e-05
BTCUSDT,1714780800000,2.703e-05
BTCUSDT,1714809600000,7.455e-05
BTCUSDT,1714838400000,6.265e-05
BTCUSDT,1714867200000,6.906e-05
BTCUSDT,1714896000000,6.47e-06
BTCUSDT,1714924800000,3.893e-05
BTCUSDT,1714953600000,6.02e-06
BTCUSDT,1714982400000,-1.031e-05
BTCUSDT,1715011200000,7.746e-05
BTCUSDT,1715040000000,6.064e-05
BTCUSDT,1715068800000,1.581e-05
BTCUSDT,1715097600000,9.028e-05
BTCUSDT,1715126400000,4.891e-05
BTCUSDT,1715155200000,5.553e-05
BTCUSDT,1715184000000,9.292e-05
BTCUSDT,1715212800000,5.648e-05
BTCUSDT,1715241600000,3.315e-05
BTCUSDT,1715270400000,7.253e-05
BTCUSDT,1715299200000,1.026e-05
BTCUSDT,1715328000000,5.934e-05
BTCUSDT,1715356800000,7.653e-05
BTCUSDT,1715385600000,8.881e-05
BTCUSDT,1715414400000,3.771e-05
BTCUSDT,1715443200000,5.067e-05
BTCUSDT,1715472000000,2.604e-05
BTCUSDT,1715500800000,2.83e-05
BTCUSDT,1715529600000,0.0001
BTCUSDT,1715558400001,0.0001
BTCUSDT,1715587200001,8.469e-05
BTCUSDT,1715616000000,9.151e-05
BTCUSDT,1715644800000,9.866e-05
BTCUSDT,1715673600000,0.0001
BTCUSDT,1715702400000,4.392e-05
BTCUSDT,1715731200000,0.0001
BTCUSDT,1715760000000,-3.85e-06
BTCUSDT,1715788800000,2.373e-05
BTCUSDT,1715817600004,2.103e-05
BTCUSDT,1715846400000,5.148e-05
BTCUSDT,1715875200000,3.543e-05
BTCUSDT,1715904000000,4.647e-05
BTCUSDT,1715932800000,8.15e-06
BTCUSDT,1715961600000,-2.98e-06
BTCUSDT,1715990400000,6.28e-06
BTCUSDT,1716019200000,8.012e-05
BTCUSDT,1716048000000,-7.92e-06
BTCUSDT,1716076800000,3.339e-05
BTCUSDT,1716105600000,5.21e-05
BTCUSDT,1716134400000,4.779e-05
BTCUSDT,1716163200000,5.607e-05
BTCUSDT,1716192000000,2.479e-05
BTCUSDT,1716220800003,2.552e-05
BTCUSDT,1716249600000,0.0001
BTCUSDT,1716278400001,0.00010517
BTCUSDT,1716307200000,0.0001
BTCUSDT,1716336000000,0.0001
BTCUSDT,1716364800000,0.00015759
BTCUSDT,1716393600000,0.0001
BTCUSDT,1716422400000,0.0001
BTCUSDT,1716451200000,0.0001
BTCUSDT,1716480000000,0.0001
BTCUSDT,1716508800000,0.0001
BTCUSDT,1716537600000,0.0001
BTCUSDT,1716566400000,0.0001
BTCUSDT,1716595200000,0.0001
BTCUSDT,1716624000000,0.0001
BTCUSDT,1716652800000,0.0001
BTCUSDT,1716681600000,0.0001
BTCUSDT,1716710400000,0.0001
BTCUSDT,1716739200000,0.0001
BTCUSDT,1716768000000,0.0001
BTCUSDT,1716796800000,0.0001
BTCUSDT,1716825600000,0.0001
BTCUSDT,1716854400000,0.0001
BTCUSDT,1716883200000,0.0001
BTCUSDT,1716912000000,0.0001
BTCUSDT,1716940800001,0.0001
BTCUSDT,1716969600000,0.0001
BTCUSDT,1716998400000,0.00012558
BTCUSDT,1717027200000,0.0001
BTCUSDT,1717056000000,0.0001
BTCUSDT,1717084800000,0.0001
BTCUSDT,1717113600000,0.00014599
BTCUSDT,1717142400000,0.00012268
BTCUSDT,1717171200000,0.0001
BTCUSDT,1717200000000,0.0001
BTCUSDT,1717228800000,0.0001
BTCUSDT,1717257600001,0.0001025
BTCUSDT,1717286400000,0.0001
BTCUSDT,1717315200000,0.0001
BTCUSDT,1717344000000,0.0001
BTCUSDT,1717372800000,0.0001
BTCUSDT,1717401600000,0.00014135
BTCUSDT,1717430400000,0.0001
BTCUSDT,1717459200000,0.00012008
BTCUSDT,1717488000000,0.0001
BTCUSDT,1717516800000,0.0001
BTCUSDT,1717545600000,0.0001
BTCUSDT,1717574400000,0.00016387
BTCUSDT,1717603200000,0.00013226
BTCUSDT,1717632000000,0.0001
BTCUSDT,1717660800008,0.00010438
BTCUSDT,1717689600000,0.0001177
BTCUSDT,1717718400000,0.0001
BTCUSDT,1717747200000,0.0001
BTCUSDT,1717776000000,0.00010166
BTCUSDT,1717804800000,0.0001
BTCUSDT,1717833600000,0.0001
BTCUSDT,1717862400000,0.0001
BTCUSDT,1717891200000,0.0001
BTCUSDT,1717920000000,0.0001
BTCUSDT,1717948800001,0.0001
BTCUSDT,1717977600000,0.0001
BTCUSDT,1718006400000,0.0001
BTCUSDT,1718035200001,0.0001
BTCUSDT,1718064000001,0.0001
BTCUSDT,1718092800000,0.0001
BTCUSDT,1718121600000,0.0001
BTCUSDT,1718150400000,0.0001
BTCUSDT,1718179200000,0.0001
BTCUSDT,1718208000000,0.0001
BTCUSDT,1718236800000,0.0001
BTCUSDT,1718265600001,0.0001
BTCUSDT,1718294400000,0.0001
BTCUSDT,1718323200000,0.0001
BTCUSDT,1718352000000,0.0001
BTCUSDT,1718380800000,0.0001
BTCUSDT,1718409600000,0.0001
BTCUSDT,1718438400000,0.0001
BTCUSDT,1718467200000,0.0001
BTCUSDT,1718496000001,0.0001
BTCUSDT,1718524800000,0.0001
BTCUSDT,1718553600000,0.0001
BTCUSDT,1718582400000,0.0001
BTCUSDT,1718611200000,0.0001
BTCUSDT,1718640000000,0.0001
BTCUSDT,1718668800000,0.0001
BTCUSDT,1718697600000,8.236e-05
BTCUSDT,1718726400000,0.0001
BTCUSDT,1718755200001,0.0001
BTCUSDT,1718784000001,4.127e-05
BTCUSDT,1718812800000,2.967e-05
BTCUSDT,1718841600000,3.934e-05
BTCUSDT,1718870400000,5.953e-05
BTCUSDT,1718899200000,6.879e-05
BTCUSDT,1718928000000,3.344e-05
BTCUSDT,1718956800000,7.328e-05
BTCUSDT,1718985600000,0.0001
BTCUSDT,1719014400000,0.0001
BTCUSDT,1719043200000,4.146e-05
BTCUSDT,1719072000000,0.0001
BTCUSDT,1719100800000,0.0001
BTCUSDT,1719129600000,2.307e-05
BTCUSDT,1719158400000,4.676e-05
BTCUSDT,1719187200002,9.534e-05
BTCUSDT,1719216000000,0.0001
BTCUSDT,1719244800000,7.488e-05
BTCUSDT,1719273600000,7.447e-05
BTCUSDT,1719302400000,5.949e-05
BTCUSDT,1719331200000,7.752e-05
BTCUSDT,1719360000002,0.0001
BTCUSDT,1719388800000,0.0001
BTCUSDT,1719417600000,0.0001
BTCUSDT,1719446400000,0.0001
BTCUSDT,1719475200001,0.0001
BTCUSDT,1719504000000,0.0001
BTCUSDT,1719532800000,0.0001
BTCUSDT,1719561600000,0.0001
BTCUSDT,1719590400000,0.0001
BTCUSDT,1719619200001,0.0001
BTCUSDT,1719648000000,0.0001
BTCUSDT,1719676800000,0.0001
BTCUSDT,1719705600000,0.0001
BTCUSDT,1719734400000,0.0001
BTCUSDT,1719763200000,0.0001
BTCUSDT,1719792000000,0.0001
BTCUSDT,1719820800000,0.0001
BTCUSDT,1719849600001,0.0001
BTCUSDT,1719878400000,0.0001
BTCUSDT,1719907200000,0.0001
BTCUSDT,1719936000000,0.0001
BTCUSDT,1719964800000,0.0001
BTCUSDT,1719993600001,0.0001
BTCUSDT,1720022400000,0.0001
BTCUSDT,1720051200000,0.0001
BTCUSDT,1720080000000,0.0001
BTCUSDT,1720108800000,0.0001
BTCUSDT,1720137600000,0.0001
BTCUSDT,1720166400000,0.0001
BTCUSDT,1720195200000,1.762e-05
BTCUSDT,1720224000000,5.729e-05
BTCUSDT,1720252800000,7.512e-05
BTCUSDT,1720281600000,3.25e-05
BTCUSDT,1720310400001,8.164e-05
BTCUSDT,1720339200000,0.0001
BTCUSDT,1720368000000,0.0001
BTCUSDT,1720396800000,7.905e-05
BTCUSDT,1720425600000,8.222e-05
BTCUSDT,1720454400000,0.0001
BTCUSDT,1720483200000,0.0001
BTCUSDT,1720512000001,8.61e-06
BTCUSDT,1720540800000,0.0001
BTCUSDT,1720569600000,0.0001
BTCUSDT,1720598400000,9.225e-05
BTCUSDT,1720627200000,5.485e-05
BTCUSDT,1720656000002,0.0001
BTCUSDT,1720684800002,0.0001
BTCUSDT,1720713600004,0.0001
BTCUSDT,1720742400000,6.378e-05
BTCUSDT,1720771200000,3.026e-05
BTCUSDT,1720800000000,4.037e-05
BTCUSDT,1720828800000,8.319e-05
BTCUSDT,1720857600000,6.865e-05
BTCUSDT,1720886400000,0.0001
BTCUSDT,1720915200000,8.737e-05
BTCUSDT,1720944000000,3.71e-05
BTCUSDT,1720972800000,8.342e-05
BTCUSDT,1721001600000,4.59e-05
BTCUSDT,1721030400000,3.202e-05
BTCUSDT,1721059200000,-5.14e-06
BTCUSDT,1721088000000,-5.062e-05
BTCUSDT,1721116800000,8.814e-05
BTCUSDT,1721145600000,2.717e-05
BTCUSDT,1721174400000,-3.419e-05
BTCUSDT,1721203200001,1.775e-05
BTCUSDT,1721232000000,2.143e-05
BTCUSDT,1721260800000,6.89e-06
BTCUSDT,1721289600000,1.546e-05
BTCUSDT,1721318400000,3.127e-05
BTCUSDT,1721347200000,4.029e-05
BTCUSDT,1721376000000,4.855e-05
BTCUSDT,1721404800000,4.606e-05
BTCUSDT,1721433600001,-3.077e-05
BTCUSDT,1721462400000,1.944e-05
BTCUSDT,1721491200000,1.622e-05
BTCUSDT,1721520000000,-5.313e-05
BTCUSDT,1721548800000,2.194e-05
BTCUSDT,1721577600000,6.46e-06
BTCUSDT,1721606400000,9.136e-05
BTCUSDT,1721635200000,5.953e-05
BTCUSDT,1721664000000,2.769e-05
BTCUSDT,1721692800000,4.709e-05
BTCUSDT,1721721600000,4.31e-05
BTCUSDT,1721750400000,4.642e-05
BTCUSDT,1721779200000,0.0001
BTCUSDT,1721808000000,0.0001
BTCUSDT,1721836800000,0.0001
BTCUSDT,1721865600000,0.0001
BTCUSDT,1721894400000,0.0001
BTCUSDT,1721923200000,0.0001
BTCUSDT,1721952000000,0.0001
BTCUSDT,1721980800000,0.0001
BTCUSDT,1722009600000,3.34e-05
BTCUSDT,1722038400000,6.547e-05
BTCUSDT,1722067200000,8.022e-05
BTCUSDT,1722096000000,9.109e-05
BTCUSDT,1722124800000,8.18e-05
BTCUSDT,1722153600000,9.177e-05
BTCUSDT,1722182400001,2.804e-05
BTCUSDT,1722211200001,8.361e-05
BTCUSDT,1722240000000,5.623e-05
BTCUSDT,1722268800001,0.0001
BTCUSDT,1722297600000,3.396e-05
BTCUSDT,1722326400001,3.562e-05
BTCUSDT,1722355200000,7.691e-05
BTCUSDT,1722384000000,3.063e-05
BTCUSDT,1722412800000,7.178e-05
BTCUSDT,1722441600000,3.826e-05
BTCUSDT,1722470400000,8.208e-05
BTCUSDT,1722499200000,0.0001
BTCUSDT,1722528000000,0.0001
BTCUSDT,1722556800000,0.0001
BTCUSDT,1722585600001,0.0001
BTCUSDT,1722614400000,0.0001
BTCUSDT,1722643200000,0.0001
BTCUSDT,1722672000000,9.788e-05
BTCUSDT,1722700800001,4.247e-05
BTCUSDT,1722729600000,0.0001
BTCUSDT,1722758400000,5.343e-05
BTCUSDT,1722787200000,0.0001
BTCUSDT,1722816000000,0.0001
BTCUSDT,1722844800000,4.429e-05
BTCUSDT,1722873600000,5.967e-05
BTCUSDT,1722902400000,3.566e-05
BTCUSDT,1722931200000,-2.845e-05
BTCUSDT,1722960000000,4.485e-05
BTCUSDT,1722988800000,-7.3e-06
BTCUSDT,1723017600001,-6.859e-05
BTCUSDT,1723046400000,3.241e-05
BTCUSDT,1723075200001,2.637e-05
BTCUSDT,1723104000000,3.086e-05
BTCUSDT,1723132800000,1.147e-05
BTCUSDT,1723161600000,4.994e-05
BTCUSDT,1723190400000,2.184e-05
BTCUSDT,1723219200000,4.846e-05
BTCUSDT,1723248000000,-3.942e-05
BTCUSDT,1723276800000,-1.379e-05
BTCUSDT,1723305600000,-1.949e-05
BTCUSDT,1723334400000,4.049e-05
BTCUSDT,1723363200000,-1.839e-05
BTCUSDT,1723392000001,1.185e-05
BTCUSDT,1723420800000,1.113e-05
BTCUSDT,1723449600000,8.783e-05
BTCUSDT,1723478400000,-2.238e-05
BTCUSDT,1723507200000,6.14e-05
BTCUSDT,1723536000000,5.21e-06
BTCUSDT,1723564800000,-3.902e-05
BTCUSDT,1723593600000,1.152e-05
BTCUSDT,1723622400000,-1.33e-05
BTCUSDT,1723651200000,-7.811e-05
BTCUSDT,1723680000000,-8.488e-05
BTCUSDT,1723708800000,6.339e-05
BTCUSDT,1723737600000,-6.181e-05
BTCUSDT,1723766400000,-0.00011235
BTCUSDT,1723795200000,-7.387e-05
BTCUSDT,1723824000000,-5.57e-06
BTCUSDT,1723852800000,1.912e-05
BTCUSDT,1723881600000,4.177e-05
BTCUSDT,1723910400000,-1.52e-06
BTCUSDT,1723939200000,3.966e-05
BTCUSDT,1723968000000,-1.323e-05
BTCUSDT,1723996800000,-3.149e-05
BTCUSDT,1724025600000,-3.616e-05
BTCUSDT,1724054400000,-6.75e-05
BTCUSDT,1724083200002,-1.957e-05
BTCUSDT,1724112000000,-2.656e-05
BTCUSDT,1724140800000,1.349e-05
BTCUSDT,1724169600001,1.419e-05
BTCUSDT,1724198400001,-6.756e-05
BTCUSDT,1724227200000,-5.91e-06
BTCUSDT,1724256000001,3.96e-06
BTCUSDT,1724284800000,-2.229e-05
BTCUSDT,1724313600000,1.338e-05
BTCUSDT,1724342400008,-7.261e-05
BTCUSDT,1724371200000,-3.329e-05
BTCUSDT,1724400000000,2.391e-05
BTCUSDT,1724428800000,-4.317e-05
BTCUSDT,1724457600000,-7.72e-06
BTCUSDT,1724486400005,-7.23e-06
BTCUSDT,1724515200000,6.395e-05
BTCUSDT,1724544000000,-4.806e-05
BTCUSDT,1724572800000,-1.531e-05
BTCUSDT,1724601600000,3.108e-05
BTCUSDT,1724630400000,2.439e-05
BTCUSDT,1724659200001,3.448e-05
BTCUSDT,1724688000000,3.789e-05
BTCUSDT,1724716800001,2.795e-05
BTCUSDT,1724745600000,1.751e-05
BTCUSDT,1724774400000,7.753e-05
BTCUSDT,1724803200000,-6.803e-05
BTCUSDT,1724832000000,2.433e-05
BTCUSDT,1724860800001,1.143e-05
BTCUSDT,1724889600000,-9.76e-06
BTCUSDT,1724918400001,-1.644e-05
BTCUSDT,1724947200000,5.59e-06
BTCUSDT,1724976000000,9.36e-06
BTCUSDT,1725004800000,3.578e-05
BTCUSDT,1725033600000,2.927e-05
BTCUSDT,1725062400000,-1.749e-05
BTCUSDT,1725091200000,3.578e-05
BTCUSDT,1725120000000,3.8e-05
BTCUSDT,1725148800000,4.113e-05
BTCUSDT,1725177600001,-3.432e-05
BTCUSDT,1725206400000,-3.82e-06
BTCUSDT,1725235200001,-3.386e-05
BTCUSDT,1725264000001,2.48e-06
BTCUSDT,1725292800000,-3.63e-06
BTCUSDT,1725321600000,6.245e-05
BTCUSDT,1725350400001,5.123e-05
BTCUSDT,1725379200000,4.598e-05
BTCUSDT,1725408000000,2.209e-05
BTCUSDT,1725436800000,1.05e-05
BTCUSDT,1725465600000,-1.47e-05
BTCUSDT,1725494400000,9.016e-05
BTCUSDT,1725523200000,2.025e-05
BTCUSDT,1725552000005,2.49e-05
BTCUSDT,1725580800000,2.28e-05
BTCUSDT,1725609600001,-1e-08
BTCUSDT,1725638400000,1.428e-05
BTCUSDT,1725667200000,-5.57e-06
BTCUSDT,1725696000000,-7.634e-05
BTCUSDT,1725724800000,-7.236e-05
BTCUSDT,1725753600000,3.745e-05
BTCUSDT,1725782400000,-5.999e-05
BTCUSDT,1725811200000,-5.245e-05
BTCUSDT,1725840000000,-7.585e-05
BTCUSDT,1725868800000,-7.108e-05
BTCUSDT,1725897600001,-3.875e-05
BTCUSDT,1725926400000,-6.028e-05
BTCUSDT,1725955200000,-2.93e-05
BTCUSDT,1725984000000,-1.126e-05
BTCUSDT,1726012800000,-8.953e-05
BTCUSDT,1726041600000,-2.247e-05
BTCUSDT,1726070400000,-5.212e-05
BTCUSDT,1726099200000,-1.951e-05
BTCUSDT,1726128000000,-5.46e-06
BTCUSDT,1726156800000,-2.95e-05
BTCUSDT,1726185600000,-6.9e-07
BTCUSDT,1726214400001,-8.69e-06
BTCUSDT,1726243200001,-2.443e-05
BTCUSDT,1726272000000,-8.699e-05
BTCUSDT,1726300800000,8.59e-06
BTCUSDT,1726329600001,2.326e-05
BTCUSDT,1726358400000,-4.91e-06
BTCUSDT,1726387200000,1e-08
BTCUSDT,1726416000000,4.02e-06
BTCUSDT,1726444800000,2.402e-05
BTCUSDT,1726473600001,3.564e-05
BTCUSDT,1726502400000,6.762e-05
BTCUSDT,1726531200001,8.529e-05
BTCUSDT,1726560000000,1.911e-05
BTCUSDT,1726588800000,5.327e-05
BTCUSDT,1726617600000,1.344e-05
BTCUSDT,1726646400000,1.678e-05
BTCUSDT,1726675200004,4.648e-05
BTCUSDT,1726704000000,3.512e-05
BTCUSDT,1726732800000,2.949e-05
BTCUSDT,1726761600001,4.072e-05
BTCUSDT,1726790400000,8.065e-05
BTCUSDT,1726819200001,-5.03e-06
BTCUSDT,1726848000000,5.543e-05
BTCUSDT,1726876800001,4.638e-05
BTCUSDT,1726905600000,0.0001
BTCUSDT,1726934400000,8.234e-05
BTCUSDT,1726963200000,6.285e-05
BTCUSDT,1726992000000,9.254e-05
BTCUSDT,1727020800000,5.537e-05
BTCUSDT,1727049600000,6.546e-05
BTCUSDT,1727078400000,1.364e-05
BTCUSDT,1727107200000,5.304e-05
BTCUSDT,1727136000000,2.324e-05
BTCUSDT,1727164800000,2.895e-05
BTCUSDT,1727193600001,-1.82e-06
BTCUSDT,1727222400000,1.223e-05
BTCUSDT,1727251200003,1.141e-05
BTCUSDT,1727280000000,1.336e-05
BTCUSDT,1727308800005,1.65e-05
BTCUSDT,1727337600000,6.246e-05
BTCUSDT,1727366400000,0.0001
BTCUSDT,1727395200000,0.0001
BTCUSDT,1727424000000,6.722e-05
BTCUSDT,1727452800000,2.275e-05
BTCUSDT,1727481600000,5.455e-05
BTCUSDT,1727510400001,8.3e-05
BTCUSDT,1727539200000,1.414e-05
BTCUSDT,1727568000001,7.25e-06
BTCUSDT,1727596800000,3.128e-05
BTCUSDT,1727625600000,7.253e-05
BTCUSDT,1727654400000,3.077e-05
BTCUSDT,1727683200001,7.939e-05
BTCUSDT,1727712000000,0.0001
BTCUSDT,1727740800000,0.0001
BTCUSDT,1727769600000,0.0001
BTCUSDT,1727798400001,0.0001
BTCUSDT,1727827200000,6.632e-05
BTCUSDT,1727856000000,8.409e-05
BTCUSDT,1727884800000,8.191e-05
BTCUSDT,1727913600000,4.381e-05
BTCUSDT,1727942400000,3.746e-05
BTCUSDT,1727971200000,4.99e-05
BTCUSDT,1728000000000,7.097e-05
BTCUSDT,1728028800000,2.119e-05
BTCUSDT,1728057600001,2.43e-06
BTCUSDT,1728086400000,-1.596e-05
BTCUSDT,1728115200000,1.088e-05
BTCUSDT,1728144000000,8.61e-06
BTCUSDT,1728172800000,5.72e-06
BTCUSDT,1728201600001,3.288e-05
BTCUSDT,1728230400000,4.18e-05
BTCUSDT,1728259200000,4.573e-05
BTCUSDT,1728288000000,-9.52e-06
BTCUSDT,1728316800001,2.177e-05
BTCUSDT,1728345600000,-1.678e-05
BTCUSDT,1728374400000,7.094e-05
BTCUSDT,1728403200000,8.1e-05
BTCUSDT,1728432000000,0.0001
BTCUSDT,1728460800000,5.138e-05
BTCUSDT,1728489600000,7.939e-05
BTCUSDT,1728518400000,2.09e-05
BTCUSDT,1728547200000,1.532e-05
BTCUSDT,1728576000000,0.0001
BTCUSDT,1728604800000,2.231e-05
BTCUSDT,1728633600000,-1.874e-05
BTCUSDT,1728662400001,1.2e-06
BTCUSDT,1728691200000,4.558e-05
BTCUSDT,1728720000001,7.664e-05
BTCUSDT,1728748800000,-1.489e-05
BTCUSDT,1728777600000,6.93e-06
BTCUSDT,1728806400000,1.638e-05
BTCUSDT,1728835200000,3.938e-05
BTCUSDT,1728864000000,5.429e-05
BTCUSDT,1728892800000,0.0001
BTCUSDT,1728921600000,0.0001
BTCUSDT,1728950400000,0.0001
BTCUSDT,1728979200000,0.0001
BTCUSDT,1729008000000,0.0001
BTCUSDT,1729036800000,8.325e-05
BTCUSDT,1729065600001,8.5e-05
BTCUSDT,1729094400000,0.0001
BTCUSDT,1729123200000,0.0001
BTCUSDT,1729152000000,0.0001
BTCUSDT,1729180800001,0.0001
BTCUSDT,1729209600010,0.0001
BTCUSDT,1729238400001,0.0001
BTCUSDT,1729267200000,0.0001
BTCUSDT,1729296000000,0.0001
BTCUSDT,1729324800000,0.0001
BTCUSDT,1729353600000,0.0001
BTCUSDT,1729382400000,0.0001
BTCUSDT,1729411200000,0.0001
BTCUSDT,1729440000000,0.0001
BTCUSDT,1729468800000,0.0001
BTCUSDT,1729497600000,0.0001
BTCUSDT,1729526400000,0.0001
BTCUSDT,1729555200000,0.0001
BTCUSDT,1729584000000,0.0001
BTCUSDT,1729612800000,0.0001
BTCUSDT,1729641600000,0.0001
BTCUSDT,1729670400000,0.0001
BTCUSDT,1729699200000,0.0001
BTCUSDT,1729728000000,0.0001
BTCUSDT,1729756800000,0.0001
BTCUSDT,1729785600000,0.0001
BTCUSDT,1729814400000,0.0001
BTCUSDT,1729843200000,0.0001
BTCUSDT,1729872000000,0.0001
BTCUSDT,1729900800000,4.755e-05
BTCUSDT,1729929600001,7.569e-05
BTCUSDT,1729958400000,0.0001
BTCUSDT,1729987200000,0.0001
BTCUSDT,1730016000000,9.724e-05
BTCUSDT,1730044800000,0.0001
BTCUSDT,1730073600000,9.425e-05
BTCUSDT,1730102400001,0.0001
BTCUSDT,1730131200000,8.946e-05
BTCUSDT,1730160000000,0.0001
BTCUSDT,1730188800000,0.0001
BTCUSDT,1730217600004,0.0001
BTCUSDT,1730246400000,0.0001
BTCUSDT,1730275200000,0.0001
BTCUSDT,1730304000013,0.0001
BTCUSDT,1730332800000,0.0001
BTCUSDT,1730361600000,0.0001
BTCUSDT,1730390400000,0.0001
BTCUSDT,1730419200000,0.0001
BTCUSDT,1730448000000,0.0001
BTCUSDT,1730476800000,0.0001
BTCUSDT,1730505600000,0.0001
BTCUSDT,1730534400000,0.0001
BTCUSDT,1730563200000,0.0001
BTCUSDT,1730592000000,0.0001
BTCUSDT,1730620800000,0.0001
BTCUSDT,1730649600000,0.0001
BTCUSDT,1730678400000,0.0001
BTCUSDT,1730707200000,0.0001
BTCUSDT,1730736000000,0.0001
BTCUSDT,1730764800000,0.0001
BTCUSDT,1730793600003,0.0001
BTCUSDT,1730822400001,0.0001
BTCUSDT,1730851200000,0.0001
BTCUSDT,1730880000000,0.0001
BTCUSDT,1730908800000,0.0001
BTCUSDT,1730937600000,0.0001
BTCUSDT,1730966400000,0.0001
BTCUSDT,1730995200000,0.0001
BTCUSDT,1731024000000,0.0001
BTCUSDT,1731052800000,0.0001
BTCUSDT,1731081600000,0.0001
BTCUSDT,1731110400000,0.0001
BTCUSDT,1731139200000,0.0001
BTCUSDT,1731168000000,0.0001
BTCUSDT,1731196800000,0.0001
BTCUSDT,1731225600000,0.00025603
BTCUSDT,1731254400000,0.00014113
BTCUSDT,1731283200001,0.00036878
BTCUSDT,1731312000000,0.0001
BTCUSDT,1731340800000,0.0001
BTCUSDT,1731369600002,0.00049133
BTCUSDT,1731398400000,0.00043737
BTCUSDT,1731427200000,0.00038754
BTCUSDT,1731456000000,0.0001
BTCUSDT,1731484800010,0.00013101
BTCUSDT,1731513600000,0.00021856
BTCUSDT,1731542400001,0.0001
BTCUSDT,1731571200000,0.0001
BTCUSDT,1731600000000,0.0001
BTCUSDT,1731628800000,0.0001
BTCUSDT,1731657600000,0.0001
BTCUSDT,1731686400000,0.00010977
BTCUSDT,1731715200001,0.0001
BTCUSDT,1731744000001,0.0001
BTCUSDT,1731772800000,0.00013231
BTCUSDT,1731801600000,0.00015765
BTCUSDT,1731830400000,0.0001
BTCUSDT,1731859200001,0.00010577
BTCUSDT,1731888000000,0.0001
BTCUSDT,1731916800000,0.0003645
BTCUSDT,1731945600000,0.00021318
BTCUSDT,1731974400000,0.00021606
BTCUSDT,1732003200000,0.00030216
BTCUSDT,1732032000000,0.00017959
BTCUSDT,1732060800003,0.0001
BTCUSDT,1732089600000,0.0001
BTCUSDT,1732118400000,0.0001
BTCUSDT,1732147200001,0.0001
BTCUSDT,1732176000000,0.0001
BTCUSDT,1732204800001,0.0001
BTCUSDT,1732233600000,0.0001
BTCUSDT,1732262400000,0.0001
BTCUSDT,1732291200001,0.0001
BTCUSDT,1732320000000,0.0001
BTCUSDT,1732348800000,0.0001
BTCUSDT,1732377600000,0.0001
BTCUSDT,1732406400001,0.0001
BTCUSDT,1732435200000,0.00016148
BTCUSDT,1732464000000,0.00023228
BTCUSDT,1732492800000,0.00021035
BTCUSDT,1732521600000,0.0001
BTCUSDT,1732550400000,0.00025233
BTCUSDT,1732579200000,0.00021902
BTCUSDT,1732608000000,0.00017936
BTCUSDT,1732636800000,0.00029599
BTCUSDT,1732665600000,0.00031205
BTCUSDT,1732694400000,0.00016795
BTCUSDT,1732723200001,0.0001
BTCUSDT,1732752000000,0.0001
BTCUSDT,1732780800000,0.00014326
BTCUSDT,1732809600000,0.00011859
BTCUSDT,1732838400000,0.00020619
BTCUSDT,1732867200000,0.00011747
BTCUSDT,1732896000000,0.00021921
BTCUSDT,1732924800000,0.0001
BTCUSDT,1732953600000,0.00015909
BTCUSDT,1732982400000,0.00012063
BTCUSDT,1733011200000,0.00015901
BTCUSDT,1733040000000,0.00019581
BTCUSDT,1733068800000,0.0001
BTCUSDT,1733097600001,0.00025726
BTCUSDT,1733126400001,0.00024556
BTCUSDT,1733155200000,0.00013387
BTCUSDT,1733184000000,0.00012779
BTCUSDT,1733212800000,0.00024926
BTCUSDT,1733241600000,0.00011952
BTCUSDT,1733270400000,0.00026634
BTCUSDT,1733299200000,0.00026254
BTCUSDT,1733328000000,0.00023234
BTCUSDT,1733356800001,0.00027625
BTCUSDT,1733385600000,0.00072446
BTCUSDT,1733414400000,0.00047059
BTCUSDT,1733443200000,0.0001
BTCUSDT,1733472000000,0.00014634
BTCUSDT,1733500800000,0.0001
BTCUSDT,1733529600000,0.00031972
BTCUSDT,1733558400000,0.00012374
BTCUSDT,1733587200000,0.0001409
BTCUSDT,1733616000000,0.00016985
BTCUSDT,1733644800000,0.00016572
BTCUSDT,1733673600000,0.0001758
BTCUSDT,1733702400000,0.00030413
BTCUSDT,1733731200000,0.00021032
BTCUSDT,1733760000001,0.00011115
BTCUSDT,1733788800007,0.0001
BTCUSDT,1733817600000,0.0001
BTCUSDT,1733846400000,0.0001
BTCUSDT,1733875200000,0.0001
BTCUSDT,1733904000000,0.0001
BTCUSDT,1733932800001,0.0001
BTCUSDT,1733961600001,0.0001
BTCUSDT,1733990400000,0.0001
BTCUSDT,1734019200001,0.0001
BTCUSDT,1734048000000,0.0001
BTCUSDT,1734076800000,0.0001
BTCUSDT,1734105600001,0.0001
BTCUSDT,1734134400000,6.75e-05
BTCUSDT,1734163200000,0.0001
BTCUSDT,1734192000000,0.0001
BTCUSDT,1734220800000,0.0001
BTCUSDT,1734249600000,8.194e-05
BTCUSDT,1734278400000,0.0001
BTCUSDT,1734307200000,0.0001
BTCUSDT,1734336000001,0.0001
BTCUSDT,1734364800000,9.181e-05
BTCUSDT,1734393600000,7.866e-05
BTCUSDT,1734422400000,0.0001
BTCUSDT,1734451200000,0.0001
BTCUSDT,1734480000000,0.0001
BTCUSDT,1734508800000,9.159e-05
BTCUSDT,1734537600000,0.0001
BTCUSDT,1734566400000,0.0001
BTCUSDT,1734595200000,0.0001
BTCUSDT,1734624000000,0.0001
BTCUSDT,1734652800000,0.0001
BTCUSDT,1734681600001,0.0001
BTCUSDT,1734710400014,0.0001
BTCUSDT,1734739200000,0.0001
BTCUSDT,1734768000000,1.206e-05
BTCUSDT,1734796800001,0.0001
BTCUSDT,1734825600000,0.0001
BTCUSDT,1734854400000,0.0001
BTCUSDT,1734883200000,9.629e-05
BTCUSDT,1734912000000,0.0001
BTCUSDT,1734940800000,0.0001
BTCUSDT,1734969600001,8.981e-05
BTCUSDT,1734998400000,0.0001
BTCUSDT,1735027200000,0.0001
BTCUSDT,1735056000001,0.0001
BTCUSDT,1735084800001,0.0001
BTCUSDT,1735113600000,0.0001
BTCUSDT,1735142400000,0.0001
BTCUSDT,1735171200000,9.827e-05
BTCUSDT,1735200000000,7.453e-05
BTCUSDT,1735228800000,8.585e-05
BTCUSDT,1735257600000,0.0001
BTCUSDT,1735286400000,0.0001
BTCUSDT,1735315200000,0.0001
BTCUSDT,1735344000001,0.0001
BTCUSDT,1735372800000,7.639e-05
BTCUSDT,1735401600000,5.173e-05
BTCUSDT,1735430400000,8.013e-05
BTCUSDT,1735459200000,0.0001
BTCUSDT,1735488000000,0.0001
BTCUSDT,1735516800000,-4.2e-07
BTCUSDT,1735545600001,8.791e-05
BTCUSDT,1735574400000,0.0001
BTCUSDT,1735603200000,0.0001
BTCUSDT,1735632000000,0.0001
BTCUSDT,1735660800000,0.0001
BTCUSDT,1735689600015,0.0001
BTCUSDT,1735718400000,0.0001
BTCUSDT,1735747200001,0.0001
BTCUSDT,1735776000000,0.0001
BTCUSDT,1735804800006,0.0001
BTCUSDT,1735833600000,0.0001
BTCUSDT,1735862400000,0.0001
BTCUSDT,1735891200000,0.0001
BTCUSDT,1735920000000,5.242e-05
BTCUSDT,1735948800000,7.699e-05
BTCUSDT,1735977600000,0.0001
BTCUSDT,1736006400000,7.98e-06
BTCUSDT,1736035200000,0.0001
BTCUSDT,1736064000000,0.0001
BTCUSDT,1736092800000,8.32e-05
BTCUSDT,1736121600000,0.0001
BTCUSDT,1736150400001,0.0001
BTCUSDT,1736179200000,0.0001
BTCUSDT,1736208000000,0.0001
BTCUSDT,1736236800000,8.903e-05
BTCUSDT,1736265600008,8.279e-05
BTCUSDT,1736294400001,0.0001
BTCUSDT,1736323200000,0.0001
BTCUSDT,1736352000000,0.0001
BTCUSDT,1736380800000,0.0001
BTCUSDT,1736409600000,9.834e-05
BTCUSDT,1736438400000,-5.44e-06
BTCUSDT,1736467200000,3.966e-05
BTCUSDT,1736496000000,-1.06e-05
BTCUSDT,1736524800000,8.078e-05
BTCUSDT,1736553600000,5.68e-05
BTCUSDT,1736582400000,4.055e-05
BTCUSDT,1736611200000,2.608e-05
BTCUSDT,1736640000000,5.009e-05
BTCUSDT,1736668800000,3.21e-05
BTCUSDT,1736697600000,6.647e-05
BTCUSDT,1736726400000,5.266e-05
BTCUSDT,1736755200000,6.989e-05
BTCUSDT,1736784000000,8.81e-06
BTCUSDT,1736812800000,0.0001
BTCUSDT,1736841600000,0.0001
BTCUSDT,1736870400000,9.496e-05
BTCUSDT,1736899200000,4.989e-05
BTCUSDT,1736928000000,8.795e-05
BTCUSDT,1736956800000,5.844e-05
BTCUSDT,1736985600000,7.28e-06
BTCUSDT,1737014400000,7.568e-05
BTCUSDT,1737043200000,4.598e-05
BTCUSDT,1737072000004,4.597e-05
BTCUSDT,1737100800000,9.386e-05
BTCUSDT,1737129600008,3.432e-05
BTCUSDT,1737158400000,6.707e-05
BTCUSDT,1737187200007,0.0001
BTCUSDT,1737216000000,0.0001
BTCUSDT,1737244800000,0.0001
BTCUSDT,1737273600000,0.0001
BTCUSDT,1737302400000,0.0001
BTCUSDT,1737331200000,0.0001
BTCUSDT,1737360000009,0.0001
BTCUSDT,1737388800000,0.0001
BTCUSDT,1737417600000,0.0001
BTCUSDT,1737446400000,0.0001
BTCUSDT,1737475200000,0.0001
BTCUSDT,1737504000000,0.0001
BTCUSDT,1737532800000,0.0001
BTCUSDT,1737561600000,0.0001
BTCUSDT,1737590400001,8.654e-05
BTCUSDT,1737619200000,0.0001
BTCUSDT,1737648000000,8.616e-05
BTCUSDT,1737676800000,3.34e-06
BTCUSDT,1737705600000,7.537e-05
BTCUSDT,1737734400000,9.54e-05
BTCUSDT,1737763200000,5.702e-05
BTCUSDT,1737792000000,8.495e-05
BTCUSDT,1737820800001,7.782e-05
BTCUSDT,1737849600000,8.363e-05
BTCUSDT,1737878400000,0.0001
BTCUSDT,1737907200000,8.443e-05
BTCUSDT,1737936000000,9.084e-05
BTCUSDT,1737964800000,3.712e-05
BTCUSDT,1737993600000,9.8e-07
BTCUSDT,1738022400000,0.0001
BTCUSDT,1738051200000,3.714e-05
BTCUSDT,1738080000000,9.848e-05
BTCUSDT,1738108800000,0.0001
BTCUSDT,1738137600000,0.0001
BTCUSDT,1738166400000,9.949e-05
BTCUSDT,1738195200000,7.59e-05
BTCUSDT,1738224000000,0.0001
BTCUSDT,1738252800000,9.499e-05
BTCUSDT,1738281600000,1.225e-05
BTCUSDT,1738310400000,0.0001
BTCUSDT,1738339200000,0.0001
BTCUSDT,1738368000000,8.098e-05
BTCUSDT,1738396800000,5.369e-05
BTCUSDT,1738425600000,5.968e-05
BTCUSDT,1738454400001,5.824e-05
BTCUSDT,1738483200000,3.38e-05
BTCUSDT,1738512000000,-8.61e-06
BTCUSDT,1738540800000,0.0001
BTCUSDT,1738569600000,0.0001
BTCUSDT,1738598400000,4.845e-05
BTCUSDT,1738627200000,2.612e-05
BTCUSDT,1738656000001,6.8e-05
BTCUSDT,1738684800000,4.138e-05
BTCUSDT,1738713600001,-4.61e-06
BTCUSDT,1738742400001,4.774e-05
BTCUSDT,1738771200000,1.61e-05
BTCUSDT,1738800000001,2.186e-05
BTCUSDT,1738828800001,-2.38e-06
BTCUSDT,1738857600000,5.903e-05
BTCUSDT,1738886400000,7.983e-05
BTCUSDT,1738915200000,6.989e-05
BTCUSDT,1738944000000,5.167e-05
BTCUSDT,1738972800000,-4.1e-05
BTCUSDT,1739001600000,1.137e-05
BTCUSDT,1739030400000,3.24e-06
BTCUSDT,1739059200000,3.873e-05
BTCUSDT,1739088000000,9.6e-05
BTCUSDT,1739116800000,2.839e-05
BTCUSDT,1739145600000,1.802e-05
BTCUSDT,1739174400000,9.176e-05
BTCUSDT,1739203200000,7.457e-05
BTCUSDT,1739232000000,4.218e-05
BTCUSDT,1739260800000,7.09e-05
BTCUSDT,1739289600000,-2.446e-05
BTCUSDT,1739318400000,1.298e-05
BTCUSDT,1739347200000,4.899e-05
BTCUSDT,1739376000001,4.96e-05
BTCUSDT,1739404800001,0.0001
BTCUSDT,1739433600000,4.117e-05
BTCUSDT,1739462400001,8.05e-06
BTCUSDT,1739491200000,4.1e-05
BTCUSDT,1739520000001,5.51e-05
BTCUSDT,1739548800000,7.093e-05
BTCUSDT,1739577600000,5.5e-07
BTCUSDT,1739606400000,3.297e-05
BTCUSDT,1739635200000,3.735e-05
BTCUSDT,1739664000000,3.39e-05
BTCUSDT,1739692800000,1.82e-06
BTCUSDT,1739721600000,3.799e-05
BTCUSDT,1739750400000,6.239e-05
BTCUSDT,1739779200000,6.397e-05
BTCUSDT,1739808000000,2.009e-05
BTCUSDT,1739836800000,9.488e-05
BTCUSDT,1739865600000,0.0001
BTCUSDT,1739894400000,0.0001
BTCUSDT,1739923200000,7.007e-05
BTCUSDT,1739952000000,7.779e-05
BTCUSDT,1739980800000,8.96e-05
BTCUSDT,1740009600000,2.42e-05
BTCUSDT,1740038400000,3.269e-05
BTCUSDT,1740067200000,7.346e-05
BTCUSDT,1740096000001,1.23e-06
BTCUSDT,1740124800000,2.286e-05
BTCUSDT,1740153600000,-9.7e-07
BTCUSDT,1740182400000,0.0001
BTCUSDT,1740211200000,6.466e-05
BTCUSDT,1740240000000,2.318e-05
BTCUSDT,1740268800000,4.112e-05
BTCUSDT,1740297600000,3.14e-05
BTCUSDT,1740326400000,1.478e-05
BTCUSDT,1740355200000,-2.97e-05
BTCUSDT,1740384000000,6.881e-05
BTCUSDT,1740412800000,2.05e-05
BTCUSDT,1740441600000,0.0001
BTCUSDT,1740470400000,5.245e-05
BTCUSDT,1740499200000,1.385e-05
BTCUSDT,1740528000000,3.521e-05
BTCUSDT,1740556800000,6.005e-05
BTCUSDT,1740585600000,0.0001
BTCUSDT,1740614400001,9.305e-05
BTCUSDT,1740643200000,-6.17e-06
BTCUSDT,1740672000000,9.433e-05
BTCUSDT,1740700800001,9.444e-05
BTCUSDT,1740729600000,9.521e-05
BTCUSDT,1740758400000,-3.73e-06
BTCUSDT,1740787200000,-1.4e-07
BTCUSDT,1740816000000,-6.108e-05
BTCUSDT,1740844800001,-8.58e-06
BTCUSDT,1740873600000,-1.094e-05
BTCUSDT,1740902400000,-2.783e-05
BTCUSDT,1740931200000,-2.869e-05
BTCUSDT,1740960000001,-5.518e-05
BTCUSDT,1740988800000,7.91e-06
BTCUSDT,1741017600000,5.272e-05
BTCUSDT,1741046400001,-1.526e-05
BTCUSDT,1741075200005,-2.7e-06
BTCUSDT,1741104000000,1.306e-05
BTCUSDT,1741132800000,4.113e-05
BTCUSDT,1741161600000,2.722e-05
BTCUSDT,1741190400000,5.028e-05
BTCUSDT,1741219200000,3.538e-05
BTCUSDT,1741248000001,6.413e-05
BTCUSDT,1741276800000,6.818e-05
BTCUSDT,1741305600000,-6.12e-06
BTCUSDT,1741334400001,-1.539e-05
BTCUSDT,1741363200000,2.028e-05
BTCUSDT,1741392000000,5.328e-05
BTCUSDT,1741420800001,3.73e-06
BTCUSDT,1741449600001,1.208e-05
BTCUSDT,1741478400001,-2.779e-05
BTCUSDT,1741507200000,3.218e-05
BTCUSDT,1741536000000,0.0001
BTCUSDT,1741564800000,3.952e-05
BTCUSDT,1741593600000,1.344e-05
BTCUSDT,1741622400000,4.037e-05
BTCUSDT,1741651200000,4.705e-05
BTCUSDT,1741680000000,3.26e-05
BTCUSDT,1741708800001,8.746e-05
BTCUSDT,1741737600000,5.76e-06
BTCUSDT,1741766400000,5.815e-05
BTCUSDT,1741795200001,4.013e-05
BTCUSDT,1741824000000,4.3e-06
BTCUSDT,1741852800000,2.069e-05
BTCUSDT,1741881600000,3.19e-05
BTCUSDT,1741910400000,5.386e-05
BTCUSDT,1741939200000,5.331e-05
BTCUSDT,1741968000000,3.57e-06
BTCUSDT,1741996800000,-6.035e-05
BTCUSDT,1742025600000,-2.389e-05
BTCUSDT,1742054400000,-3.21e-06
BTCUSDT,1742083200000,4.32e-06
BTCUSDT,1742112000000,4.236e-05
BTCUSDT,1742140800000,1.247e-05
BTCUSDT,1742169600000,1.065e-05
BTCUSDT,1742198400000,8.474e-05
BTCUSDT,1742227200000,8.59e-06
BTCUSDT,1742256000000,7.03e-06
BTCUSDT,1742284800000,2.059e-05
BTCUSDT,1742313600000,3.514e-05
BTCUSDT,1742342400000,2e-06
BTCUSDT,1742371200000,5.961e-05
BTCUSDT,1742400000000,5.024e-05
BTCUSDT,1742428800000,1.944e-05
BTCUSDT,1742457600000,3.79e-05
BTCUSDT,1742486400000,1.086e-05
BTCUSDT,1742515200000,1.615e-05
BTCUSDT,1742544000000,5.324e-05
BTCUSDT,1742572800000,2.518e-05
BTCUSDT,1742601600000,2.836e-05
BTCUSDT,1742630400004,-1.77e-05
BTCUSDT,1742659200000,5.092e-05
BTCUSDT,1742688000000,2.099e-05
BTCUSDT,1742716800000,-1.84e-06
BTCUSDT,1742745600000,4.02e-05
BTCUSDT,1742774400000,2.039e-05
BTCUSDT,1742803200000,5.512e-05
BTCUSDT,1742832000000,-3.422e-05
BTCUSDT,1742860800001,-2.47e-06
BTCUSDT,1742889600000,1.15e-05
BTCUSDT,1742918400000,-3.776e-05
BTCUSDT,1742947200000,-2.99e-05
BTCUSDT,1742976000000,1.659e-05
BTCUSDT,1743004800001,-3.082e-05
BTCUSDT,1743033600001,3.136e-05
BTCUSDT,1743062400001,5.512e-05
BTCUSDT,1743091200002,-3.76e-05
BTCUSDT,1743120000001,1.584e-05
BTCUSDT,1743148800001,-4.57e-06
BTCUSDT,1743177600000,8.118e-05
BTCUSDT,1743206400000,5.364e-05
BTCUSDT,1743235200000,8.214e-05
BTCUSDT,1743264000000,2.53e-05
BTCUSDT,1743292800000,3.41e-06
BTCUSDT,1743321600000,4.27e-06
BTCUSDT,1743350400000,4.588e-05
BTCUSDT,1743379200000,2.643e-05
BTCUSDT,1743408000000,6.02e-05
BTCUSDT,1743436800000,1.845e-05
BTCUSDT,1743465600000,3.961e-05
BTCUSDT,1743494400001,2.889e-05
BTCUSDT,1743523200000,3.573e-05
BTCUSDT,1743552000001,-2.112e-05
BTCUSDT,1743580800000,3.036e-05
BTCUSDT,1743609600000,7.33e-06
BTCUSDT,1743638400000,5.862e-05
BTCUSDT,1743667200000,5.038e-05
BTCUSDT,1743696000000,6.484e-05
BTCUSDT,1743724800000,4.283e-05
BTCUSDT,1743753600000,4.736e-05
BTCUSDT,1743782400000,8.038e-05
BTCUSDT,1743811200000,8.559e-05
BTCUSDT,1743840000000,7.437e-05
BTCUSDT,1743868800000,4.08e-06
BTCUSDT,1743897600000,2.21e-06
BTCUSDT,1743926400000,5.363e-05
BTCUSDT,1743955200002,-6.03e-06
BTCUSDT,1743984000000,4.946e-05
BTCUSDT,1744012800000,6.857e-05
BTCUSDT,1744041600000,4.998e-05
BTCUSDT,1744070400000,4.074e-05
BTCUSDT,1744099200000,3.575e-05
BTCUSDT,1744128000000,3.134e-05
BTCUSDT,1744156800000,9.568e-05
BTCUSDT,1744185600001,-2.252e-05
BTCUSDT,1744214400000,6.856e-05
BTCUSDT,1744243200000,7.705e-05
BTCUSDT,1744272000000,1.14e-06
BTCUSDT,1744300800000,6.775e-05
BTCUSDT,1744329600001,2.065e-05
BTCUSDT,1744358400000,-4.294e-05
BTCUSDT,1744387200000,3.29e-05
BTCUSDT,1744416000000,3.654e-05
BTCUSDT,1744444800001,5.64e-05
BTCUSDT,1744473600000,5.388e-05
BTCUSDT,1744502400000,5.057e-05
BTCUSDT,1744531200000,8.429e-05
BTCUSDT,1744560000000,9.642e-05
BTCUSDT,1744588800000,8.113e-05
BTCUSDT,1744617600000,7.127e-05
BTCUSDT,1744646400000,2.428e-05
BTCUSDT,1744675200000,-2.073e-05
BTCUSDT,1744704000000,6.606e-05
BTCUSDT,1744732800001,1.883e-05
BTCUSDT,1744761600000,2.428e-05
BTCUSDT,1744790400000,6.917e-05
BTCUSDT,1744819200000,1.978e-05
BTCUSDT,1744848000001,1.404e-05
BTCUSDT,1744876800000,5.679e-05
BTCUSDT,1744905600001,3.425e-05
BTCUSDT,1744934400000,1.788e-05
BTCUSDT,1744963200000,7.071e-05
BTCUSDT,1744992000000,2.995e-05
BTCUSDT,1745020800000,2.93e-05
BTCUSDT,1745049600000,6.024e-05
BTCUSDT,1745078400000,-1.953e-05
BTCUSDT,1745107200000,-2.98e-06
BTCUSDT,1745136000000,-1.078e-05
BTCUSDT,1745164800000,-2.258e-05
BTCUSDT,1745193600000,5.232e-05
BTCUSDT,1745222400005,5.403e-05
BTCUSDT,1745251200003,1.553e-05
BTCUSDT,1745280000008,7.749e-05
BTCUSDT,1745308800000,-7.44e-06
BTCUSDT,1745337600000,-7.045e-05
BTCUSDT,1745366400000,-1.389e-05
BTCUSDT,1745395200002,1.374e-05
BTCUSDT,1745424000000,4.587e-05
BTCUSDT,1745452800000,-2.671e-05
BTCUSDT,1745481600001,5.21e-05
BTCUSDT,1745510400001,-2.165e-05
BTCUSDT,1745539200007,-1.764e-05
BTCUSDT,1745568000002,1.7e-06
BTCUSDT,1745596800003,1.2e-06
BTCUSDT,1745625600002,-0.00010085
BTCUSDT,1745654400000,-2.774e-05
BTCUSDT,1745683200002,2.855e-05
BTCUSDT,1745712000001,-1.5e-05
BTCUSDT,1745740800000,-6.6e-06
BTCUSDT,1745769600000,-4.21e-06
BTCUSDT,1745798400001,3.73e-06
BTCUSDT,1745827200003,2.46e-06
BTCUSDT,1745856000005,-5.821e-05
BTCUSDT,1745884800000,-7.73e-06
BTCUSDT,1745913600000,4.13e-06
BTCUSDT,1745942400010,1.305e-05
BTCUSDT,1745971200001,-5.181e-05
BTCUSDT,1746000000000,2.939e-05
BTCUSDT,1746028800003,-3.797e-05
BTCUSDT,1746057600000,3.519e-05
BTCUSDT,1746086400000,5.755e-05
BTCUSDT,1746115200001,-8.028e-05
BTCUSDT,1746144000000,-0.00012232
BTCUSDT,1746172800000,-9.382e-05
BTCUSDT,1746201600003,-8.689e-05
BTCUSDT,1746230400000,-5.953e-05
BTCUSDT,1746259200000,3.198e-05
BTCUSDT,1746288000000,-1.483e-05
BTCUSDT,1746316800001,3.7e-06
BTCUSDT,1746345600001,3.229e-05
BTCUSDT,1746374400002,3.745e-05
BTCUSDT,1746403200000,-2.404e-05
BTCUSDT,1746432000000,3.636e-05
BTCUSDT,1746460800006,-2.247e-05
BTCUSDT,1746489600002,1.978e-05
BTCUSDT,1746518400005,4.44e-05
BTCUSDT,1746547200000,7.57e-06
BTCUSDT,1746576000002,1.218e-05
BTCUSDT,1746604800000,-2.5e-07
BTCUSDT,1746633600006,1.32e-05
BTCUSDT,1746662400000,2.318e-05
BTCUSDT,1746691200001,4.608e-05
BTCUSDT,1746720000002,5.728e-05
BTCUSDT,1746748800001,0.0001
BTCUSDT,1746777600006,0.0001
BTCUSDT,1746806400000,4.378e-05
BTCUSDT,1746835200001,9.657e-05
BTCUSDT,1746864000000,0.0001
BTCUSDT,1746892800001,4.257e-05
BTCUSDT,1746921600000,0.0001
BTCUSDT,1746950400001,4.15e-05
BTCUSDT,1746979200001,0.0001
BTCUSDT,1747008000004,4.454e-05
BTCUSDT,1747036800000,0.0001
BTCUSDT,1747065600000,2.301e-05
BTCUSDT,1747094400000,6.847e-05
BTCUSDT,1747123200008,0.0001
BTCUSDT,1747152000001,7.256e-05
BTCUSDT,1747180800007,9.921e-05
BTCUSDT,1747209600000,7.542e-05
BTCUSDT,1747238400002,3.175e-05
BTCUSDT,1747267200000,2.978e-05
BTCUSDT,1747296000003,5.336e-05
BTCUSDT,1747324800000,1.439e-05
BTCUSDT,1747353600001,4.504e-05
BTCUSDT,1747382400000,7.535e-05
BTCUSDT,1747411200000,4.768e-05
BTCUSDT,1747440000000,2.821e-05
BTCUSDT,1747468800001,3.34e-05
BTCUSDT,1747497600004,5.97e-06
BTCUSDT,1747526400000,6.742e-05
BTCUSDT,1747555200000,5.903e-05
BTCUSDT,1747584000000,0.0001
BTCUSDT,1747612800000,5.99e-05
BTCUSDT,1747641600006,6.04e-05
BTCUSDT,1747670400010,2.11e-05
BTCUSDT,1747699200000,8.378e-05
BTCUSDT,1747728000002,7.107e-05
BTCUSDT,1747756800000,1.266e-05
BTCUSDT,1747785600000,8.767e-05
BTCUSDT,1747814400001,7.147e-05
BTCUSDT,1747843200004,5.119e-05
BTCUSDT,1747872000001,0.0001
BTCUSDT,1747900800000,0.0001
BTCUSDT,1747929600002,0.0001
BTCUSDT,1747958400006,9.321e-05
BTCUSDT,1747987200000,7.261e-05
BTCUSDT,1748016000007,8.614e-05
BTCUSDT,1748044800010,3.524e-05
BTCUSDT,1748073600000,4.59e-05
BTCUSDT,1748102400003,7.837e-05
BTCUSDT,1748131200004,9.794e-05
BTCUSDT,1748160000000,5.113e-05
BTCUSDT,1748188800000,3.651e-05
BTCUSDT,1748217600000,7.331e-05
BTCUSDT,1748246400000,0.0001
BTCUSDT,1748275200002,9.782e-05
BTCUSDT,1748304000003,7.65e-05
BTCUSDT,1748332800001,7.266e-05
BTCUSDT,1748361600005,2.476e-05
BTCUSDT,1748390400002,3.26e-05
BTCUSDT,1748419200003,2.164e-05
BTCUSDT,1748448000002,5.368e-05
BTCUSDT,1748476800000,3.186e-05
BTCUSDT,1748505600006,2.812e-05
BTCUSDT,1748534400000,8.379e-05
BTCUSDT,1748563200003,2.622e-05
BTCUSDT,1748592000003,3.849e-05
BTCUSDT,1748620800000,7.392e-05
BTCUSDT,1748649600000,8.506e-05
BTCUSDT,1748678400000,7.552e-05
BTCUSDT,1748707200000,4.687e-05
BTCUSDT,1748736000001,-5.82e-06
BTCUSDT,1748764800002,2.335e-05
BTCUSDT,1748793600000,4.117e-05
BTCUSDT,1748822400001,-6.42e-06
BTCUSDT,1748851200000,5.593e-05
BTCUSDT,1748880000000,4.467e-05
BTCUSDT,1748908800000,5.005e-05
BTCUSDT,1748937600000,6.066e-05
BTCUSDT,1748966400001,4.456e-05
BTCUSDT,1748995200000,-1.1e-07
BTCUSDT,1749024000000,2.611e-05
BTCUSDT,1749052800000,9.62e-06
BTCUSDT,1749081600016,7.4e-07
BTCUSDT,1749110400000,2.871e-05
BTCUSDT,1749139200000,5.156e-05
BTCUSDT,1749168000002,-3.491e-05
BTCUSDT,1749196800000,-3.03e-05
BTCUSDT,1749225600006,-2.995e-05
BTCUSDT,1749254400000,-2.89e-05
BTCUSDT,1749283200000,-3.158e-05
BTCUSDT,1749312000002,2.94e-06
BTCUSDT,1749340800000,4.808e-05
BTCUSDT,1749369600000,5.613e-05
BTCUSDT,1749398400000,-3.602e-05
BTCUSDT,1749427200000,-2.164e-05
BTCUSDT,1749456000001,4.024e-05
BTCUSDT,1749484800001,3.057e-05
BTCUSDT,1749513600000,6.374e-05
BTCUSDT,1749542400001,0.0001
BTCUSDT,1749571200003,8.165e-05
BTCUSDT,1749600000000,8.779e-05
BTCUSDT,1749628800000,8.39e-05
BTCUSDT,1749657600010,5.039e-05
BTCUSDT,1749686400002,1.856e-05
BTCUSDT,1749715200003,7.247e-05
BTCUSDT,1749744000001,1.198e-05
BTCUSDT,1749772800000,-1.801e-05
BTCUSDT,1749801600001,-2.7e-06
BTCUSDT,1749830400004,3.857e-05
BTCUSDT,1749859200000,1.958e-05
BTCUSDT,1749888000000,3.858e-05
BTCUSDT,1749916800000,1.135e-05
BTCUSDT,1749945600005,-3.641e-05
BTCUSDT,1749974400009,1.439e-05
BTCUSDT,1750003200000,7.369e-05
BTCUSDT,1750032000000,9.36e-06
BTCUSDT,1750060800000,5.07e-05
BTCUSDT,1750089600003,2.793e-05
BTCUSDT,1750118400000,1.847e-05
BTCUSDT,1750147200006,5.776e-05
BTCUSDT,1750176000001,2.211e-05
BTCUSDT,1750204800001,-1.752e-05
BTCUSDT,1750233600001,3.695e-05
BTCUSDT,1750262400001,6.692e-05
BTCUSDT,1750291200005,8.45e-06
BTCUSDT,1750320000003,6.16e-06
BTCUSDT,1750348800000,2.396e-05
BTCUSDT,1750377600000,3.565e-05
BTCUSDT,1750406400002,7.862e-05
BTCUSDT,1750435200001,2.4e-05
BTCUSDT,1750464000002,3.977e-05
BTCUSDT,1750492800005,1.933e-05
BTCUSDT,1750521600000,7.44e-05
BTCUSDT,1750550400005,2.883e-05
BTCUSDT,1750579200000,0.0001
BTCUSDT,1750608000003,4.145e-05
BTCUSDT,1750636800000,-1.061e-05
BTCUSDT,1750665600004,-2.809e-05
BTCUSDT,1750694400013,4.889e-05
BTCUSDT,1750723200003,1.245e-05
BTCUSDT,1750752000000,1.218e-05
BTCUSDT,1750780800000,4.47e-06
BTCUSDT,1750809600005,-3.174e-05
BTCUSDT,1750838400000,2.747e-05
BTCUSDT,1750867200005,9.62e-06
BTCUSDT,1750896000000,1.41e-06
BTCUSDT,1750924800006,3.805e-05
BTCUSDT,1750953600007,6.82e-06
BTCUSDT,1750982400000,1.113e-05
BTCUSDT,1751011200000,2.663e-05
BTCUSDT,1751040000009,2.557e-05
BTCUSDT,1751068800001,-1.161e-05
BTCUSDT,1751097600002,6.053e-05
BTCUSDT,1751126400000,4.434e-05
BTCUSDT,1751155200004,1.25e-05
BTCUSDT,1751184000001,5.36e-05
BTCUSDT,1751212800001,0.0001
BTCUSDT,1751241600000,1.084e-05
BTCUSDT,1751270400005,2.959e-05
BTCUSDT,1751299200002,4.923e-05
BTCUSDT,1751328000007,1.053e-05
BTCUSDT,1751356800002,4.334e-05
BTCUSDT,1751385600000,1.109e-05
BTCUSDT,1751414400001,1.807e-05
BTCUSDT,1751443200000,3.403e-05
BTCUSDT,1751472000003,4.13e-05
BTCUSDT,1751500800006,4.871e-05
BTCUSDT,1751529600003,3.562e-05
BTCUSDT,1751558400003,5.028e-05
BTCUSDT,1751587200005,5.23e-05
BTCUSDT,1751616000003,5.009e-05
BTCUSDT,1751644800001,1.797e-05
BTCUSDT,1751673600004,1.066e-05
BTCUSDT,1751702400009,3.055e-05
BTCUSDT,1751731200006,4.005e-05
BTCUSDT,1751760000001,1.941e-05
BTCUSDT,1751788800002,1.665e-05
BTCUSDT,1751817600004,1.028e-05
BTCUSDT,1751846400000,2.36e-05
BTCUSDT,1751875200007,3.438e-05
BTCUSDT,1751904000000,4.271e-05
BTCUSDT,1751932800010,1.073e-05
BTCUSDT,1751961600003,4.563e-05
BTCUSDT,1751990400000,3.601e-05
BTCUSDT,1752019200002,3.093e-05
BTCUSDT,1752048000006,3.396e-05
BTCUSDT,1752076800001,4.253e-05
BTCUSDT,1752105600003,0.0001
BTCUSDT,1752134400000,8.523e-05
BTCUSDT,1752163200004,1.908e-05
BTCUSDT,1752192000004,0.0001
BTCUSDT,1752220800007,0.0001
BTCUSDT,1752249600001,0.0001
BTCUSDT,1752278400000,0.0001
BTCUSDT,1752307200001,0.0001
BTCUSDT,1752336000002,0.0001
BTCUSDT,1752364800006,0.0001
BTCUSDT,1752393600001,0.0001
BTCUSDT,1752422400003,0.0001
BTCUSDT,1752451200000,8.051e-05
BTCUSDT,1752480000000,0.0001
BTCUSDT,1752508800000,0.0001
BTCUSDT,1752537600002,0.0001
BTCUSDT,1752566400000,0.0001
BTCUSDT,1752595200000,0.0001
BTCUSDT,1752624000000,0.0001
BTCUSDT,1752652800000,0.0001
BTCUSDT,1752681600008,0.0001
BTCUSDT,1752710400003,0.0001
BTCUSDT,1752739200000,0.0001
BTCUSDT,1752768000000,0.0001
BTCUSDT,1752796800004,0.0001
BTCUSDT,1752825600000,0.0001
BTCUSDT,1752854400000,0.0001
BTCUSDT,1752883200009,0.0001
BTCUSDT,1752912000000,0.0001
BTCUSDT,1752940800002,0.0001
BTCUSDT,1752969600000,0.0001
BTCUSDT,1752998400000,0.0001
BTCUSDT,1753027200000,0.0001
BTCUSDT,1753056000001,0.0001
BTCUSDT,1753084800000,0.0001
BTCUSDT,1753113600001,0.0001
BTCUSDT,1753142400000,0.0001
BTCUSDT,1753171200010,0.0001
BTCUSDT,1753200000007,0.0001
BTCUSDT,1753228800000,0.0001
BTCUSDT,1753257600004,0.0001
BTCUSDT,1753286400002,0.0001
BTCUSDT,1753315200000,0.0001
BTCUSDT,1753344000001,0.0001
BTCUSDT,1753372800000,0.0001
BTCUSDT,1753401600000,0.0001
BTCUSDT,1753430400000,0.0001
BTCUSDT,1753459200000,0.0001
BTCUSDT,1753488000001,0.0001
BTCUSDT,1753516800005,0.0001
BTCUSDT,1753545600001,0.0001
BTCUSDT,1753574400001,0.0001
BTCUSDT,1753603200000,0.0001
BTCUSDT,1753632000008,0.0001
BTCUSDT,1753660800005,0.0001
BTCUSDT,1753689600000,0.0001
BTCUSDT,1753718400000,0.0001
BTCUSDT,1753747200001,0.0001
BTCUSDT,1753776000000,0.0001
BTCUSDT,1753804800000,0.0001
BTCUSDT,1753833600011,0.0001
BTCUSDT,1753862400000,0.0001
BTCUSDT,1753891200008,0.0001
BTCUSDT,1753920000000,5.694e-05
BTCUSDT,1753948800009,0.0001
BTCUSDT,1753977600000,0.0001
BTCUSDT,1754006400001,-1.408e-05
BTCUSDT,1754035200003,1.549e-05
BTCUSDT,1754064000000,5.681e-05
BTCUSDT,1754092800004,4.81e-05
BTCUSDT,1754121600000,8.94e-06
BTCUSDT,1754150400000,4.437e-05
BTCUSDT,1754179200000,5.633e-05
BTCUSDT,1754208000000,4.533e-05
BTCUSDT,1754236800003,7.504e-05
BTCUSDT,1754265600004,4.188e-05
BTCUSDT,1754294400000,5.719e-05
BTCUSDT,1754323200002,3.912e-05
BTCUSDT,1754352000000,7.101e-05
BTCUSDT,1754380800000,8.589e-05
BTCUSDT,1754409600000,4.784e-05
BTCUSDT,1754438400005,5.172e-05
BTCUSDT,1754467200000,9.275e-05
BTCUSDT,1754496000000,8.288e-05
BTCUSDT,1754524800003,4.843e-05
BTCUSDT,1754553600002,7.574e-05
BTCUSDT,1754582400002,6.275e-05
BTCUSDT,1754611200002,2.403e-05
BTCUSDT,1754640000004,1.729e-05
BTCUSDT,1754668800000,7.973e-05
BTCUSDT,1754697600005,8.835e-05
BTCUSDT,1754726400000,9.087e-05
BTCUSDT,1754755200007,5.151e-05
BTCUSDT,1754784000003,9.849e-05
BTCUSDT,1754812800005,0.0001
BTCUSDT,1754841600002,0.0001
BTCUSDT,1754870400000,0.0001
BTCUSDT,1754899200000,0.0001
BTCUSDT,1754928000000,0.0001
BTCUSDT,1754956800000,0.0001
BTCUSDT,1754985600001,7.988e-05
BTCUSDT,1755014400005,8.543e-05
BTCUSDT,1755043200000,7.123e-05
BTCUSDT,1755072000002,0.0001
BTCUSDT,1755100800006,0.0001
BTCUSDT,1755129600002,0.0001
BTCUSDT,1755158400003,0.0001
BTCUSDT,1755187200000,0.0001
BTCUSDT,1755216000000,1.939e-05
BTCUSDT,1755244800000,7.99e-05
BTCUSDT,1755273600000,3.722e-05
BTCUSDT,1755302400004,8.85e-05
BTCUSDT,1755331200000,8.268e-05
BTCUSDT,1755360000002,9.023e-05
BTCUSDT,1755388800000,8.206e-05
BTCUSDT,1755417600001,4.68e-05
BTCUSDT,1755446400007,1.862e-05
BTCUSDT,1755475200000,2.846e-05
BTCUSDT,1755504000001,-6.82e-06
BTCUSDT,1755532800002,5.296e-05
BTCUSDT,1755561600000,7.137e-05
BTCUSDT,1755590400001,6.262e-05
BTCUSDT,1755619200000,3.167e-05
BTCUSDT,1755648000000,4.543e-05
BTCUSDT,1755676800000,1.364e-05
BTCUSDT,1755705600000,4.936e-05
BTCUSDT,1755734400006,1.143e-05
BTCUSDT,1755763200000,7.757e-05
BTCUSDT,1755792000003,7.414e-05
BTCUSDT,1755820800010,7.296e-05
BTCUSDT,1755849600007,0.0001
BTCUSDT,1755878400001,5.867e-05
BTCUSDT,1755907200004,0.0001
BTCUSDT,1755936000006,0.0001
BTCUSDT,1755964800000,9.711e-05
BTCUSDT,1755993600001,0.0001
BTCUSDT,1756022400002,0.0001
BTCUSDT,1756051200001,0.0001
BTCUSDT,1756080000000,0.0001
BTCUSDT,1756108800002,0.0001
BTCUSDT,1756137600002,8.344e-05
BTCUSDT,1756166400000,4.522e-05
BTCUSDT,1756195200000,3.9e-05
BTCUSDT,1756224000000,0.0001
BTCUSDT,1756252800003,1.802e-05
BTCUSDT,1756281600000,5.503e-05
BTCUSDT,1756310400009,3.496e-05
BTCUSDT,1756339200000,5.297e-05
BTCUSDT,1756368000005,9.693e-05
BTCUSDT,1756396800004,7.512e-05
BTCUSDT,1756425600000,4.261e-05
BTCUSDT,1756454400000,5.856e-05
BTCUSDT,1756483200005,6.44e-06
BTCUSDT,1756512000000,7.523e-05
BTCUSDT,1756540800002,7.979e-05
BTCUSDT,1756569600003,8.042e-05
BTCUSDT,1756598400016,-1.232e-05
BTCUSDT,1756627200000,4.749e-05
BTCUSDT,1756656000001,0.0001
BTCUSDT,1756684800000,4.66e-05
BTCUSDT,1756713600000,0.0001
BTCUSDT,1756742400001,4.963e-05
BTCUSDT,1756771200000,6.946e-05
BTCUSDT,1756800000005,8.805e-05
BTCUSDT,1756828800007,6.356e-05
BTCUSDT,1756857600006,7.67e-06
BTCUSDT,1756886400002,5.127e-05
BTCUSDT,1756915200002,2.344e-05
BTCUSDT,1756944000002,1.808e-05
BTCUSDT,1756972800000,4.385e-05
BTCUSDT,1757001600000,7.941e-05
BTCUSDT,1757030400001,7.532e-05
BTCUSDT,1757059200006,0.0001
BTCUSDT,1757088000000,7.872e-05
BTCUSDT,1757116800000,1.297e-05
BTCUSDT,1757145600005,5.66e-05
BTCUSDT,1757174400000,5.11e-05
BTCUSDT,1757203200000,1.97e-05
BTCUSDT,1757232000000,3.611e-05
BTCUSDT,1757260800000,6.969e-05
BTCUSDT,1757289600007,9.404e-05
BTCUSDT,1757318400000,6.682e-05
BTCUSDT,1757347200000,7.311e-05
BTCUSDT,1757376000000,3.799e-05
BTCUSDT,1757404800000,0.0001
BTCUSDT,1757433600000,0.0001
BTCUSDT,1757462400000,5.805e-05
BTCUSDT,1757491200002,5.026e-05
BTCUSDT,1757520000000,0.0001
BTCUSDT,1757548800000,5.843e-05
BTCUSDT,1757577600000,4.283e-05
BTCUSDT,1757606400001,3.326e-05
BTCUSDT,1757635200002,6.137e-05
BTCUSDT,1757664000001,3.768e-05
BTCUSDT,1757692800005,6.891e-05
BTCUSDT,1757721600005,-1.554e-05
BTCUSDT,1757750400002,2.251e-05
BTCUSDT,1757779200000,3.137e-05
BTCUSDT,1757808000006,8.182e-05
BTCUSDT,1757836800000,4.78e-05
BTCUSDT,1757865600001,3.115e-05
BTCUSDT,1757894400006,6.207e-05
BTCUSDT,1757923200002,8.259e-05
BTCUSDT,1757952000001,8.189e-05
BTCUSDT,1757980800001,9.97e-06
BTCUSDT,1758009600000,6.991e-05
BTCUSDT,1758038400000,6.472e-05
BTCUSDT,1758067200001,6.972e-05
BTCUSDT,1758096000000,8.441e-05
BTCUSDT,1758124800003,6.303e-05
BTCUSDT,1758153600006,4.941e-05
BTCUSDT,1758182400002,8.928e-05
BTCUSDT,1758211200000,4.208e-05
BTCUSDT,1758240000000,-2.31e-06
BTCUSDT,1758268800005,2.109e-05
BTCUSDT,1758297600000,5.264e-05
BTCUSDT,1758326400000,3.757e-05
BTCUSDT,1758355200000,-2.7e-07
BTCUSDT,1758384000002,-1.006e-05
BTCUSDT,1758412800000,-5.322e-05
BTCUSDT,1758441600000,2.563e-05
BTCUSDT,1758470400000,3.742e-05
BTCUSDT,1758499200005,6.665e-05
BTCUSDT,1758528000003,1.743e-05
BTCUSDT,1758556800000,4.838e-05
BTCUSDT,1758585600000,7.062e-05
BTCUSDT,1758614400001,7.083e-05
BTCUSDT,1758643200000,7.478e-05
BTCUSDT,1758672000003,5.794e-05
BTCUSDT,1758700800001,6.267e-05
BTCUSDT,1758729600002,4.886e-05
BTCUSDT,1758758400000,-2.2e-06
BTCUSDT,1758787200001,1.73e-05
BTCUSDT,1758816000000,9.56e-05
BTCUSDT,1758844800000,3.143e-05
BTCUSDT,1758873600000,4.36e-05
BTCUSDT,1758902400008,7.716e-05
BTCUSDT,1758931200000,-1e-07
BTCUSDT,1758960000010,3.425e-05
BTCUSDT,1758988800003,7.821e-05
BTCUSDT,1759017600000,3.314e-05
BTCUSDT,1759046400000,4.976e-05
BTCUSDT,1759075200000,5.261e-05
BTCUSDT,1759104000000,2.312e-05
BTCUSDT,1759132800002,1.304e-05
BTCUSDT,1759161600001,3.2e-07
BTCUSDT,1759190400002,2.353e-05
BTCUSDT,1759219200005,5.893e-05
BTCUSDT,1759248000000,2.584e-05
BTCUSDT,1759276800000,3.355e-05
BTCUSDT,1759305600000,3.457e-05
BTCUSDT,1759334400000,0.0001
BTCUSDT,1759363200000,7.784e-05
BTCUSDT,1759392000013,0.0001
BTCUSDT,1759420800000,9.543e-05
BTCUSDT,1759449600006,9.926e-05
BTCUSDT,1759478400006,0.0001
BTCUSDT,1759507200000,0.0001
BTCUSDT,1759536000001,0.0001
BTCUSDT,1759564800000,0.0001
BTCUSDT,1759593600000,8.312e-05
BTCUSDT,1759622400000,8.648e-05
BTCUSDT,1759651200003,0.0001
BTCUSDT,1759680000009,9.566e-05
BTCUSDT,1759708800004,7.672e-05
BTCUSDT,1759737600002,9.708e-05
BTCUSDT,1759766400004,5.831e-05
BTCUSDT,1759795200000,0.0001
BTCUSDT,1759824000003,8.608e-05
BTCUSDT,1759852800000,6.194e-05
BTCUSDT,1759881600000,2.542e-05
BTCUSDT,1759910400006,0.0001
BTCUSDT,1759939200002,5.396e-05
BTCUSDT,1759968000001,1.344e-05
BTCUSDT,1759996800000,5.35e-05
BTCUSDT,1760025600000,1.455e-05
BTCUSDT,1760054400005,7.85e-06
BTCUSDT,1760083200002,3.879e-05
BTCUSDT,1760112000014,1.013e-05
BTCUSDT,1760140800000,0.0001
BTCUSDT,1760169600003,0.0001
BTCUSDT,1760198400000,4.67e-06
BTCUSDT,1760227200004,-3.055e-05
BTCUSDT,1760256000002,2.865e-05
BTCUSDT,1760284800000,-0.00010915
BTCUSDT,1760313600003,-3.942e-05
BTCUSDT,1760342400002,2.519e-05
BTCUSDT,1760371200003,-2.305e-05
BTCUSDT,1760400000000,-4.041e-05
BTCUSDT,1760428800000,7.12e-06
BTCUSDT,1760457600000,-4.498e-05
BTCUSDT,1760486400006,-5.425e-05
BTCUSDT,1760515200002,3.973e-05
BTCUSDT,1760544000000,2.25e-06
BTCUSDT,1760572800000,-2.741e-05
BTCUSDT,1760601600003,-2.23e-05
BTCUSDT,1760630400002,-3.004e-05
BTCUSDT,1760659200001,-2.85e-06
BTCUSDT,1760688000005,-6.34e-06
BTCUSDT,1760716800003,-2.91e-06
BTCUSDT,1760745600000,-4.819e-05
BTCUSDT,1760774400002,-6.376e-05
BTCUSDT,1760803200001,-3.681e-05
BTCUSDT,1760832000001,-1.411e-05
BTCUSDT,1760860800001,1.512e-05
BTCUSDT,1760889600001,2.787e-05
BTCUSDT,1760918400004,-2.197e-05
BTCUSDT,1760947200001,-6.65e-06
BTCUSDT,1760976000000,-1.8e-07
BTCUSDT,1761004800009,-5.567e-05
BTCUSDT,1761033600000,2.222e-05
BTCUSDT,1761062400000,-2.506e-05
BTCUSDT,1761091200004,-4.212e-05
BTCUSDT,1761120000000,2.445e-05
BTCUSDT,1761148800000,5.702e-05
BTCUSDT,1761177600000,8.911e-05
BTCUSDT,1761206400001,2.673e-05
BTCUSDT,1761235200004,3.933e-05
BTCUSDT,1761264000000,3.391e-05
BTCUSDT,1761292800000,1.783e-05
BTCUSDT,1761321600009,3.224e-05
BTCUSDT,1761350400000,5.02e-05
BTCUSDT,1761379200001,1.484e-05
BTCUSDT,1761408000001,5.57e-05
BTCUSDT,1761436800001,1.903e-05
BTCUSDT,1761465600001,5.35e-06
BTCUSDT,1761494400000,6.904e-05
BTCUSDT,1761523200000,0.0001
BTCUSDT,1761552000005,0.0001
BTCUSDT,1761580800000,7.304e-05
BTCUSDT,1761609600000,6.059e-05
BTCUSDT,1761638400000,7.806e-05
BTCUSDT,1761667200004,2.992e-05
BTCUSDT,1761696000004,-3.2e-07
BTCUSDT,1761724800005,3.588e-05
BTCUSDT,1761753600000,5.003e-05
BTCUSDT,1761782400004,1.097e-05
BTCUSDT,1761811200008,3.449e-05
BTCUSDT,1761840000001,3.562e-05
BTCUSDT,1761868800000,2.13e-06
BTCUSDT,1761897600008,0.0001
BTCUSDT,1761926400007,0.0001
BTCUSDT,1761955200001,0.0001
BTCUSDT,1761984000000,0.0001
BTCUSDT,1762012800000,9.782e-05
BTCUSDT,1762041600007,8.2e-05
BTCUSDT,1762070400000,8.15e-05
BTCUSDT,1762099200001,5.635e-05
BTCUSDT,1762128000000,6.098e-05
BTCUSDT,1762156800010,6.853e-05
BTCUSDT,1762185600000,5.329e-05
BTCUSDT,1762214400002,0.0001
BTCUSDT,1762243200004,5.808e-05
BTCUSDT,1762272000000,6.339e-05
BTCUSDT,1762300800000,7.132e-05
BTCUSDT,1762329600000,2.831e-05
BTCUSDT,1762358400004,2.816e-05
BTCUSDT,1762387200001,3.985e-05
BTCUSDT,1762416000000,7.916e-05
BTCUSDT,1762444800001,4.494e-05
BTCUSDT,1762473600005,4.705e-05
BTCUSDT,1762502400003,4.227e-05
BTCUSDT,1762531200005,8.631e-05
BTCUSDT,1762560000011,7.776e-05
BTCUSDT,1762588800015,3.047e-05
BTCUSDT,1762617600001,3.74e-05
BTCUSDT,1762646400004,-1.64e-05
BTCUSDT,1762675200000,4.187e-05
BTCUSDT,1762704000005,8.948e-05
BTCUSDT,1762732800000,8.87e-05
BTCUSDT,1762761600000,7.355e-05
BTCUSDT,1762790400003,4.979e-05
BTCUSDT,1762819200007,2.818e-05
BTCUSDT,1762848000000,-2.775e-05
BTCUSDT,1762876800009,5.823e-05
BTCUSDT,1762905600000,2.462e-05
BTCUSDT,1762934400002,6.87e-06
BTCUSDT,1762963200000,5.786e-05
BTCUSDT,1762992000002,1.077e-05
BTCUSDT,1763020800000,9.352e-05
BTCUSDT,1763049600001,7.448e-05
BTCUSDT,1763078400000,8.569e-05
BTCUSDT,1763107200000,9.126e-05
BTCUSDT,1763136000001,9.078e-05
BTCUSDT,1763164800005,8.507e-05
BTCUSDT,1763193600000,0.0001
BTCUSDT,1763222400001,5.923e-05
BTCUSDT,1763251200001,7.745e-05
BTCUSDT,1763280000000,0.0001
BTCUSDT,1763308800000,7.06e-05
BTCUSDT,1763337600003,0.0001
BTCUSDT,1763366400003,9.568e-05
BTCUSDT,1763395200000,7.208e-05
BTCUSDT,1763424000002,0.0001
BTCUSDT,1763452800004,0.0001
BTCUSDT,1763481600000,3.725e-05
BTCUSDT,1763510400000,7.496e-05
BTCUSDT,1763539200000,5.012e-05
BTCUSDT,1763568000008,3.98e-05
BTCUSDT,1763596800000,4.259e-05
BTCUSDT,1763625600000,0.0001
BTCUSDT,1763654400000,8.999e-05
BTCUSDT,1763683200001,4.272e-05
BTCUSDT,1763712000000,4.524e-05
BTCUSDT,1763740800001,2.642e-05
BTCUSDT,1763769600004,1.373e-05
BTCUSDT,1763798400000,6.735e-05
BTCUSDT,1763827200000,5.057e-05
BTCUSDT,1763856000000,3.812e-05
BTCUSDT,1763884800008,1.53e-06
BTCUSDT,1763913600003,-8.93e-06
BTCUSDT,1763942400004,-6e-08
BTCUSDT,1763971200000,-1.34e-06
BTCUSDT,1764000000006,5.044e-05
BTCUSDT,1764028800000,-5.29e-05
BTCUSDT,1764057600009,1.996e-05
BTCUSDT,1764086400007,-3.019e-05
BTCUSDT,1764115200001,4.038e-05
BTCUSDT,1764144000001,5.388e-05
BTCUSDT,1764172800000,-4.19e-06
BTCUSDT,1764201600013,-2.599e-05
BTCUSDT,1764230400000,2.408e-05
BTCUSDT,1764259200004,4.624e-05
BTCUSDT,1764288000008,1.771e-05
BTCUSDT,1764316800000,6.007e-05
BTCUSDT,1764345600008,-1.703e-05
BTCUSDT,1764374400000,-1.982e-05
BTCUSDT,1764403200005,1.778e-05
BTCUSDT,1764432000001,2.635e-05
BTCUSDT,1764460800003,6.082e-05
BTCUSDT,1764489600000,3.556e-05
BTCUSDT,1764518400004,3.88e-05
BTCUSDT,1764547200000,3.593e-05
BTCUSDT,1764576000004,3.153e-05
BTCUSDT,1764604800000,1.491e-05
BTCUSDT,1764633600004,-1.009e-05
BTCUSDT,1764662400000,2.643e-05
BTCUSDT,1764691200000,3.999e-05
BTCUSDT,1764720000000,-1.732e-05
BTCUSDT,1764748800000,4.206e-05
BTCUSDT,1764777600005,-8.85e-06
BTCUSDT,1764806400012,-3.95e-06
BTCUSDT,1764835200000,7.435e-05
BTCUSDT,1764864000011,3.928e-05
BTCUSDT,1764892800000,4.837e-05
BTCUSDT,1764921600000,4.944e-05
BTCUSDT,1764950400010,3.91e-06
BTCUSDT,1764979200001,3.693e-05
BTCUSDT,1765008000001,1.919e-05
BTCUSDT,1765036800008,-1.822e-05
BTCUSDT,1765065600000,4.192e-05
BTCUSDT,1765094400004,1.666e-05
BTCUSDT,1765123200000,5.212e-05
BTCUSDT,1765152000000,-5.39e-06
BTCUSDT,1765180800000,6.545e-05
BTCUSDT,1765209600001,3.395e-05
BTCUSDT,1765238400001,8.52e-06
BTCUSDT,1765267200001,6.379e-05
BTCUSDT,1765296000007,5.443e-05
BTCUSDT,1765324800007,2.777e-05
BTCUSDT,1765353600002,1.996e-05
BTCUSDT,1765382400012,3.205e-05
BTCUSDT,1765411200001,2.59e-05
BTCUSDT,1765440000000,-1.577e-05
BTCUSDT,1765468800000,6.1e-05
BTCUSDT,1765497600005,6.914e-05
BTCUSDT,1765526400007,4.698e-05
BTCUSDT,1765555200002,3.383e-05
BTCUSDT,1765584000001,1.21e-06
BTCUSDT,1765612800006,6.02e-05
BTCUSDT,1765641600000,6.041e-05
BTCUSDT,1765670400000,0.0001
BTCUSDT,1765699200003,2.898e-05
BTCUSDT,1765728000005,3.773e-05
BTCUSDT,1765756800000,1.9e-06
BTCUSDT,1765785600000,-8.93e-06
BTCUSDT,1765814400000,3.081e-05
BTCUSDT,1765843200002,7.467e-05
BTCUSDT,1765872000000,1.35e-05
BTCUSDT,1765900800002,4.089e-05
BTCUSDT,1765929600004,6.221e-05
BTCUSDT,1765958400000,8.987e-05
BTCUSDT,1765987200000,5.917e-05
BTCUSDT,1766016000005,6.23e-05
BTCUSDT,1766044800007,-8.67e-06
BTCUSDT,1766073600001,8.355e-05
BTCUSDT,1766102400000,5.491e-05
BTCUSDT,1766131200001,0.0001
BTCUSDT,1766160000000,0.0001
BTCUSDT,1766188800005,0.0001
BTCUSDT,1766217600000,1.234e-05
BTCUSDT,1766246400002,7.171e-05
BTCUSDT,1766275200000,9.682e-05
BTCUSDT,1766304000009,8.873e-05
BTCUSDT,1766332800000,3.977e-05
BTCUSDT,1766361600000,4.389e-05
BTCUSDT,1766390400005,4.524e-05
BTCUSDT,1766419200009,6.654e-05
BTCUSDT,1766448000000,2.633e-05
BTCUSDT,1766476800000,5.231e-05
BTCUSDT,1766505600001,1.795e-05
BTCUSDT,1766534400001,0.0001
BTCUSDT,1766563200001,8.455e-05
BTCUSDT,1766592000000,5.927e-05
BTCUSDT,1766620800000,5.953e-05
BTCUSDT,1766649600001,7.953e-05
BTCUSDT,1766678400005,8.322e-05
BTCUSDT,1766707200004,4.378e-05
BTCUSDT,1766736000001,5.427e-05
BTCUSDT,1766764800007,0.0001
BTCUSDT,1766793600000,1.809e-05
BTCUSDT,1766822400000,2.788e-05
BTCUSDT,1766851200011,5.85e-05
BTCUSDT,1766880000008,-3.6e-07
BTCUSDT,1766908800000,7.955e-05
BTCUSDT,1766937600000,9.464e-05
BTCUSDT,1766966400016,0.0001
BTCUSDT,1766995200001,0.0001
BTCUSDT,1767024000000,4.826e-05
BTCUSDT,1767052800005,0.0001
BTCUSDT,1767081600001,4.613e-05
BTCUSDT,1767110400003,8.345e-05
BTCUSDT,1767139200004,2.922e-05
BTCUSDT,1767168000001,1.453e-05
BTCUSDT,1767196800001,3.75e-05
BTCUSDT,1767225600008,0.0001
BTCUSDT,1767254400002,0.0001
BTCUSDT,1767283200001,1.711e-05
BTCUSDT,1767312000006,5.608e-05
BTCUSDT,1767340800007,4.219e-05
BTCUSDT,1767369600000,4.813e-05
BTCUSDT,1767398400001,3.11e-05
BTCUSDT,1767427200000,1.055e-05
BTCUSDT,1767456000000,6.938e-05
BTCUSDT,1767484800000,9.488e-05
BTCUSDT,1767513600000,5.813e-05
BTCUSDT,1767542400001,4.436e-05
BTCUSDT,1767571200000,8.893e-05
BTCUSDT,1767600000000,5.23e-05
BTCUSDT,1767628800000,7.723e-05
BTCUSDT,1767657600010,-1.376e-05
BTCUSDT,1767686400000,2.816e-05
BTCUSDT,1767715200000,2.691e-05
BTCUSDT,1767744000001,6.582e-05
BTCUSDT,1767772800001,0.0001
BTCUSDT,1767801600001,2.885e-05
BTCUSDT,1767830400001,8.693e-05
BTCUSDT,1767859200000,0.0001
BTCUSDT,1767888000000,6.436e-05
BTCUSDT,1767916800003,-2.813e-05
BTCUSDT,1767945600000,7.258e-05
BTCUSDT,1767974400001,2.18e-06
BTCUSDT,1768003200000,5.643e-05
BTCUSDT,1768032000002,7.657e-05
BTCUSDT,1768060800001,6.235e-05
BTCUSDT,1768089600003,8.744e-05
BTCUSDT,1768118400006,4.67e-05
BTCUSDT,1768147200000,1.667e-05
BTCUSDT,1768176000005,1.813e-05
BTCUSDT,1768204800000,2.902e-05
BTCUSDT,1768233600000,4.65e-05
BTCUSDT,1768262400007,2.245e-05
BTCUSDT,1768291200009,9.838e-05
BTCUSDT,1768320000002,3.445e-05
BTCUSDT,1768348800000,1.29e-06
BTCUSDT,1768377600001,2.497e-05
BTCUSDT,1768406400004,4.076e-05
BTCUSDT,1768435200000,-3.67e-06
BTCUSDT,1768464000004,1.749e-05
BTCUSDT,1768492800002,1.526e-05
BTCUSDT,1768521600000,7.34e-05
BTCUSDT,1768550400000,7.337e-05
BTCUSDT,1768579200001,2.495e-05
BTCUSDT,1768608000000,-1.78e-06
BTCUSDT,1768636800000,3.007e-05
BTCUSDT,1768665600002,2.976e-05
BTCUSDT,1768694400001,3.503e-05
BTCUSDT,1768723200000,9.616e-05
BTCUSDT,1768752000000,6.571e-05
BTCUSDT,1768780800007,3.473e-05
BTCUSDT,1768809600007,1.943e-05
BTCUSDT,1768838400007,2.494e-05
BTCUSDT,1768867200005,9.819e-05
BTCUSDT,1768896000001,6.626e-05
BTCUSDT,1768924800009,5.652e-05
BTCUSDT,1768953600001,0.0001
BTCUSDT,1768982400011,6.055e-05
BTCUSDT,1769011200011,2.41e-05
BTCUSDT,1769040000010,6.355e-05
BTCUSDT,1769068800003,5.11e-05
BTCUSDT,1769097600005,9.419e-05
BTCUSDT,1769126400005,5.09e-05
BTCUSDT,1769155200000,3.39e-05
BTCUSDT,1769184000011,6.968e-05
BTCUSDT,1769212800011,1.531e-05
BTCUSDT,1769241600002,8.909e-05
BTCUSDT,1769270400001,3.901e-05
BTCUSDT,1769299200002,1.336e-05
BTCUSDT,1769328000011,8.051e-05
BTCUSDT,1769356800005,4.917e-05
BTCUSDT,1769385600000,4.067e-05
BTCUSDT,1769414400003,2.847e-05
BTCUSDT,1769443200000,5.606e-05
BTCUSDT,1769472000002,4.267e-05
BTCUSDT,1769500800000,6.028e-05
BTCUSDT,1769529600000,7.503e-05
BTCUSDT,1769558400000,6.237e-05
BTCUSDT,1769587200000,6.174e-05
BTCUSDT,1769616000000,3.83e-05
BTCUSDT,1769644800000,7.21e-05
BTCUSDT,1769673600009,5.856e-05
BTCUSDT,1769702400000,4.023e-05
BTCUSDT,1769731200008,4.478e-05
BTCUSDT,1769760000000,1.714e-05
BTCUSDT,1769788800001,3.1e-06
BTCUSDT,1769817600000,9.693e-05
BTCUSDT,1769846400001,3.548e-05
BTCUSDT,1769875200009,6.585e-05
BTCUSDT,1769904000001,-3.267e-05
BTCUSDT,1769932800004,3.421e-05
BTCUSDT,1769961600000,1.722e-05
BTCUSDT,1769990400000,6.8e-07
BTCUSDT,1770019200014,-3.043e-05
BTCUSDT,1770048000000,-5.713e-05
BTCUSDT,1770076800000,-2.203e-05
BTCUSDT,1770105600007,2.245e-05
BTCUSDT,1770134400000,-4.65e-06
BTCUSDT,1770163200002,1.19e-06
BTCUSDT,1770192000007,3.551e-05
BTCUSDT,1770220800000,4.618e-05
BTCUSDT,1770249600011,9.173e-05
BTCUSDT,1770278400000,2.98e-06
BTCUSDT,1770307200007,-4.957e-05
BTCUSDT,1770336000000,-1.597e-05
BTCUSDT,1770364800001,-0.00013688
BTCUSDT,1770393600000,-0.00013478
BTCUSDT,1770422400003,-0.00015178
BTCUSDT,1770451200000,-8.326e-05
BTCUSDT,1770480000010,-2.907e-05
BTCUSDT,1770508800003,-3.403e-05
BTCUSDT,1770537600000,-3.546e-05
BTCUSDT,1770566400000,-4.864e-05
BTCUSDT,1770595200002,-3.075e-05
BTCUSDT,1770624000001,1.846e-05
BTCUSDT,1770652800007,-4.284e-05
BTCUSDT,1770681600000,-8.798e-05
BTCUSDT,1770710400007,-4.829e-05
BTCUSDT,1770739200000,-8.816e-05
BTCUSDT,1770768000000,1.4e-05
BTCUSDT,1770796800006,-8.417e-05
BTCUSDT,1770825600000,-1.169e-05
BTCUSDT,1770854400000,-1.381e-05
BTCUSDT,1770883200001,3.499e-05
BTCUSDT,1770912000001,-1.728e-05
BTCUSDT,1770940800007,5.834e-05
BTCUSDT,1770969600003,7.16e-06
BTCUSDT,1770998400005,-1.274e-05
BTCUSDT,1771027200002,1.291e-05
BTCUSDT,1771056000004,3.174e-05
BTCUSDT,1771084800002,-3.094e-05
BTCUSDT,1771113600000,-1.068e-05
BTCUSDT,1771142400002,4.664e-05
BTCUSDT,1771171200000,-2.371e-05
BTCUSDT,1771200000001,2.659e-05
BTCUSDT,1771228800003,-3.277e-05
BTCUSDT,1771257600000,-4.112e-05
BTCUSDT,1771286400008,5.883e-05
BTCUSDT,1771315200001,2.672e-05
BTCUSDT,1771344000002,5.077e-05
BTCUSDT,1771372800000,3.215e-05
BTCUSDT,1771401600000,-1.41e-06
BTCUSDT,1771430400011,3.604e-05
BTCUSDT,1771459200013,-4.014e-05
BTCUSDT,1771488000000,2.686e-05
BTCUSDT,1771516800003,-3.052e-05
BTCUSDT,1771545600000,5.365e-05
BTCUSDT,1771574400000,1.302e-05
BTCUSDT,1771603200000,-6.71e-06
BTCUSDT,1771632000004,4.456e-05
BTCUSDT,1771660800000,2.485e-05
BTCUSDT,1771689600005,3.235e-05
BTCUSDT,1771718400001,7.3e-06
BTCUSDT,1771747200004,4.2e-07
BTCUSDT,1771776000000,4.972e-05
BTCUSDT,1771804800001,6.946e-05
BTCUSDT,1771833600000,-9.317e-05
BTCUSDT,1771862400000,2.251e-05
BTCUSDT,1771891200007,5.706e-05
BTCUSDT,1771920000000,-1.193e-05
BTCUSDT,1771948800001,-1.82e-06
BTCUSDT,1771977600001,2.375e-05
BTCUSDT,1772006400007,3.3e-07
BTCUSDT,1772035200000,-9.68e-06
BTCUSDT,1772064000000,-1.998e-05
BTCUSDT,1772092800006,-1.128e-05
BTCUSDT,1772121600002,4.007e-05
BTCUSDT,1772150400007,-9.91e-06
BTCUSDT,1772179200000,-8.123e-05
BTCUSDT,1772208000001,-6.56e-06
BTCUSDT,1772236800000,4.041e-05
BTCUSDT,1772265600000,-3.727e-05
BTCUSDT,1772294400004,-4.305e-05
BTCUSDT,1772323200005,-6.88e-06
BTCUSDT,1772352000000,4.563e-05
BTCUSDT,1772380800002,2.948e-05
BTCUSDT,1772409600001,-2.99e-06
BTCUSDT,1772438400007,-1.956e-05
BTCUSDT,1772467200000,-1.083e-05
BTCUSDT,1772496000000,-1.86e-06
BTCUSDT,1772524800000,1.437e-05
BTCUSDT,1772553600007,1.481e-05
BTCUSDT,1772582400001,-5.39e-05
BTCUSDT,1772611200005,2.52e-05
BTCUSDT,1772640000000,4.683e-05
BTCUSDT,1772668800000,3.567e-05
BTCUSDT,1772697600000,4.965e-05
BTCUSDT,1772726400004,1.74e-06
BTCUSDT,1772755200001,1.689e-05
BTCUSDT,1772784000001,-3.061e-05
BTCUSDT,1772812800004,-2.176e-05
BTCUSDT,1772841600001,6.19e-06
BTCUSDT,1772870400012,3.525e-05
BTCUSDT,1772899200001,-4.217e-05
BTCUSDT,1772928000001,-4.496e-05
BTCUSDT,1772956800000,-1.115e-05
BTCUSDT,1772985600002,-2.868e-05
BTCUSDT,1773014400000,-5.77e-05
BTCUSDT,1773043200004,-4.579e-05
BTCUSDT,1773072000003,-3.431e-05
BTCUSDT,1773100800012,-2.394e-05
BTCUSDT,1773129600002,1.23e-05
BTCUSDT,1773158400001,1.738e-05
BTCUSDT,1773187200000,-0.00011052
BTCUSDT,1773216000007,-5.252e-05
BTCUSDT,1773244800010,-5.824e-05
BTCUSDT,1773273600000,-7.802e-05
BTCUSDT,1773302400000,-5.392e-05
BTCUSDT,1773331200000,-7.381e-05
BTCUSDT,1773360000006,-2.789e-05
BTCUSDT,1773388800001,4.263e-05
BTCUSDT,1773417600000,-6.38e-06
BTCUSDT,1773446400001,-3.79e-06
BTCUSDT,1773475200000,-3.988e-05
BTCUSDT,1773504000007,-4.851e-05
BTCUSDT,1773532800000,-1.883e-05
BTCUSDT,1773561600000,-6.461e-05
BTCUSDT,1773590400000,2.659e-05
BTCUSDT,1773619200000,2.513e-05
BTCUSDT,1773648000010,7.139e-05
BTCUSDT,1773676800000,2.015e-05
BTCUSDT,1773705600000,2.41e-06
BTCUSDT,1773734400002,-2.505e-05
BTCUSDT,1773763200011,-1.26e-05
BTCUSDT,1773792000002,-6.569e-05
BTCUSDT,1773820800002,-4.813e-05
BTCUSDT,1773849600005,2.418e-05
BTCUSDT,1773878400000,-9.74e-06
BTCUSDT,1773907200003,-3.012e-05
BTCUSDT,1773936000003,1.205e-05
BTCUSDT,1773964800002,6.25e-06
BTCUSDT,1773993600000,7.53e-06
BTCUSDT,1774022400000,-2.23e-06
BTCUSDT,1774051200000,-1.493e-05
BTCUSDT,1774080000000,-7.38e-06
BTCUSDT,1774108800014,1.093e-05
BTCUSDT,1774137600012,8.06e-06
BTCUSDT,1774166400007,-4.425e-05
BTCUSDT,1774195200002,-6.837e-05
BTCUSDT,1774224000000,-2.079e-05
BTCUSDT,1774252800003,-2.863e-05
BTCUSDT,1774281600002,1.6e-06
BTCUSDT,1774310400000,4.229e-05
BTCUSDT,1774339200000,3.675e-05
BTCUSDT,1774368000003,3.056e-05
BTCUSDT,1774396800000,2.31e-05
BTCUSDT,1774425600000,1.074e-05
BTCUSDT,1774454400013,4.721e-05
BTCUSDT,1774483200001,2.448e-05
BTCUSDT,1774512000001,1.379e-05
BTCUSDT,1774540800000,-2.103e-05
BTCUSDT,1774569600006,2.925e-05
BTCUSDT,1774598400000,-6.298e-05
BTCUSDT,1774627200000,-5.841e-05
BTCUSDT,1774656000005,-8.088e-05
BTCUSDT,1774684800005,-7.604e-05
BTCUSDT,1774713600000,-1.73e-06
BTCUSDT,1774742400003,-3.68e-05
BTCUSDT,1774771200001,-1.2e-07
BTCUSDT,1774800000000,2.677e-05
BTCUSDT,1774828800000,3e-06
BTCUSDT,1774857600005,4.92e-06
BTCUSDT,1774886400000,7.58e-06
BTCUSDT,1774915200000,1.16e-06
BTCUSDT,1774944000000,-1.921e-05
BTCUSDT,1774972800000,-2.763e-05
BTCUSDT,1775001600000,-3.449e-05
BTCUSDT,1775030400000,-4.61e-06
BTCUSDT,1775059200000,5.77e-06
BTCUSDT,1775088000003,3.521e-05
BTCUSDT,1775116800001,8.45e-06
BTCUSDT,1775145600001,-7.398e-05
BTCUSDT,1775174400000,-8.31e-06
BTCUSDT,1775203200008,-5.99e-06
BTCUSDT,1775232000008,3.51e-06
BTCUSDT,1775260800000,3.761e-05
BTCUSDT,1775289600003,4.115e-05
BTCUSDT,1775318400000,1.651e-05
BTCUSDT,1775347200008,2.407e-05
BTCUSDT,1775376000000,3.812e-05
BTCUSDT,1775404800001,1.889e-05
BTCUSDT,1775433600004,7.073e-05
BTCUSDT,1775462400001,5.544e-05
BTCUSDT,1775491200003,4.23e-06
BTCUSDT,1775520000000,-3.15e-06
BTCUSDT,1775548800000,3.703e-05
BTCUSDT,1775577600000,7.393e-05
BTCUSDT,1775606400000,6.02e-05
BTCUSDT,1775635200000,1.563e-05
BTCUSDT,1775664000006,4.048e-05
BTCUSDT,1775692800000,-1.47e-06
BTCUSDT,1775721600010,5.239e-05
BTCUSDT,1775750400001,-1.986e-05
BTCUSDT,1775779200000,4.11e-06
BTCUSDT,1775808000005,2.458e-05
BTCUSDT,1775836800000,-2.187e-05
BTCUSDT,1775865600000,-7.225e-05
BTCUSDT,1775894400000,-6.083e-05
BTCUSDT,1775923200003,-6.755e-05
BTCUSDT,1775952000000,-8.108e-05
BTCUSDT,1775980800000,-3.69e-05
BTCUSDT,1776009600000,-3.35e-06
BTCUSDT,1776038400011,-2.34e-06
BTCUSDT,1776067200006,-1.83e-06
BTCUSDT,1776096000000,-5.409e-05
BTCUSDT,1776124800005,-5.854e-05
BTCUSDT,1776153600003,2.732e-05
BTCUSDT,1776182400001,-5.234e-05
BTCUSDT,1776211200000,-9.313e-05
BTCUSDT,1776240000000,-5.085e-05
BTCUSDT,1776268800000,-7.151e-05
BTCUSDT,1776297600013,-3.418e-05
BTCUSDT,1776326400000,-2.841e-05
BTCUSDT,1776355200000,-2.225e-05
BTCUSDT,1776384000001,3.297e-05
BTCUSDT,1776412800011,2.781e-05
BTCUSDT,1776441600001,-0.00010789
BTCUSDT,1776470400001,-8.098e-05
BTCUSDT,1776499200006,-7.082e-05
BTCUSDT,1776528000000,-4.586e-05
BTCUSDT,1776556800002,-8.395e-05
BTCUSDT,1776585600010,-7.219e-05
BTCUSDT,1776614400001,-0.00012276
BTCUSDT,1776643200000,-4.615e-05
BTCUSDT,1776672000000,-4.778e-05
BTCUSDT,1776700800001,-2.745e-05
BTCUSDT,1776729600000,-7.937e-05
BTCUSDT,1776758400004,-5.824e-05
BTCUSDT,1776787200004,-4.242e-05
BTCUSDT,1776816000004,-2.237e-05
BTCUSDT,1776844800000,3.56e-05
BTCUSDT,1776873600000,-7.49e-06
BTCUSDT,1776902400000,-7.87e-05
BTCUSDT,1776931200000,-3.553e-05
BTCUSDT,1776960000004,-6.696e-05
BTCUSDT,1776988800006,-3.829e-05
BTCUSDT,1777017600000,-7.865e-05
BTCUSDT,1777046400000,-3.152e-05
BTCUSDT,1777075200000,-1.077e-05
BTCUSDT,1777104000002,-6.235e-05
BTCUSDT,1777132800002,-5.699e-05
BTCUSDT,1777161600003,2.41e-06
BTCUSDT,1777190400007,1.53e-06
BTCUSDT,1777219200004,1.95e-06
BTCUSDT,1777248000004,2.49e-06
BTCUSDT,1777276800000,-8.659e-05
BTCUSDT,1777305600002,-5.678e-05
BTCUSDT,1777334400001,-3.951e-05
BTCUSDT,1777363200000,-3.204e-05
BTCUSDT,1777392000004,5.242e-05
BTCUSDT,1777420800006,1.305e-05
BTCUSDT,1777449600011,-2.84e-05
BTCUSDT,1777478400003,3.571e-05
BTCUSDT,1777507200002,-4.22e-05
BTCUSDT,1777536000000,-1.837e-05
BTCUSDT,1777564800000,-2.904e-05
BTCUSDT,1777593600000,-3.746e-05
BTCUSDT,1777622400005,-1.81e-05
BTCUSDT,1777651200000,-3.143e-05
BTCUSDT,1777680000006,-8.22e-06
BTCUSDT,1777708800000,-5.103e-05
BTCUSDT,1777737600010,-2.54e-05
BTCUSDT,1777766400005,2.29e-05
BTCUSDT,1777795200003,-1.398e-05
BTCUSDT,1777824000000,7.03e-06
BTCUSDT,1777852800000,4.304e-05
BTCUSDT,1777881600000,-1.58e-06
BTCUSDT,1777910400003,-3.16e-05
BTCUSDT,1777939200000,-3.83e-06
BTCUSDT,1777968000011,-4.626e-05
BTCUSDT,1777996800000,-8.24e-05
BTCUSDT,1778025600010,-9.153e-05
BTCUSDT,1778054400000,-6.15e-05
BTCUSDT,1778083200002,-3.756e-05
BTCUSDT,1778112000000,-5.856e-05
BTCUSDT,1778140800000,-4.568e-05
BTCUSDT,1778169600004,-3.014e-05
BTCUSDT,1778198400003,-7.406e-05
BTCUSDT,1778227200002,2.415e-05
BTCUSDT,1778256000003,-1.542e-05
BTCUSDT,1778284800000,1.841e-05
BTCUSDT,1778313600001,-3.792e-05
BTCUSDT,1778342400002,3.645e-05
BTCUSDT,1778371200003,9e-07
BTCUSDT,1778400000000,4.626e-05
BTCUSDT,1778428800000,5.764e-05
BTCUSDT,1778457600000,5.798e-05
BTCUSDT,1778486400000,2.592e-05
BTCUSDT,1778515200000,4.555e-05
BTCUSDT,1778544000002,-1.15e-06
BTCUSDT,1778572800008,3.877e-05
BTCUSDT,1778601600000,5.822e-05
BTCUSDT,1778630400010,5.367e-05
BTCUSDT,1778659200003,5.437e-05
BTCUSDT,1778688000001,1.749e-05
BTCUSDT,1778716800005,3.928e-05
BTCUSDT,1778745600000,2.928e-05
BTCUSDT,1778774400000,4.094e-05
BTCUSDT,1778803200000,-4.239e-05
BTCUSDT,1778832000016,-1.893e-05
BTCUSDT,1778860800012,1.548e-05
BTCUSDT,1778889600005,3.938e-05
BTCUSDT,1778918400000,-2.1e-06
BTCUSDT,1778947200005,4.955e-05
BTCUSDT,1778976000000,4.037e-05
BTCUSDT,1779004800010,1.176e-05
BTCUSDT,1779033600009,4.8e-07
BTCUSDT,1779062400007,-1.131e-05
BTCUSDT,1779091200002,5.778e-05
BTCUSDT,1779120000007,7.178e-05
BTCUSDT,1779148800001,5.164e-05
BTCUSDT,1779177600001,4.809e-05
BTCUSDT,1779206400009,5.563e-05
BTCUSDT,1779235200001,3.254e-05
BTCUSDT,1779264000006,7.983e-05
BTCUSDT,1779292800000,6.858e-05
BTCUSDT,1779321600001,1.925e-05
BTCUSDT,1779350400000,4.003e-05
BTCUSDT,1779379200000,6.13e-05
BTCUSDT,1779408000000,3.564e-05
BTCUSDT,1779436800004,-8.2e-06
BTCUSDT,1779465600001,2.891e-05
BTCUSDT,1779494400009,1.783e-05
BTCUSDT,1779523200001,1.025e-05
BTCUSDT,1779552000003,7.441e-05
BTCUSDT,1779580800011,9.044e-05
BTCUSDT,1779609600008,6.29e-05
BTCUSDT,1779638400000,6.265e-05
BTCUSDT,1779667200001,6.549e-05
BTCUSDT,1779696000001,3.527e-05
BTCUSDT,1779724800001,1.426e-05
BTCUSDT,1779753600000,8.058e-05
BTCUSDT,1779782400003,3.852e-05
BTCUSDT,1779811200000,5.776e-05
BTCUSDT,1779840000000,0.0001
BTCUSDT,1779868800004,8.948e-05
BTCUSDT,1779897600009,9.914e-05
BTCUSDT,1779926400001,0.0001
BTCUSDT,1779955200000,5.011e-05
BTCUSDT,1779984000001,0.0001
BTCUSDT,1780012800000,0.0001
BTCUSDT,1780041600001,5.391e-05
BTCUSDT,1780070400008,6.702e-05
BTCUSDT,1780099200000,3.464e-05
BTCUSDT,1780128000001,4.732e-05
BTCUSDT,1780156800000,6.214e-05
BTCUSDT,1780185600000,4.432e-05
BTCUSDT,1780214400000,5.663e-05
BTCUSDT,1780243200004,5.988e-05
BTCUSDT,1780272000001,5.703e-05
BTCUSDT,1780300800001,4.438e-05
BTCUSDT,1780329600000,0.0001
BTCUSDT,1780358400000,0.0001
BTCUSDT,1780387200000,5.99e-05
BTCUSDT,1780416000000,8.345e-05
BTCUSDT,1780444800013,7.165e-05
BTCUSDT,1780473600000,5.229e-05
BTCUSDT,1780502400001,0.0001
BTCUSDT,1780531200009,2.705e-05
BTCUSDT,1780560000000,1.519e-05
BTCUSDT,1780588800003,-1.077e-05
BTCUSDT,1780617600000,1.315e-05
BTCUSDT,1780646400004,-1.431e-05
BTCUSDT,1780675200009,-8.63e-06
BTCUSDT,1780704000000,-1.234e-05
BTCUSDT,1780732800000,2.675e-05
BTCUSDT,1780761600000,-5.11e-06
BTCUSDT,1780790400001,-2.828e-05
BTCUSDT,1780819200000,4.07e-06
BTCUSDT,1780848000000,2.742e-05
BTCUSDT,1780876800000,3.533e-05
BTCUSDT,1780905600005,3.454e-05
BTCUSDT,1780934400004,1.22e-06
BTCUSDT,1780963200000,-1.565e-05
BTCUSDT,1780992000000,3.041e-05
BTCUSDT,1781020800001,6.06e-06
BTCUSDT,1781049600001,3.65e-06
BTCUSDT,1781078400011,-3.385e-05
BTCUSDT,1781107200009,2.542e-05
BTCUSDT,1781136000000,-8.11e-06
BTCUSDT,1781164800004,2.525e-05
BTCUSDT,1781193600000,2.736e-05
BTCUSDT,1781222400000,-1.303e-05
BTCUSDT,1781251200000,2.446e-05
BTCUSDT,1781280000000,8.4e-06
BTCUSDT,1781308800000,5.357e-05
BTCUSDT,1781337600007,6e-07
BTCUSDT,1781366400002,9.38e-06
BTCUSDT,1781395200005,-4.51e-05
BTCUSDT,1781424000009,-4.657e-05
BTCUSDT,1781452800000,-3.265e-05
BTCUSDT,1781481600013,2.808e-05
BTCUSDT,1781510400013,6.21e-06
BTCUSDT,1781539200004,-6.079e-05
BTCUSDT,1781568000000,-4.28e-06
BTCUSDT,1781596800000,-1.11e-05
BTCUSDT,1781625600001,2.46e-06
BTCUSDT,1781654400012,1.957e-05
BTCUSDT,1781683200000,-6.685e-05
BTCUSDT,1781712000000,-2.582e-05
BTCUSDT,1781740800002,2.636e-05
BTCUSDT,1781769600000,1.896e-05
BTCUSDT,1781798400001,8.72e-06
BTCUSDT,1781827200005,6.039e-05
BTCUSDT,1781856000001,1.984e-05
BTCUSDT,1781884800001,2.823e-05
BTCUSDT,1781913600001,5.814e-05
BTCUSDT,1781942400000,2.633e-05
BTCUSDT,1781971200001,3.985e-05
BTCUSDT,1782000000000,7.78e-06
BTCUSDT,1782028800000,3.034e-05
BTCUSDT,1782057600000,4.189e-05
BTCUSDT,1782086400000,6.572e-05
BTCUSDT,1782115200000,1.514e-05
BTCUSDT,1782144000002,4.813e-05
BTCUSDT,1782172800003,4.041e-05
BTCUSDT,1782201600005,1.655e-05
BTCUSDT,1782230400002,-1.889e-05
BTCUSDT,1782259200005,2.154e-05
BTCUSDT,1782288000005,2.134e-05
BTCUSDT,1782316800003,2.7e-07
BTCUSDT,1782345600000,-1.423e-05
BTCUSDT,1782374400000,-1.803e-05
BTCUSDT,1782403200000,1.58e-05
BTCUSDT,1782432000010,5.298e-05
BTCUSDT,1782460800002,5.904e-05
BTCUSDT,1782489600000,7.308e-05
BTCUSDT,1782518400000,5.255e-05
BTCUSDT,1782547200000,4.284e-05
BTCUSDT,1782576000009,3.742e-05
BTCUSDT,1782604800000,4.258e-05
BTCUSDT,1782633600013,1.355e-05
BTCUSDT,1782662400000,4.43e-05
BTCUSDT,1782691200006,3.112e-05
BTCUSDT,1782720000013,7.444e-05
BTCUSDT,1782748800004,8.658e-05
BTCUSDT,1782777600000,6.175e-05
BTCUSDT,1782806400000,8.349e-05
BTCUSDT,1782835200005,3.327e-05
ETHUSDT,1577836800000,0.0001
ETHUSDT,1577865600000,7.354e-05
ETHUSDT,1577894400000,-0.00016125
ETHUSDT,1577923200002,5.047e-05
ETHUSDT,1577952000000,0.0001
ETHUSDT,1577980800000,0.0001
ETHUSDT,1578009600000,0.0001
ETHUSDT,1578038400000,0.0001
ETHUSDT,1578067200001,0.0001
ETHUSDT,1578096000000,0.0001
ETHUSDT,1578124800000,0.0001
ETHUSDT,1578153600000,0.0001
ETHUSDT,1578182400000,0.0001
ETHUSDT,1578211200000,0.0001
ETHUSDT,1578240000000,0.0001
ETHUSDT,1578268800000,0.0001
ETHUSDT,1578297600000,0.0001
ETHUSDT,1578326400000,0.0001
ETHUSDT,1578355200000,0.0001
ETHUSDT,1578384000001,0.0001
ETHUSDT,1578412800000,0.0001
ETHUSDT,1578441600000,0.0001
ETHUSDT,1578470400000,0.0001
ETHUSDT,1578499200001,0.0001
ETHUSDT,1578528000000,0.0001
ETHUSDT,1578556800000,0.0001
ETHUSDT,1578585600000,0.0001
ETHUSDT,1578614400000,0.0001
ETHUSDT,1578643200000,0.0001
ETHUSDT,1578672000000,0.0001
ETHUSDT,1578700800000,0.0001
ETHUSDT,1578729600000,0.0001
ETHUSDT,1578758400000,0.0001
ETHUSDT,1578787200000,0.0001
ETHUSDT,1578816000000,0.0001
ETHUSDT,1578844800000,0.0001
ETHUSDT,1578873600001,0.0001
ETHUSDT,1578902400000,0.0001
ETHUSDT,1578931200000,0.0001
ETHUSDT,1578960000000,0.0001
ETHUSDT,1578988800000,0.0001
ETHUSDT,1579017600001,0.0001
ETHUSDT,1579046400000,0.00011544
ETHUSDT,1579075200000,0.00020223
ETHUSDT,1579104000000,0.00031864
ETHUSDT,1579132800000,0.00017165
ETHUSDT,1579161600000,0.00038406
ETHUSDT,1579190400000,0.0004224
ETHUSDT,1579219200000,0.00018772
ETHUSDT,1579248000000,0.0001
ETHUSDT,1579276800000,0.00020327
ETHUSDT,1579305600001,0.0001
ETHUSDT,1579334400001,0.0001
ETHUSDT,1579363200000,0.00011014
ETHUSDT,1579392000000,0.00044662
ETHUSDT,1579420800000,0.00019851
ETHUSDT,1579449600000,0.00023852
ETHUSDT,1579478400000,0.00047503
ETHUSDT,1579507200000,0.00054081
ETHUSDT,1579536000000,0.00038562
ETHUSDT,1579564800000,0.00021637
ETHUSDT,1579593600000,0.00016823
ETHUSDT,1579622400000,0.00018627
ETHUSDT,1579651200000,0.0001535
ETHUSDT,1579680000001,0.0001
ETHUSDT,1579708800000,0.0001
ETHUSDT,1579737600000,0.0001
ETHUSDT,1579766400000,0.0001
ETHUSDT,1579795200000,0.00021994
ETHUSDT,1579824000000,0.00017114
ETHUSDT,1579852800000,0.00017748
ETHUSDT,1579881600001,0.00025923
ETHUSDT,1579910400000,0.0001
ETHUSDT,1579939200000,0.0001
ETHUSDT,1579968000001,0.00027793
ETHUSDT,1579996800000,0.00031959
ETHUSDT,1580025600000,0.00026387
ETHUSDT,1580054400000,0.0001
ETHUSDT,1580083200000,0.0001
ETHUSDT,1580112000001,0.0001
ETHUSDT,1580140800000,0.0001
ETHUSDT,1580169600000,0.00010167
ETHUSDT,1580198400000,0.00049212
ETHUSDT,1580227200000,0.00091788
ETHUSDT,1580256000001,0.00122251
ETHUSDT,1580284800000,0.0010613
ETHUSDT,1580313600002,0.00055576
ETHUSDT,1580342400000,0.00054882
ETHUSDT,1580371200000,0.00049058
ETHUSDT,1580400000000,0.00054951
ETHUSDT,1580428800000,0.00082589
ETHUSDT,1580457600000,0.00132017
ETHUSDT,1580486400000,0.00093741
ETHUSDT,1580515200000,0.0007201
ETHUSDT,1580544000000,0.00070775
ETHUSDT,1580572800000,0.00052861
ETHUSDT,1580601600000,0.000352
ETHUSDT,1580630400000,0.00016128
ETHUSDT,1580659200000,0.0001
ETHUSDT,1580688000000,0.0001
ETHUSDT,1580716800000,0.0001
ETHUSDT,1580745600000,0.0001
ETHUSDT,1580774400000,0.00036575
ETHUSDT,1580803200001,0.00014722
ETHUSDT,1580832000000,0.00039381
ETHUSDT,1580860800002,0.0001
ETHUSDT,1580889600000,0.0001
ETHUSDT,1580918400000,0.00095515
ETHUSDT,1580947200000,0.00112654
ETHUSDT,1580976000000,0.00077325
ETHUSDT,1581004800000,0.00053238
ETHUSDT,1581033600000,0.00032775
ETHUSDT,1581062400000,0.00014913
ETHUSDT,1581091200001,0.00045718
ETHUSDT,1581120000000,0.00026524
ETHUSDT,1581148800000,0.00027312
ETHUSDT,1581177600000,0.00029946
ETHUSDT,1581206400000,0.00097062
ETHUSDT,1581235200000,0.00063224
ETHUSDT,1581264000000,0.00136228
ETHUSDT,1581292800000,0.00130685
ETHUSDT,1581321600000,0.00193444
ETHUSDT,1581350400009,0.00295694
ETHUSDT,1581379200000,0.0011812
ETHUSDT,1581408000000,0.00150902
ETHUSDT,1581436800000,0.00107512
ETHUSDT,1581465600000,0.0028447
ETHUSDT,1581494400001,0.0036719
ETHUSDT,1581523200000,0.00148984
ETHUSDT,1581552000001,0.00119193
ETHUSDT,1581580800000,0.00141789
ETHUSDT,1581609600000,0.0017895
ETHUSDT,1581638400000,0.00133922
ETHUSDT,1581667200000,0.00081527
ETHUSDT,1581696000000,0.00097804
ETHUSDT,1581724800000,0.00084363
ETHUSDT,1581753600000,0.00099519
ETHUSDT,1581782400000,0.00116429
ETHUSDT,1581811200000,0.00191229
ETHUSDT,1581840000000,0.00042143
ETHUSDT,1581868800000,0.00063291
ETHUSDT,1581897600000,0.0006537
ETHUSDT,1581926400000,0.00052153
ETHUSDT,1581955200000,0.00088411
ETHUSDT,1581984000000,0.00024205
ETHUSDT,1582012800000,0.00012422
ETHUSDT,1582041600000,0.00023619
ETHUSDT,1582070400000,0.0007174
ETHUSDT,1582099200001,0.00095567
ETHUSDT,1582128000000,0.00068394
ETHUSDT,1582156800004,0.0001949
ETHUSDT,1582185600000,0.0001
ETHUSDT,1582214400000,0.00053851
ETHUSDT,1582243200000,0.00069899
ETHUSDT,1582272000000,0.0005353
ETHUSDT,1582300800000,0.0005742
ETHUSDT,1582329600000,0.00051605
ETHUSDT,1582358400001,0.00056424
ETHUSDT,1582387200000,0.00045883
ETHUSDT,1582416000000,0.00077311
ETHUSDT,1582444800000,0.00043317
ETHUSDT,1582473600000,0.00048157
ETHUSDT,1582502400015,0.00054128
ETHUSDT,1582531200000,0.00037142
ETHUSDT,1582560000000,0.00020954
ETHUSDT,1582588800001,0.00031422
ETHUSDT,1582617600000,0.00040545
ETHUSDT,1582646400001,0.00052084
ETHUSDT,1582675200000,0.00047129
ETHUSDT,1582704000001,0.00079802
ETHUSDT,1582732800000,0.00071497
ETHUSDT,1582761600001,0.0001
ETHUSDT,1582790400001,0.00025833
ETHUSDT,1582819200000,0.00010335
ETHUSDT,1582848000000,0.00012465
ETHUSDT,1582876800000,0.00025289
ETHUSDT,1582905600000,0.00030522
ETHUSDT,1582934400000,0.00040998
ETHUSDT,1582963200000,0.00055451
ETHUSDT,1582992000000,0.00047771
ETHUSDT,1583020800000,0.00032216
ETHUSDT,1583049600000,0.00018986
ETHUSDT,1583078400001,0.00015628
ETHUSDT,1583107200000,0.00014747
ETHUSDT,1583136000000,0.00015638
ETHUSDT,1583164800004,0.0001
ETHUSDT,1583193600000,0.0001
ETHUSDT,1583222400003,0.0001
ETHUSDT,1583251200000,0.00031403
ETHUSDT,1583280000002,0.00030731
ETHUSDT,1583308800000,0.00030432
ETHUSDT,1583337600001,0.00032821
ETHUSDT,1583366400000,0.00029022
ETHUSDT,1583395200000,0.00039893
ETHUSDT,1583424000000,0.00036018
ETHUSDT,1583452800003,0.0003738
ETHUSDT,1583481600000,0.0001
ETHUSDT,1583510400000,0.0001
ETHUSDT,1583539200000,0.0001
ETHUSDT,1583568000001,0.0001
ETHUSDT,1583596800000,0.00013739
ETHUSDT,1583625600001,0.00032347
ETHUSDT,1583654400000,0.0004582
ETHUSDT,1583683200006,0.00037933
ETHUSDT,1583712000000,0.0001
ETHUSDT,1583740800000,0.00011432
ETHUSDT,1583769600000,0.00016188
ETHUSDT,1583798400000,0.00025018
ETHUSDT,1583827200000,0.0001
ETHUSDT,1583856000000,0.00025409
ETHUSDT,1583884800001,0.0001
ETHUSDT,1583913600000,0.00016304
ETHUSDT,1583942400000,0.00037247
ETHUSDT,1583971200001,0.00036391
ETHUSDT,1584000000001,0.00054526
ETHUSDT,1584028800000,0.0001
ETHUSDT,1584057600000,0.0001
ETHUSDT,1584086400000,-0.00281778
ETHUSDT,1584115200002,-0.00027991
ETHUSDT,1584144000000,0.0001
ETHUSDT,1584172800001,0.0001
ETHUSDT,1584201600000,0.0001
ETHUSDT,1584230400000,0.0001
ETHUSDT,1584259200000,0.0001
ETHUSDT,1584288000001,0.0001
ETHUSDT,1584316800000,0.0001
ETHUSDT,1584345600000,0.0001
ETHUSDT,1584374400001,-0.00022932
ETHUSDT,1584403200000,0.0001
ETHUSDT,1584432000000,0.0001
ETHUSDT,1584460800000,0.0001
ETHUSDT,1584489600000,0.0001
ETHUSDT,1584518400000,0.0001
ETHUSDT,1584547200000,0.0001
ETHUSDT,1584576000000,0.0001
ETHUSDT,1584604800000,0.0001
ETHUSDT,1584633600000,0.0001
ETHUSDT,1584662400000,0.0001
ETHUSDT,1584691200000,0.0001
ETHUSDT,1584720000000,0.0001
ETHUSDT,1584748800000,0.0001
ETHUSDT,1584777600000,0.0001
ETHUSDT,1584806400000,0.0001
ETHUSDT,1584835200000,0.0001
ETHUSDT,1584864000001,0.0001
ETHUSDT,1584892800000,0.0001
ETHUSDT,1584921600000,0.0001
ETHUSDT,1584950400000,0.0001
ETHUSDT,1584979200000,0.0001
ETHUSDT,1585008000000,0.0001
ETHUSDT,1585036800000,0.0001
ETHUSDT,1585065600000,0.0001
ETHUSDT,1585094400000,0.0001
ETHUSDT,1585123200000,0.0001
ETHUSDT,1585152000001,0.0001
ETHUSDT,1585180800006,0.0001
ETHUSDT,1585209600002,0.0001
ETHUSDT,1585238400000,0.0001
ETHUSDT,1585267200000,0.0001
ETHUSDT,1585296000000,0.0001
ETHUSDT,1585324800000,0.0001
ETHUSDT,1585353600000,0.0001
ETHUSDT,1585382400000,-2.715e-05
ETHUSDT,1585411200000,0.0001
ETHUSDT,1585440000000,0.0001
ETHUSDT,1585468800001,0.0001
ETHUSDT,1585497600000,0.0001
ETHUSDT,1585526400000,0.0001
ETHUSDT,1585555200000,-9.91e-05
ETHUSDT,1585584000000,0.0001
ETHUSDT,1585612800000,0.0001
ETHUSDT,1585641600001,0.0001
ETHUSDT,1585670400001,0.0001
ETHUSDT,1585699200002,0.0001
ETHUSDT,1585728000000,0.0001
ETHUSDT,1585756800001,-7.368e-05
ETHUSDT,1585785600000,-5.17e-05
ETHUSDT,1585814400000,0.0001
ETHUSDT,1585843200000,0.0001
ETHUSDT,1585872000000,0.0001
ETHUSDT,1585900800000,0.0001
ETHUSDT,1585929600000,0.0001
ETHUSDT,1585958400000,4.881e-05
ETHUSDT,1585987200000,0.0001
ETHUSDT,1586016000000,0.0001
ETHUSDT,1586044800001,0.0001
ETHUSDT,1586073600000,3.554e-05
ETHUSDT,1586102400000,0.0001
ETHUSDT,1586131200000,0.0001
ETHUSDT,1586160000000,7.54e-05
ETHUSDT,1586188800000,5.027e-05
ETHUSDT,1586217600000,-0.00014221
ETHUSDT,1586246400000,-8.712e-05
ETHUSDT,1586275200000,8.758e-05
ETHUSDT,1586304000000,0.0001
ETHUSDT,1586332800000,0.0001
ETHUSDT,1586361600000,0.0001
ETHUSDT,1586390400000,0.0001
ETHUSDT,1586419200001,0.0001
ETHUSDT,1586448000000,0.0001
ETHUSDT,1586476800001,0.0001
ETHUSDT,1586505600000,0.0001
ETHUSDT,1586534400000,0.0001
ETHUSDT,1586563200000,-6.9e-06
ETHUSDT,1586592000000,9.267e-05
ETHUSDT,1586620800000,0.0001
ETHUSDT,1586649600000,0.0001
ETHUSDT,1586678400006,1.985e-05
ETHUSDT,1586707200001,0.0001
ETHUSDT,1586736000001,0.0001
ETHUSDT,1586764800000,0.0001
ETHUSDT,1586793600000,0.0001
ETHUSDT,1586822400000,0.0001
ETHUSDT,1586851200000,0.0001
ETHUSDT,1586880000000,0.0001
ETHUSDT,1586908800000,0.0001
ETHUSDT,1586937600000,0.0001
ETHUSDT,1586966400000,0.0001
ETHUSDT,1586995200000,0.0001
ETHUSDT,1587024000000,-2.526e-05
ETHUSDT,1587052800000,0.0001
ETHUSDT,1587081600000,0.0001
ETHUSDT,1587110400000,0.0001
ETHUSDT,1587139200000,0.0001
ETHUSDT,1587168000000,0.0001
ETHUSDT,1587196800000,9.454e-05
ETHUSDT,1587225600000,0.0001
ETHUSDT,1587254400000,0.0001
ETHUSDT,1587283200000,0.0001
ETHUSDT,1587312000000,0.0001
ETHUSDT,1587340800000,0.0001
ETHUSDT,1587369600000,0.0001
ETHUSDT,1587398400000,0.0001
ETHUSDT,1587427200000,0.0001
ETHUSDT,1587456000001,0.0001
ETHUSDT,1587484800000,0.0001
ETHUSDT,1587513600001,0.0001
ETHUSDT,1587542400000,0.0001
ETHUSDT,1587571200000,0.0001
ETHUSDT,1587600000000,0.0001
ETHUSDT,1587628800001,0.0001
ETHUSDT,1587657600000,0.0001
ETHUSDT,1587686400000,0.0001
ETHUSDT,1587715200000,0.0001
ETHUSDT,1587744000000,0.0001
ETHUSDT,1587772800003,0.0001
ETHUSDT,1587801600000,0.0001
ETHUSDT,1587830400000,0.0001
ETHUSDT,1587859200000,0.0001
ETHUSDT,1587888000000,0.0001
ETHUSDT,1587916800000,0.0001
ETHUSDT,1587945600000,0.0001
ETHUSDT,1587974400005,0.0001
ETHUSDT,1588003200000,0.0001
ETHUSDT,1588032000000,0.0001
ETHUSDT,1588060800000,0.0001
ETHUSDT,1588089600000,0.0001
ETHUSDT,1588118400000,0.0001
ETHUSDT,1588147200001,0.0001
ETHUSDT,1588176000000,0.0001
ETHUSDT,1588204800000,0.0001
ETHUSDT,1588233600000,0.00040543
ETHUSDT,1588262400000,0.0001
ETHUSDT,1588291200000,0.0001
ETHUSDT,1588320000000,0.0001963
ETHUSDT,1588348800000,0.00033541
ETHUSDT,1588377600000,0.00020286
ETHUSDT,1588406400000,0.00028799
ETHUSDT,1588435200000,0.00065493
ETHUSDT,1588464000000,0.0002053
ETHUSDT,1588492800000,0.00033679
ETHUSDT,1588521600000,0.00030318
ETHUSDT,1588550400000,0.0001
ETHUSDT,1588579200005,0.00020259
ETHUSDT,1588608000000,0.00018353
ETHUSDT,1588636800000,0.00021158
ETHUSDT,1588665600000,0.00033589
ETHUSDT,1588694400000,0.0001
ETHUSDT,1588723200001,0.0001
ETHUSDT,1588752000000,0.00023099
ETHUSDT,1588780800000,0.00058198
ETHUSDT,1588809600000,0.0001
ETHUSDT,1588838400011,0.0001
ETHUSDT,1588867200000,0.00010111
ETHUSDT,1588896000000,0.000687
ETHUSDT,1588924800001,0.00027607
ETHUSDT,1588953600000,0.00021374
ETHUSDT,1588982400000,0.00039213
ETHUSDT,1589011200000,0.00018668
ETHUSDT,1589040000000,0.000217
ETHUSDT,1589068800000,0.00015215
ETHUSDT,1589097600000,0.0001
ETHUSDT,1589126400000,0.0001
ETHUSDT,1589155200000,0.0001
ETHUSDT,1589184000000,0.0001
ETHUSDT,1589212800000,0.0001
ETHUSDT,1589241600000,0.0001
ETHUSDT,1589270400001,0.0001
ETHUSDT,1589299200000,0.0001
ETHUSDT,1589328000000,0.0001
ETHUSDT,1589356800000,0.0001
ETHUSDT,1589385600000,0.0001
ETHUSDT,1589414400000,0.0001
ETHUSDT,1589443200000,0.0001
ETHUSDT,1589472000000,0.0001
ETHUSDT,1589500800000,4.486e-05
ETHUSDT,1589529600000,-3.957e-05
ETHUSDT,1589558400001,0.0001
ETHUSDT,1589587200008,0.0001
ETHUSDT,1589616000000,-5.47e-05
ETHUSDT,1589644800000,0.0001
ETHUSDT,1589673600002,0.0001
ETHUSDT,1589702400000,-4.057e-05
ETHUSDT,1589731200000,0.0001
ETHUSDT,1589760000000,0.0001
ETHUSDT,1589788800000,0.0001
ETHUSDT,1589817600001,0.0001
ETHUSDT,1589846400005,0.0001
ETHUSDT,1589875200000,0.0001
ETHUSDT,1589904000000,0.0001
ETHUSDT,1589932800000,0.0001
ETHUSDT,1589961600000,0.0001
ETHUSDT,1589990400006,0.0001
ETHUSDT,1590019200000,0.0001
ETHUSDT,1590048000000,0.0001
ETHUSDT,1590076800000,0.0001
ETHUSDT,1590105600006,3.518e-05
ETHUSDT,1590134400000,0.0001
ETHUSDT,1590163200000,0.0001
ETHUSDT,1590192000003,0.0001
ETHUSDT,1590220800000,0.0001
ETHUSDT,1590249600000,0.0001
ETHUSDT,1590278400006,0.0001
ETHUSDT,1590307200000,0.0001
ETHUSDT,1590336000000,0.0001
ETHUSDT,1590364800000,0.0001
ETHUSDT,1590393600000,0.0001
ETHUSDT,1590422400000,0.0001
ETHUSDT,1590451200000,0.0001
ETHUSDT,1590480000006,0.0001
ETHUSDT,1590508800000,0.0001
ETHUSDT,1590537600000,0.0001
ETHUSDT,1590566400000,0.0001
ETHUSDT,1590595200000,0.0001
ETHUSDT,1590624000000,0.0001
ETHUSDT,1590652800000,0.0001
ETHUSDT,1590681600000,0.0001
ETHUSDT,1590710400000,0.0001
ETHUSDT,1590739200000,0.0001
ETHUSDT,1590768000000,0.0001
ETHUSDT,1590796800000,0.0001
ETHUSDT,1590825600001,0.0001
ETHUSDT,1590854400000,0.0001
ETHUSDT,1590883200000,0.0001
ETHUSDT,1590912000001,0.0001
ETHUSDT,1590940800000,0.0001
ETHUSDT,1590969600000,0.0001
ETHUSDT,1590998400001,0.0001
ETHUSDT,1591027200000,0.0001
ETHUSDT,1591056000000,0.00034764
ETHUSDT,1591084800002,0.00018222
ETHUSDT,1591113600000,0.0001
ETHUSDT,1591142400000,0.0001
ETHUSDT,1591171200000,0.0001
ETHUSDT,1591200000002,0.0001
ETHUSDT,1591228800001,0.0001
ETHUSDT,1591257600004,0.0001
ETHUSDT,1591286400001,0.0001
ETHUSDT,1591315200001,0.0001
ETHUSDT,1591344000000,0.0001
ETHUSDT,1591372800001,0.0001
ETHUSDT,1591401600000,0.0001
ETHUSDT,1591430400000,0.0001
ETHUSDT,1591459200000,0.0001
ETHUSDT,1591488000000,0.0001
ETHUSDT,1591516800000,0.0001
ETHUSDT,1591545600006,0.0001
ETHUSDT,1591574400008,0.0001
ETHUSDT,1591603200007,0.0002108
ETHUSDT,1591632000000,0.00023671
ETHUSDT,1591660800000,0.00021431
ETHUSDT,1591689600000,0.0001
ETHUSDT,1591718400000,0.00012471
ETHUSDT,1591747200000,0.0001
ETHUSDT,1591776000000,0.0001
ETHUSDT,1591804800000,0.0001
ETHUSDT,1591833600008,0.00023457
ETHUSDT,1591862400001,0.0001
ETHUSDT,1591891200000,0.0001
ETHUSDT,1591920000003,0.0001
ETHUSDT,1591948800000,0.0001
ETHUSDT,1591977600002,0.0001
ETHUSDT,1592006400000,0.0001
ETHUSDT,1592035200001,0.0001
ETHUSDT,1592064000000,0.0001
ETHUSDT,1592092800007,0.0001
ETHUSDT,1592121600000,0.0001
ETHUSDT,1592150400001,0.0001
ETHUSDT,1592179200000,0.0001
ETHUSDT,1592208000001,0.0001
ETHUSDT,1592236800000,0.0001
ETHUSDT,1592265600002,0.0001
ETHUSDT,1592294400000,0.0001
ETHUSDT,1592323200006,0.0001
ETHUSDT,1592352000000,0.0001
ETHUSDT,1592380800007,0.0001
ETHUSDT,1592409600000,0.0001
ETHUSDT,1592438400003,0.0001
ETHUSDT,1592467200001,0.0001
ETHUSDT,1592496000002,0.0001
ETHUSDT,1592524800001,0.0001
ETHUSDT,1592553600003,0.0001
ETHUSDT,1592582400000,0.0001
ETHUSDT,1592611200000,0.0001
ETHUSDT,1592640000009,0.0001
ETHUSDT,1592668800006,0.0001
ETHUSDT,1592697600000,0.0001
ETHUSDT,1592726400000,0.0001
ETHUSDT,1592755200000,0.0001
ETHUSDT,1592784000000,0.0001
ETHUSDT,1592812800000,0.0001
ETHUSDT,1592841600001,0.0001
ETHUSDT,1592870400000,0.0001
ETHUSDT,1592899200002,0.0001
ETHUSDT,1592928000000,0.0001
ETHUSDT,1592956800001,0.0001
ETHUSDT,1592985600000,0.0001
ETHUSDT,1593014400000,0.0001
ETHUSDT,1593043200000,0.0001
ETHUSDT,1593072000000,0.0001
ETHUSDT,1593100800000,0.0001
ETHUSDT,1593129600000,0.0001
ETHUSDT,1593158400000,0.0001
ETHUSDT,1593187200000,0.0001
ETHUSDT,1593216000003,0.0001
ETHUSDT,1593244800004,0.0001
ETHUSDT,1593273600000,0.0001
ETHUSDT,1593302400003,0.0001
ETHUSDT,1593331200001,0.0001
ETHUSDT,1593360000000,0.0001
ETHUSDT,1593388800000,0.0001
ETHUSDT,1593417600005,0.0001
ETHUSDT,1593446400000,0.0001
ETHUSDT,1593475200000,0.0001
ETHUSDT,1593504000001,0.0001
ETHUSDT,1593532800002,0.0001
ETHUSDT,1593561600002,0.0001
ETHUSDT,1593590400000,0.0001
ETHUSDT,1593619200000,0.0001
ETHUSDT,1593648000001,0.0001
ETHUSDT,1593676800001,0.0001
ETHUSDT,1593705600000,0.0001
ETHUSDT,1593734400000,0.0001
ETHUSDT,1593763200001,0.0001
ETHUSDT,1593792000000,0.0001
ETHUSDT,1593820800002,0.0001
ETHUSDT,1593849600002,0.0001
ETHUSDT,1593878400001,0.0001
ETHUSDT,1593907200000,0.0001
ETHUSDT,1593936000000,0.0001
ETHUSDT,1593964800000,0.0001
ETHUSDT,1593993600000,0.0001
ETHUSDT,1594022400001,0.0001
ETHUSDT,1594051200000,0.0001
ETHUSDT,1594080000000,0.0001
ETHUSDT,1594108800006,0.0001
ETHUSDT,1594137600000,0.0001
ETHUSDT,1594166400000,0.0001
ETHUSDT,1594195200000,0.0001
ETHUSDT,1594224000000,0.0001
ETHUSDT,1594252800001,0.00011645
ETHUSDT,1594281600002,0.00011218
ETHUSDT,1594310400000,0.00010104
ETHUSDT,1594339200000,0.0001
ETHUSDT,1594368000001,0.0001
ETHUSDT,1594396800000,0.0001
ETHUSDT,1594425600000,0.0001
ETHUSDT,1594454400000,0.0001
ETHUSDT,1594483200000,0.0001
ETHUSDT,1594512000000,0.0001
ETHUSDT,1594540800000,0.0001
ETHUSDT,1594569600000,0.0001
ETHUSDT,1594598400000,0.0001
ETHUSDT,1594627200001,0.0001
ETHUSDT,1594656000000,0.00012899
ETHUSDT,1594684800001,0.0001
ETHUSDT,1594713600000,0.0001
ETHUSDT,1594742400000,0.0001
ETHUSDT,1594771200000,0.0001
ETHUSDT,1594800000000,0.0001
ETHUSDT,1594828800000,0.0001
ETHUSDT,1594857600000,0.0001
ETHUSDT,1594886400002,0.0001
ETHUSDT,1594915200001,0.0001
ETHUSDT,1594944000001,0.0001
ETHUSDT,1594972800000,0.0001
ETHUSDT,1595001600000,0.0001
ETHUSDT,1595030400003,0.0001
ETHUSDT,1595059200001,0.0001
ETHUSDT,1595088000000,0.0001
ETHUSDT,1595116800000,0.0001
ETHUSDT,1595145600000,0.0001
ETHUSDT,1595174400000,0.0001
ETHUSDT,1595203200000,0.0001
ETHUSDT,1595232000000,0.0001
ETHUSDT,1595260800001,0.0001
ETHUSDT,1595289600000,0.0001
ETHUSDT,1595318400001,0.0001
ETHUSDT,1595347200004,0.0001
ETHUSDT,1595376000000,0.0001
ETHUSDT,1595404800000,0.0001
ETHUSDT,1595433600000,0.0001
ETHUSDT,1595462400001,0.00055183
ETHUSDT,1595491200000,0.00079591
ETHUSDT,1595520000001,0.00047433
ETHUSDT,1595548800000,0.00058285
ETHUSDT,1595577600000,0.0009435
ETHUSDT,1595606400000,0.00042763
ETHUSDT,1595635200000,0.00032733
ETHUSDT,1595664000001,0.00019115
ETHUSDT,1595692800000,0.00023376
ETHUSDT,1595721600000,0.00039999
ETHUSDT,1595750400000,0.00091914
ETHUSDT,1595779200000,0.00090981
ETHUSDT,1595808000000,0.00069401
ETHUSDT,1595836800000,0.00076669
ETHUSDT,1595865600000,0.00091745
ETHUSDT,1595894400000,0.00113558
ETHUSDT,1595923200001,0.00120926
ETHUSDT,1595952000000,0.00114134
ETHUSDT,1595980800000,0.00086449
ETHUSDT,1596009600000,0.00095544
ETHUSDT,1596038400000,0.00071643
ETHUSDT,1596067200000,0.0006881
ETHUSDT,1596096000001,0.00062728
ETHUSDT,1596124800000,0.0006027
ETHUSDT,1596153600000,0.00108946
ETHUSDT,1596182400001,0.00070112
ETHUSDT,1596211200000,0.00061106
ETHUSDT,1596240000005,0.00035058
ETHUSDT,1596268800000,0.00044202
ETHUSDT,1596297600001,0.00053847
ETHUSDT,1596326400000,0.00163562
ETHUSDT,1596355200001,0.00094879
ETHUSDT,1596384000001,0.00033067
ETHUSDT,1596412800000,0.0002917
ETHUSDT,1596441600001,0.00050577
ETHUSDT,1596470400000,0.00054445
ETHUSDT,1596499200003,0.00036557
ETHUSDT,1596528000000,0.00054679
ETHUSDT,1596556800000,0.00063177
ETHUSDT,1596585600000,0.00061202
ETHUSDT,1596614400000,0.00053408
ETHUSDT,1596643200000,0.0008946
ETHUSDT,1596672000000,0.00062437
ETHUSDT,1596700800007,0.00056598
ETHUSDT,1596729600000,0.00069781
ETHUSDT,1596758400001,0.00052275
ETHUSDT,1596787200000,0.00046696
ETHUSDT,1596816000000,0.00029683
ETHUSDT,1596844800000,0.0001
ETHUSDT,1596873600000,0.00020749
ETHUSDT,1596902400000,0.00044084
ETHUSDT,1596931200000,0.00032833
ETHUSDT,1596960000000,0.00046489
ETHUSDT,1596988800000,0.00034455
ETHUSDT,1597017600001,0.00033424
ETHUSDT,1597046400000,0.00108975
ETHUSDT,1597075200001,0.00052034
ETHUSDT,1597104000001,0.00048022
ETHUSDT,1597132800000,0.00052529
ETHUSDT,1597161600001,0.00052038
ETHUSDT,1597190400000,0.00034144
ETHUSDT,1597219200000,0.00034577
ETHUSDT,1597248000000,0.00024038
ETHUSDT,1597276800002,0.00031747
ETHUSDT,1597305600000,0.0006053
ETHUSDT,1597334400000,0.00051653
ETHUSDT,1597363200000,0.00136967
ETHUSDT,1597392000000,0.00146832
ETHUSDT,1597420800000,0.00124102
ETHUSDT,1597449600000,0.0007934
ETHUSDT,1597478400001,0.00084015
ETHUSDT,1597507200001,0.00075821
ETHUSDT,1597536000000,0.0009221
ETHUSDT,1597564800000,0.00086801
ETHUSDT,1597593600000,0.00046248
ETHUSDT,1597622400000,0.00074992
ETHUSDT,1597651200000,0.00061133
ETHUSDT,1597680000000,0.00103523
ETHUSDT,1597708800001,0.00133232
ETHUSDT,1597737600008,0.00085913
ETHUSDT,1597766400000,0.00054732
ETHUSDT,1597795200000,0.00034355
ETHUSDT,1597824000000,0.00021587
ETHUSDT,1597852800000,0.00040187
ETHUSDT,1597881600001,0.00035614
ETHUSDT,1597910400000,0.00026745
ETHUSDT,1597939200000,0.0001
ETHUSDT,1597968000000,0.0001
ETHUSDT,1597996800000,0.0001
ETHUSDT,1598025600017,0.00021092
ETHUSDT,1598054400000,0.0001
ETHUSDT,1598083200000,0.0001
ETHUSDT,1598112000000,0.0001
ETHUSDT,1598140800000,0.00016169
ETHUSDT,1598169600000,0.00014517
ETHUSDT,1598198400000,0.00030687
ETHUSDT,1598227200006,0.00031572
ETHUSDT,1598256000001,0.00022508
ETHUSDT,1598284800000,0.00031958
ETHUSDT,1598313600000,0.0002243
ETHUSDT,1598342400000,0.00011335
ETHUSDT,1598371200000,0.00011631
ETHUSDT,1598400000000,0.00020921
ETHUSDT,1598428800008,0.0001
ETHUSDT,1598457600002,0.00015004
ETHUSDT,1598486400000,0.00011281
ETHUSDT,1598515200010,0.0001
ETHUSDT,1598544000000,0.0001
ETHUSDT,1598572800000,0.0001
ETHUSDT,1598601600001,0.0001
ETHUSDT,1598630400000,0.00012226
ETHUSDT,1598659200002,0.0001
ETHUSDT,1598688000006,0.0001
ETHUSDT,1598716800003,0.0001
ETHUSDT,1598745600000,0.0001
ETHUSDT,1598774400000,0.0001
ETHUSDT,1598803200000,0.0001
ETHUSDT,1598832000000,0.0001
ETHUSDT,1598860800001,0.0001
ETHUSDT,1598889600001,0.0001
ETHUSDT,1598918400000,0.0001
ETHUSDT,1598947200000,0.00027103
ETHUSDT,1598976000000,0.00055077
ETHUSDT,1599004800000,0.00045898
ETHUSDT,1599033600006,0.00060012
ETHUSDT,1599062400000,0.0001
ETHUSDT,1599091200001,0.00014859
ETHUSDT,1599120000004,0.0001
ETHUSDT,1599148800000,0.0001
ETHUSDT,1599177600005,0.00010813
ETHUSDT,1599206400000,0.00020118
ETHUSDT,1599235200006,0.0001181
ETHUSDT,1599264000000,0.0001
ETHUSDT,1599292800004,0.0001
ETHUSDT,1599321600001,0.0001
ETHUSDT,1599350400004,0.0001
ETHUSDT,1599379200000,0.0001
ETHUSDT,1599408000000,0.0001
ETHUSDT,1599436800002,0.0001
ETHUSDT,1599465600004,6.48e-05
ETHUSDT,1599494400001,0.0001
ETHUSDT,1599523200007,0.0001
ETHUSDT,1599552000006,0.0001
ETHUSDT,1599580800014,0.0001
ETHUSDT,1599609600000,0.0001
ETHUSDT,1599638400000,0.0001
ETHUSDT,1599667200000,0.0001
ETHUSDT,1599696000000,0.0001
ETHUSDT,1599724800005,0.0001
ETHUSDT,1599753600000,6.538e-05
ETHUSDT,1599782400000,3.498e-05
ETHUSDT,1599811200008,9.323e-05
ETHUSDT,1599840000000,7.151e-05
ETHUSDT,1599868800008,0.0001
ETHUSDT,1599897600000,0.0001
ETHUSDT,1599926400008,3.731e-05
ETHUSDT,1599955200000,0.0001
ETHUSDT,1599984000000,0.0001
ETHUSDT,1600012800004,0.0001
ETHUSDT,1600041600003,0.0001
ETHUSDT,1600070400008,0.0001
ETHUSDT,1600099200000,0.0001
ETHUSDT,1600128000000,0.0001
ETHUSDT,1600156800010,0.0001
ETHUSDT,1600185600003,0.0001
ETHUSDT,1600214400014,0.0001
ETHUSDT,1600243200000,0.0001
ETHUSDT,1600272000001,0.0001
ETHUSDT,1600300800006,0.0001
ETHUSDT,1600329600012,0.0001
ETHUSDT,1600358400000,0.0001
ETHUSDT,1600387200001,0.0001
ETHUSDT,1600416000002,0.0001
ETHUSDT,1600444800002,0.0001
ETHUSDT,1600473600000,0.0001
ETHUSDT,1600502400005,0.0001
ETHUSDT,1600531200008,0.0001
ETHUSDT,1600560000002,0.0001
ETHUSDT,1600588800005,0.0001
ETHUSDT,1600617600005,-8e-07
ETHUSDT,1600646400000,-1.481e-05
ETHUSDT,1600675200001,0.0001
ETHUSDT,1600704000000,5.075e-05
ETHUSDT,1600732800001,-0.00022757
ETHUSDT,1600761600000,9.7e-07
ETHUSDT,1600790400004,1.01e-05
ETHUSDT,1600819200007,0.0001
ETHUSDT,1600848000001,1.632e-05
ETHUSDT,1600876800001,0.0001
ETHUSDT,1600905600000,-1.579e-05
ETHUSDT,1600934400000,3.064e-05
ETHUSDT,1600963200000,5.598e-05
ETHUSDT,1600992000009,5.361e-05
ETHUSDT,1601020800045,0.0001
ETHUSDT,1601049600000,0.0001
ETHUSDT,1601078400000,0.0001
ETHUSDT,1601107200000,0.0001
ETHUSDT,1601136000005,0.0001
ETHUSDT,1601164800000,0.0001
ETHUSDT,1601193600000,0.0001
ETHUSDT,1601222400019,0.0001
ETHUSDT,1601251200001,0.0001
ETHUSDT,1601280000000,0.0001
ETHUSDT,1601308800002,0.0001
ETHUSDT,1601337600000,0.0001
ETHUSDT,1601366400000,-1.526e-05
ETHUSDT,1601395200000,7.388e-05
ETHUSDT,1601424000005,0.0001
ETHUSDT,1601452800000,0.0001
ETHUSDT,1601481600000,-2.8e-06
ETHUSDT,1601510400000,9.937e-05
ETHUSDT,1601539200000,0.0001
ETHUSDT,1601568000000,0.0001
ETHUSDT,1601596800011,4.321e-05
ETHUSDT,1601625600000,0.0001
ETHUSDT,1601654400005,-3.462e-05
ETHUSDT,1601683200000,5.867e-05
ETHUSDT,1601712000001,-0.00011916
ETHUSDT,1601740800000,-3.221e-05
ETHUSDT,1601769600000,-6.7e-06
ETHUSDT,1601798400003,0.0001
ETHUSDT,1601827200001,-6.384e-05
ETHUSDT,1601856000000,0.0001
ETHUSDT,1601884800000,3.05e-06
ETHUSDT,1601913600012,-1.442e-05
ETHUSDT,1601942400000,-4.499e-05
ETHUSDT,1601971200005,9.514e-05
ETHUSDT,1602000000000,4.4e-07
ETHUSDT,1602028800000,-7.208e-05
ETHUSDT,1602057600000,2.716e-05
ETHUSDT,1602086400000,7.205e-05
ETHUSDT,1602115200000,0.0001
ETHUSDT,1602144000009,0.0001
ETHUSDT,1602172800003,0.0001
ETHUSDT,1602201600001,0.0001
ETHUSDT,1602230400000,0.0001
ETHUSDT,1602259200004,0.0001
ETHUSDT,1602288000005,0.0001
ETHUSDT,1602316800000,0.0001733
ETHUSDT,1602345600011,0.00027917
ETHUSDT,1602374400002,0.00011995
ETHUSDT,1602403200003,0.00013127
ETHUSDT,1602432000004,0.0001
ETHUSDT,1602460800001,0.0001
ETHUSDT,1602489600000,0.0001
ETHUSDT,1602518400011,0.0001
ETHUSDT,1602547200003,0.0002191
ETHUSDT,1602576000000,0.0001
ETHUSDT,1602604800001,0.0001
ETHUSDT,1602633600001,0.0001
ETHUSDT,1602662400000,0.0001
ETHUSDT,1602691200001,0.0001
ETHUSDT,1602720000000,0.0001
ETHUSDT,1602748800000,0.0001
ETHUSDT,1602777600000,0.0001
ETHUSDT,1602806400002,0.0001
ETHUSDT,1602835200003,0.0001
ETHUSDT,1602864000000,0.0001
ETHUSDT,1602892800006,0.0001
ETHUSDT,1602921600007,0.0001
ETHUSDT,1602950400009,0.0001
ETHUSDT,1602979200006,0.0001
ETHUSDT,1603008000000,0.0001
ETHUSDT,1603036800000,0.0001
ETHUSDT,1603065600000,0.0001
ETHUSDT,1603094400000,0.0001
ETHUSDT,1603123200000,0.0001
ETHUSDT,1603152000015,0.00011516
ETHUSDT,1603180800000,0.00037754
ETHUSDT,1603209600008,0.0001
ETHUSDT,1603238400009,0.0001
ETHUSDT,1603267200004,0.00031887
ETHUSDT,1603296000000,0.00050823
ETHUSDT,1603324800000,0.00083557
ETHUSDT,1603353600000,0.00052961
ETHUSDT,1603382400004,0.00074052
ETHUSDT,1603411200007,0.0005259
ETHUSDT,1603440000000,0.00033468
ETHUSDT,1603468800000,0.00024975
ETHUSDT,1603497600000,0.00051273
ETHUSDT,1603526400000,0.00042291
ETHUSDT,1603555200008,0.00034696
ETHUSDT,1603584000005,0.00039795
ETHUSDT,1603612800014,0.0001
ETHUSDT,1603641600000,0.0001
ETHUSDT,1603670400004,0.0001
ETHUSDT,1603699200000,0.0001
ETHUSDT,1603728000000,0.0002133
ETHUSDT,1603756800000,0.0001
ETHUSDT,1603785600000,0.0001
ETHUSDT,1603814400000,0.00018409
ETHUSDT,1603843200000,0.00015253
ETHUSDT,1603872000006,0.0001
ETHUSDT,1603900800001,0.0001
ETHUSDT,1603929600000,0.0001
ETHUSDT,1603958400000,0.0001
ETHUSDT,1603987200000,0.0001
ETHUSDT,1604016000000,0.0001
ETHUSDT,1604044800002,0.0001
ETHUSDT,1604073600002,0.0001
ETHUSDT,1604102400003,0.0001
ETHUSDT,1604131200000,0.0001
ETHUSDT,1604160000000,0.0001
ETHUSDT,1604188800000,0.0001
ETHUSDT,1604217600000,0.0001
ETHUSDT,1604246400000,0.0001
ETHUSDT,1604275200000,0.0001
ETHUSDT,1604304000010,0.00030095
ETHUSDT,1604332800000,0.0001
ETHUSDT,1604361600000,0.0001
ETHUSDT,1604390400004,0.0001
ETHUSDT,1604419200009,0.0001
ETHUSDT,1604448000000,0.0001
ETHUSDT,1604476800000,0.0001
ETHUSDT,1604505600005,0.0001
ETHUSDT,1604534400017,0.00076235
ETHUSDT,1604563200001,0.00073669
ETHUSDT,1604592000000,0.00069168
ETHUSDT,1604620800000,0.00035727
ETHUSDT,1604649600001,0.0007547
ETHUSDT,1604678400001,0.00073654
ETHUSDT,1604707200001,0.00048047
ETHUSDT,1604736000000,0.00103009
ETHUSDT,1604764800006,0.0005895
ETHUSDT,1604793600000,0.00021269
ETHUSDT,1604822400000,0.00034732
ETHUSDT,1604851200000,0.00058594
ETHUSDT,1604880000007,0.00050128
ETHUSDT,1604908800001,0.00025588
ETHUSDT,1604937600002,0.00028775
ETHUSDT,1604966400003,0.00016695
ETHUSDT,1604995200011,0.0003373
ETHUSDT,1605024000000,0.00036401
ETHUSDT,1605052800000,0.00043021
ETHUSDT,1605081600009,0.00018601
ETHUSDT,1605110400003,0.00041035
ETHUSDT,1605139200001,0.00039191
ETHUSDT,1605168000001,0.0001
ETHUSDT,1605196800000,0.0001
ETHUSDT,1605225600000,0.0001
ETHUSDT,1605254400000,0.0001
ETHUSDT,1605283200000,0.00051032
ETHUSDT,1605312000005,0.00058724
ETHUSDT,1605340800004,0.00011914
ETHUSDT,1605369600001,0.0001
ETHUSDT,1605398400001,0.0001
ETHUSDT,1605427200000,0.0001
ETHUSDT,1605456000003,0.0001
ETHUSDT,1605484800000,0.0001
ETHUSDT,1605513600010,0.0001
ETHUSDT,1605542400001,0.0001
ETHUSDT,1605571200002,0.0001
ETHUSDT,1605600000003,0.00024182
ETHUSDT,1605628800003,0.0003788
ETHUSDT,1605657600005,0.00089819
ETHUSDT,1605686400006,0.00037818
ETHUSDT,1605715200000,0.0001
ETHUSDT,1605744000008,0.0001
ETHUSDT,1605772800000,0.00014096
ETHUSDT,1605801600001,0.00038994
ETHUSDT,1605830400003,0.00016511
ETHUSDT,1605859200005,0.00078136
ETHUSDT,1605888000000,0.0007993
ETHUSDT,1605916800000,0.00011376
ETHUSDT,1605945600000,0.00012145
ETHUSDT,1605974400001,0.00075533
ETHUSDT,1606003200005,0.00080539
ETHUSDT,1606032000000,0.0008501
ETHUSDT,1606060800000,0.00073816
ETHUSDT,1606089600005,0.00158187
ETHUSDT,1606118400000,0.00114125
ETHUSDT,1606147200003,0.00085758
ETHUSDT,1606176000000,0.00064276
ETHUSDT,1606204800000,0.00091981
ETHUSDT,1606233600005,0.00116688
ETHUSDT,1606262400005,0.00073994
ETHUSDT,1606291200005,0.00053128
ETHUSDT,1606320000015,0.00116534
ETHUSDT,1606348800012,0.00048837
ETHUSDT,1606377600002,0.0001
ETHUSDT,1606406400001,0.00013275
ETHUSDT,1606435200001,0.0002475
ETHUSDT,1606464000000,0.0001
ETHUSDT,1606492800007,0.0001
ETHUSDT,1606521600007,0.0001
ETHUSDT,1606550400012,0.0001
ETHUSDT,1606579200000,0.0001
ETHUSDT,1606608000007,0.0001
ETHUSDT,1606636800000,0.0001
ETHUSDT,1606665600000,0.0001
ETHUSDT,1606694400004,0.0001
ETHUSDT,1606723200007,0.00036965
ETHUSDT,1606752000000,0.00090116
ETHUSDT,1606780800000,0.00039869
ETHUSDT,1606809600003,0.00058752
ETHUSDT,1606838400000,0.00031592
ETHUSDT,1606867200001,0.00019429
ETHUSDT,1606896000011,0.00045805
ETHUSDT,1606924800005,0.0001
ETHUSDT,1606953600001,0.0001
ETHUSDT,1606982400031,0.0001
ETHUSDT,1607011200000,0.00077331
ETHUSDT,1607040000006,0.00037142
ETHUSDT,1607068800009,0.00015116
ETHUSDT,1607097600000,0.0001
ETHUSDT,1607126400000,0.00027833
ETHUSDT,1607155200000,0.0001
ETHUSDT,1607184000000,0.00016022
ETHUSDT,1607212800004,0.0001
ETHUSDT,1607241600000,0.0001
ETHUSDT,1607270400001,0.0001
ETHUSDT,1607299200000,0.0001
ETHUSDT,1607328000008,0.0001
ETHUSDT,1607356800000,0.0001
ETHUSDT,1607385600003,0.00029366
ETHUSDT,1607414400003,0.00017744
ETHUSDT,1607443200033,0.0001
ETHUSDT,1607472000000,0.00013842
ETHUSDT,1607500800010,0.0001
ETHUSDT,1607529600000,0.0001
ETHUSDT,1607558400000,0.0001
ETHUSDT,1607587200000,0.0001
ETHUSDT,1607616000007,0.0001
ETHUSDT,1607644800000,0.00017393
ETHUSDT,1607673600016,0.00012389
ETHUSDT,1607702400010,0.0001
ETHUSDT,1607731200009,0.0001
ETHUSDT,1607760000002,0.0001
ETHUSDT,1607788800000,0.0001
ETHUSDT,1607817600007,0.0001
ETHUSDT,1607846400000,0.0001
ETHUSDT,1607875200000,0.0001
ETHUSDT,1607904000000,0.0001
ETHUSDT,1607932800000,0.0001
ETHUSDT,1607961600000,0.0001
ETHUSDT,1607990400006,0.0001
ETHUSDT,1608019200001,0.0001
ETHUSDT,1608048000000,0.0001
ETHUSDT,1608076800001,0.0001
ETHUSDT,1608105600000,0.0001
ETHUSDT,1608134400000,0.0010246
ETHUSDT,1608163200000,0.00050069
ETHUSDT,1608192000000,0.00073138
ETHUSDT,1608220800011,0.00133961
ETHUSDT,1608249600000,0.00026396
ETHUSDT,1608278400000,0.00050887
ETHUSDT,1608307200000,0.00061589
ETHUSDT,1608336000000,0.00064688
ETHUSDT,1608364800018,0.00052066
ETHUSDT,1608393600000,0.00088042
ETHUSDT,1608422400001,0.00072872
ETHUSDT,1608451200011,0.00030872
ETHUSDT,1608480000023,0.00058382
ETHUSDT,1608508800011,0.00019993
ETHUSDT,1608537600000,0.00041128
ETHUSDT,1608566400000,0.00017551
ETHUSDT,1608595200001,0.00013065
ETHUSDT,1608624000006,0.00012634
ETHUSDT,1608652800000,0.0001
ETHUSDT,1608681600000,0.00033124
ETHUSDT,1608710400000,0.00019732
ETHUSDT,1608739200000,0.0001
ETHUSDT,1608768000012,0.0001
ETHUSDT,1608796800009,0.0001
ETHUSDT,1608825600001,0.0001
ETHUSDT,1608854400000,0.0001
ETHUSDT,1608883200000,0.0001
ETHUSDT,1608912000000,0.00010889
ETHUSDT,1608940800009,0.0001
ETHUSDT,1608969600001,0.0001
ETHUSDT,1608998400006,0.0001
ETHUSDT,1609027200000,0.00037063
ETHUSDT,1609056000000,0.00049062
ETHUSDT,1609084800001,0.00068798
ETHUSDT,1609113600015,0.0006785
ETHUSDT,1609142400019,0.00096296
ETHUSDT,1609171200000,0.0007751
ETHUSDT,1609200000004,0.00063783
ETHUSDT,1609228800003,0.00076943
ETHUSDT,1609257600000,0.00062907
ETHUSDT,1609286400001,0.00075238
ETHUSDT,1609315200001,0.00090448
ETHUSDT,1609344000012,0.00055831
ETHUSDT,1609372800009,0.00078059
ETHUSDT,1609401600000,0.00039102
ETHUSDT,1609430400010,0.0003487
ETHUSDT,1609459200002,0.00034491
ETHUSDT,1609488000006,0.00061141
ETHUSDT,1609516800003,0.00056803
ETHUSDT,1609545600000,0.00025572
ETHUSDT,1609574400000,0.00049233
ETHUSDT,1609603200006,0.00109186
ETHUSDT,1609632000018,0.00062004
ETHUSDT,1609660800000,0.00074404
ETHUSDT,1609689600002,0.00171498
ETHUSDT,1609718400000,0.00295549
ETHUSDT,1609747200000,0.00375
ETHUSDT,1609776000000,0.00085432
ETHUSDT,1609804800020,0.00102541
ETHUSDT,1609833600003,0.0004305
ETHUSDT,1609862400003,0.00102796
ETHUSDT,1609891200010,0.0018218
ETHUSDT,1609920000003,0.00222459
ETHUSDT,1609948800000,0.00253317
ETHUSDT,1609977600007,0.00114512
ETHUSDT,1610006400000,0.00165953
ETHUSDT,1610035200004,0.00176605
ETHUSDT,1610064000000,0.00171757
ETHUSDT,1610092800000,0.00077262
ETHUSDT,1610121600000,0.00137534
ETHUSDT,1610150400009,0.0006769
ETHUSDT,1610179200004,0.00068612
ETHUSDT,1610208000000,0.00156908
ETHUSDT,1610236800000,0.00340522
ETHUSDT,1610265600005,0.00202919
ETHUSDT,1610294400000,0.00126049
ETHUSDT,1610323200000,0.00177547
ETHUSDT,1610352000012,0.0006624
ETHUSDT,1610380800000,0.00039691
ETHUSDT,1610409600000,0.0001
ETHUSDT,1610438400000,0.00045084
ETHUSDT,1610467200008,0.00058059
ETHUSDT,1610496000001,0.00037339
ETHUSDT,1610524800000,0.0001184
ETHUSDT,1610553600003,0.00040496
ETHUSDT,1610582400000,0.00054804
ETHUSDT,1610611200012,0.0005229
ETHUSDT,1610640000000,0.0007165
ETHUSDT,1610668800002,0.00027278
ETHUSDT,1610697600000,0.00055774
ETHUSDT,1610726400004,0.00087472
ETHUSDT,1610755200000,0.00014675
ETHUSDT,1610784000008,0.00054404
ETHUSDT,1610812800000,0.00152456
ETHUSDT,1610841600009,0.00106467
ETHUSDT,1610870400000,0.00050098
ETHUSDT,1610899200001,0.00051088
ETHUSDT,1610928000000,0.00109082
ETHUSDT,1610956800004,0.00028606
ETHUSDT,1610985600000,0.00109269
ETHUSDT,1611014400000,0.00121462
ETHUSDT,1611043200005,0.00197982
ETHUSDT,1611072000012,0.00199604
ETHUSDT,1611100800012,0.00153883
ETHUSDT,1611129600001,0.00072796
ETHUSDT,1611158400001,0.00048461
ETHUSDT,1611187200000,0.00034937
ETHUSDT,1611216000000,0.00065753
ETHUSDT,1611244800004,0.00037547
ETHUSDT,1611273600012,0.00020251
ETHUSDT,1611302400003,0.00016737
ETHUSDT,1611331200001,0.0001
ETHUSDT,1611360000000,0.00015431
ETHUSDT,1611388800002,0.00020659
ETHUSDT,1611417600000,0.00028319
ETHUSDT,1611446400001,0.00093097
ETHUSDT,1611475200011,0.00058705
ETHUSDT,1611504000005,0.00094274
ETHUSDT,1611532800007,0.00050723
ETHUSDT,1611561600012,0.00105754
ETHUSDT,1611590400000,0.00093264
ETHUSDT,1611619200007,0.00034093
ETHUSDT,1611648000000,0.00031895
ETHUSDT,1611676800000,0.0001
ETHUSDT,1611705600000,0.00036342
ETHUSDT,1611734400011,0.0001
ETHUSDT,1611763200003,0.0001
ETHUSDT,1611792000000,0.00014794
ETHUSDT,1611820800000,0.0001
ETHUSDT,1611849600000,0.00056884
ETHUSDT,1611878400009,0.00112844
ETHUSDT,1611907200000,0.00061388
ETHUSDT,1611936000000,0.00241392
ETHUSDT,1611964800000,0.00094051
ETHUSDT,1611993600000,0.00037882
ETHUSDT,1612022400000,0.00072777
ETHUSDT,1612051200009,0.00115111
ETHUSDT,1612080000000,0.00113497
ETHUSDT,1612108800000,0.00072236
ETHUSDT,1612137600001,0.00025014
ETHUSDT,1612166400014,0.00055359
ETHUSDT,1612195200000,0.00061764
ETHUSDT,1612224000000,0.00050304
ETHUSDT,1612252800006,0.00120708
ETHUSDT,1612281600000,0.00165937
ETHUSDT,1612310400009,0.00151935
ETHUSDT,1612339200006,0.00155522
ETHUSDT,1612368000006,0.00167923
ETHUSDT,1612396800005,0.00146092
ETHUSDT,1612425600000,0.00135459
ETHUSDT,1612454400011,0.00145079
ETHUSDT,1612483200009,0.00113736
ETHUSDT,1612512000004,0.0017643
ETHUSDT,1612540800000,0.00155465
ETHUSDT,1612569600008,0.00117123
ETHUSDT,1612598400009,0.00107002
ETHUSDT,1612627200000,0.00143968
ETHUSDT,1612656000000,0.00171115
ETHUSDT,1612684800005,0.00051183
ETHUSDT,1612713600001,0.00065683
ETHUSDT,1612742400000,0.0001
ETHUSDT,1612771200001,0.00039877
ETHUSDT,1612800000000,0.00284408
ETHUSDT,1612828800010,0.00227548
ETHUSDT,1612857600006,0.00193315
ETHUSDT,1612886400007,0.00143234
ETHUSDT,1612915200009,0.00156788
ETHUSDT,1612944000014,0.00218071
ETHUSDT,1612972800005,0.00085146
ETHUSDT,1613001600000,0.00071884
ETHUSDT,1613030400000,0.00065956
ETHUSDT,1613059200000,0.00180566
ETHUSDT,1613088000000,0.00092117
ETHUSDT,1613116800000,0.00050482
ETHUSDT,1613145600000,0.00153886
ETHUSDT,1613174400001,0.00228313
ETHUSDT,1613203200003,0.00173035
ETHUSDT,1613232000000,0.00094692
ETHUSDT,1613260800013,0.00110785
ETHUSDT,1613289600000,0.00176822
ETHUSDT,1613318400008,0.0012426
ETHUSDT,1613347200000,0.0007946
ETHUSDT,1613376000006,0.00013827
ETHUSDT,1613404800000,0.00081146
ETHUSDT,1613433600001,0.00104485
ETHUSDT,1613462400000,0.00112937
ETHUSDT,1613491200010,0.00114441
ETHUSDT,1613520000005,0.00092761
ETHUSDT,1613548800010,0.00106083
ETHUSDT,1613577600008,0.00232282
ETHUSDT,1613606400012,0.0019495
ETHUSDT,1613635200000,0.00202078
ETHUSDT,1613664000009,0.00118984
ETHUSDT,1613692800010,0.00082051
ETHUSDT,1613721600002,0.00139773
ETHUSDT,1613750400008,0.00169023
ETHUSDT,1613779200000,0.00196264
ETHUSDT,1613808000009,0.00189841
ETHUSDT,1613836800000,0.0018588
ETHUSDT,1613865600007,0.00051516
ETHUSDT,1613894400012,0.0004355
ETHUSDT,1613923200001,0.00107233
ETHUSDT,1613952000006,0.00077647
ETHUSDT,1613980800002,0.00047334
ETHUSDT,1614009600000,0.00034567
ETHUSDT,1614038400000,0.0001
ETHUSDT,1614067200006,0.00026168
ETHUSDT,1614096000000,0.0001
ETHUSDT,1614124800012,0.00013438
ETHUSDT,1614153600016,0.00039328
ETHUSDT,1614182400011,0.00028758
ETHUSDT,1614211200007,0.0004677
ETHUSDT,1614240000000,0.00016178
ETHUSDT,1614268800010,0.0001
ETHUSDT,1614297600000,0.0001
ETHUSDT,1614326400025,0.00014852
ETHUSDT,1614355200010,0.00037736
ETHUSDT,1614384000001,0.00018181
ETHUSDT,1614412800000,0.0006196
ETHUSDT,1614441600000,0.0001
ETHUSDT,1614470400021,0.0001
ETHUSDT,1614499200009,0.0001
ETHUSDT,1614528000000,0.0001
ETHUSDT,1614556800000,0.0001
ETHUSDT,1614585600003,0.00033427
ETHUSDT,1614614400001,0.00049119
ETHUSDT,1614643200000,0.00049538
ETHUSDT,1614672000000,0.00035713
ETHUSDT,1614700800004,0.00039154
ETHUSDT,1614729600000,0.0001
ETHUSDT,1614758400016,0.0001
ETHUSDT,1614787200000,0.00087091
ETHUSDT,1614816000000,0.00047552
ETHUSDT,1614844800015,0.00015927
ETHUSDT,1614873600001,0.00033061
ETHUSDT,1614902400000,0.00024885
ETHUSDT,1614931200002,0.00022561
ETHUSDT,1614960000008,0.0001
ETHUSDT,1614988800000,0.00031476
ETHUSDT,1615017600000,0.00057512
ETHUSDT,1615046400000,0.00032891
ETHUSDT,1615075200006,0.00066496
ETHUSDT,1615104000005,0.00023263
ETHUSDT,1615132800008,0.00056927
ETHUSDT,1615161600000,0.00011144
ETHUSDT,1615190400000,0.00045102
ETHUSDT,1615219200006,0.00056057
ETHUSDT,1615248000000,0.00014784
ETHUSDT,1615276800000,0.00085203
ETHUSDT,1615305600000,0.00101744
ETHUSDT,1615334400009,0.00058485
ETHUSDT,1615363200006,0.0005129
ETHUSDT,1615392000008,0.00105856
ETHUSDT,1615420800000,0.00079368
ETHUSDT,1615449600000,0.00034874
ETHUSDT,1615478400014,0.00080049
ETHUSDT,1615507200002,0.00132622
ETHUSDT,1615536000005,0.00072213
ETHUSDT,1615564800011,0.00034512
ETHUSDT,1615593600000,0.00030351
ETHUSDT,1615622400002,0.00039972
ETHUSDT,1615651200000,0.00155198
ETHUSDT,1615680000011,0.00113056
ETHUSDT,1615708800000,0.001048
ETHUSDT,1615737600000,0.00113023
ETHUSDT,1615766400012,0.00077413
ETHUSDT,1615795200016,0.00081452
ETHUSDT,1615824000030,0.00013021
ETHUSDT,1615852800005,0.0001
ETHUSDT,1615881600008,0.00045668
ETHUSDT,1615910400012,0.00039653
ETHUSDT,1615939200010,0.00064671
ETHUSDT,1615968000000,0.00034812
ETHUSDT,1615996800009,0.00031521
ETHUSDT,1616025600001,0.00099682
ETHUSDT,1616054400000,0.00067631
ETHUSDT,1616083200000,0.00038027
ETHUSDT,1616112000011,0.0001
ETHUSDT,1616140800001,0.0001
ETHUSDT,1616169600000,0.00037762
ETHUSDT,1616198400000,0.00061811
ETHUSDT,1616227200000,0.000511
ETHUSDT,1616256000007,0.00102646
ETHUSDT,1616284800000,0.00068264
ETHUSDT,1616313600000,0.0001
ETHUSDT,1616342400000,0.00019064
ETHUSDT,1616371200007,0.00053821
ETHUSDT,1616400000001,0.00042754
ETHUSDT,1616428800000,0.00044797
ETHUSDT,1616457600000,0.0001
ETHUSDT,1616486400010,0.00019899
ETHUSDT,1616515200023,0.0003309
ETHUSDT,1616544000002,0.00050608
ETHUSDT,1616572800000,0.00010655
ETHUSDT,1616601600000,0.0004169
ETHUSDT,1616630400000,0.0001
ETHUSDT,1616659200000,0.0001
ETHUSDT,1616688000000,0.00035938
ETHUSDT,1616716800008,0.00042431
ETHUSDT,1616745600000,0.0001
ETHUSDT,1616774400012,0.0001
ETHUSDT,1616803200018,0.0001
ETHUSDT,1616832000000,0.00015922
ETHUSDT,1616860800001,0.00034067
ETHUSDT,1616889600000,0.00025751
ETHUSDT,1616918400000,0.00029541
ETHUSDT,1616947200005,0.00031424
ETHUSDT,1616976000003,0.00022015
ETHUSDT,1617004800000,0.00043803
ETHUSDT,1617033600000,0.00084253
ETHUSDT,1617062400018,0.00074011
ETHUSDT,1617091200012,0.00056645
ETHUSDT,1617120000001,0.00036654
ETHUSDT,1617148800000,0.00076506
ETHUSDT,1617177600000,0.0010713
ETHUSDT,1617206400000,0.00038554
ETHUSDT,1617235200025,0.00156864
ETHUSDT,1617264000011,0.00109222
ETHUSDT,1617292800004,0.00064672
ETHUSDT,1617321600000,0.00050452
ETHUSDT,1617350400000,0.00121799
ETHUSDT,1617379200000,0.00116568
ETHUSDT,1617408000003,0.00082856
ETHUSDT,1617436800000,0.00143194
ETHUSDT,1617465600000,0.00086456
ETHUSDT,1617494400000,0.00060523
ETHUSDT,1617523200000,0.00106146
ETHUSDT,1617552000016,0.00038114
ETHUSDT,1617580800000,0.00072788
ETHUSDT,1617609600001,0.00074688
ETHUSDT,1617638400001,0.00085226
ETHUSDT,1617667200010,0.00161366
ETHUSDT,1617696000000,0.00064189
ETHUSDT,1617724800003,0.00061542
ETHUSDT,1617753600000,0.00049128
ETHUSDT,1617782400006,0.00069613
ETHUSDT,1617811200004,0.00032907
ETHUSDT,1617840000013,0.00021468
ETHUSDT,1617868800003,0.00026979
ETHUSDT,1617897600005,0.00031551
ETHUSDT,1617926400000,0.00038906
ETHUSDT,1617955200004,0.00043318
ETHUSDT,1617984000004,0.00064034
ETHUSDT,1618012800011,0.0001
ETHUSDT,1618041600005,0.00209663
ETHUSDT,1618070400000,0.00120257
ETHUSDT,1618099200004,0.00055892
ETHUSDT,1618128000000,0.00086343
ETHUSDT,1618156800000,0.00091114
ETHUSDT,1618185600001,0.00099657
ETHUSDT,1618214400001,0.00164512
ETHUSDT,1618243200008,0.00067862
ETHUSDT,1618272000003,0.00047138
ETHUSDT,1618300800008,0.00117821
ETHUSDT,1618329600008,0.00167603
ETHUSDT,1618358400008,0.00152762
ETHUSDT,1618387200000,0.00203587
ETHUSDT,1618416000012,0.00095658
ETHUSDT,1618444800006,0.00113562
ETHUSDT,1618473600000,0.00110097
ETHUSDT,1618502400008,0.00104862
ETHUSDT,1618531200008,0.00146805
ETHUSDT,1618560000000,0.00135711
ETHUSDT,1618588800002,0.0010812
ETHUSDT,1618617600008,0.00076639
ETHUSDT,1618646400000,0.0009833
ETHUSDT,1618675200001,0.00063599
ETHUSDT,1618704000006,0.00052118
ETHUSDT,1618732800004,0.00022241
ETHUSDT,1618761600000,0.00044396
ETHUSDT,1618790400000,0.0001
ETHUSDT,1618819200000,0.0001
ETHUSDT,1618848000009,0.0005192
ETHUSDT,1618876800004,0.0001
ETHUSDT,1618905600000,0.00021279
ETHUSDT,1618934400001,0.0001
ETHUSDT,1618963200013,0.0001
ETHUSDT,1618992000001,0.0001
ETHUSDT,1619020800002,0.0001
ETHUSDT,1619049600000,0.00023315
ETHUSDT,1619078400000,0.00011151
ETHUSDT,1619107200001,0.0001
ETHUSDT,1619136000002,0.0003898
ETHUSDT,1619164800009,0.00041263
ETHUSDT,1619193600001,0.0001
ETHUSDT,1619222400019,0.00010335
ETHUSDT,1619251200001,0.00030056
ETHUSDT,1619280000011,0.0001
ETHUSDT,1619308800000,0.0001
ETHUSDT,1619337600010,0.0001
ETHUSDT,1619366400000,0.0001
ETHUSDT,1619395200003,0.0001
ETHUSDT,1619424000002,0.0001
ETHUSDT,1619452800004,0.0001
ETHUSDT,1619481600000,0.0001
ETHUSDT,1619510400000,0.0001
ETHUSDT,1619539200009,0.00040663
ETHUSDT,1619568000000,0.00034144
ETHUSDT,1619596800000,0.00019211
ETHUSDT,1619625600001,0.0001
ETHUSDT,1619654400004,0.0001
ETHUSDT,1619683200013,0.0001
ETHUSDT,1619712000003,0.0001
ETHUSDT,1619740800004,0.00014665
ETHUSDT,1619769600019,0.00011668
ETHUSDT,1619798400003,0.00051157
ETHUSDT,1619827200002,0.0001
ETHUSDT,1619856000006,0.00035155
ETHUSDT,1619884800000,0.00012262
ETHUSDT,1619913600010,0.00023451
ETHUSDT,1619942400011,0.00039722
ETHUSDT,1619971200007,0.0001
ETHUSDT,1620000000003,0.0001
ETHUSDT,1620028800000,0.0001
ETHUSDT,1620057600043,0.00061627
ETHUSDT,1620086400004,0.00031687
ETHUSDT,1620115200003,0.00070707
ETHUSDT,1620144000011,0.00071637
ETHUSDT,1620172800001,0.00038408
ETHUSDT,1620201600007,0.00078274
ETHUSDT,1620230400001,0.00087977
ETHUSDT,1620259200003,0.00068239
ETHUSDT,1620288000001,0.00066648
ETHUSDT,1620316800000,0.00110886
ETHUSDT,1620345600000,0.00026032
ETHUSDT,1620374400000,0.00049147
ETHUSDT,1620403200001,0.00038025
ETHUSDT,1620432000006,0.00047199
ETHUSDT,1620460800000,0.00070136
ETHUSDT,1620489600000,0.00030149
ETHUSDT,1620518400005,0.00058991
ETHUSDT,1620547200016,0.00041522
ETHUSDT,1620576000000,0.00054148
ETHUSDT,1620604800004,0.00068787
ETHUSDT,1620633600000,0.0006638
ETHUSDT,1620662400013,0.00075749
ETHUSDT,1620691200000,0.00041169
ETHUSDT,1620720000000,0.00043204
ETHUSDT,1620748800002,0.00029649
ETHUSDT,1620777600004,0.0001
ETHUSDT,1620806400007,0.00047462
ETHUSDT,1620835200012,0.00054381
ETHUSDT,1620864000016,0.00040983
ETHUSDT,1620892800000,0.00014687
ETHUSDT,1620921600008,0.0001
ETHUSDT,1620950400007,0.0001
ETHUSDT,1620979200001,0.0001
ETHUSDT,1621008000004,0.0001
ETHUSDT,1621036800022,0.00038785
ETHUSDT,1621065600014,0.00052101
ETHUSDT,1621094400002,0.00046056
ETHUSDT,1621123200000,0.00030702
ETHUSDT,1621152000003,0.00013134
ETHUSDT,1621180800002,0.00018829
ETHUSDT,1621209600005,0.00015608
ETHUSDT,1621238400001,0.000335
ETHUSDT,1621267200000,0.0007001
ETHUSDT,1621296000019,0.00018459
ETHUSDT,1621324800001,0.0001
ETHUSDT,1621353600006,0.0006146
ETHUSDT,1621382400000,0.0001
ETHUSDT,1621411200003,0.00053311
ETHUSDT,1621440000018,-0.00356332
ETHUSDT,1621468800005,0.00011828
ETHUSDT,1621497600000,0.0001
ETHUSDT,1621526400005,0.0001
ETHUSDT,1621555200000,0.0001
ETHUSDT,1621584000000,0.0001
ETHUSDT,1621612800001,0.0001
ETHUSDT,1621641600001,0.0001
ETHUSDT,1621670400002,0.0001
ETHUSDT,1621699200005,0.0001
ETHUSDT,1621728000006,0.0001
ETHUSDT,1621756800004,0.0001
ETHUSDT,1621785600002,0.0001
ETHUSDT,1621814400007,0.0001
ETHUSDT,1621843200005,0.0001
ETHUSDT,1621872000005,0.0001
ETHUSDT,1621900800000,0.0001
ETHUSDT,1621929600014,0.0001
ETHUSDT,1621958400000,0.0001
ETHUSDT,1621987200022,0.0001
ETHUSDT,1622016000018,0.0001
ETHUSDT,1622044800004,0.0001
ETHUSDT,1622073600000,0.0001
ETHUSDT,1622102400017,0.0001
ETHUSDT,1622131200000,0.0001
ETHUSDT,1622160000005,0.0001
ETHUSDT,1622188800009,0.0001
ETHUSDT,1622217600000,0.0001
ETHUSDT,1622246400006,0.0001
ETHUSDT,1622275200000,0.0001
ETHUSDT,1622304000000,0.0001
ETHUSDT,1622332800003,0.0001
ETHUSDT,1622361600004,0.0001
ETHUSDT,1622390400018,0.0001
ETHUSDT,1622419200002,0.0001
ETHUSDT,1622448000000,0.0001
ETHUSDT,1622476800000,0.0001
ETHUSDT,1622505600001,0.0001
ETHUSDT,1622534400010,0.0001
ETHUSDT,1622563200010,0.0001
ETHUSDT,1622592000008,0.0001
ETHUSDT,1622620800000,0.0001
ETHUSDT,1622649600007,0.0001
ETHUSDT,1622678400019,0.0001
ETHUSDT,1622707200002,0.0001
ETHUSDT,1622736000003,0.0001
ETHUSDT,1622764800003,0.0001
ETHUSDT,1622793600006,0.0001
ETHUSDT,1622822400002,0.0001
ETHUSDT,1622851200000,0.0001
ETHUSDT,1622880000004,0.0001
ETHUSDT,1622908800020,0.0001
ETHUSDT,1622937600000,0.0001
ETHUSDT,1622966400004,0.0001
ETHUSDT,1622995200000,0.0001
ETHUSDT,1623024000007,0.0001
ETHUSDT,1623052800007,0.0001
ETHUSDT,1623081600003,0.0001
ETHUSDT,1623110400000,0.0001
ETHUSDT,1623139200000,0.0001
ETHUSDT,1623168000002,0.0001
ETHUSDT,1623196800009,0.0001
ETHUSDT,1623225600002,0.0001
ETHUSDT,1623254400000,0.0001
ETHUSDT,1623283200007,0.0001
ETHUSDT,1623312000003,0.0001
ETHUSDT,1623340800000,0.0001
ETHUSDT,1623369600010,0.0001
ETHUSDT,1623398400007,0.0001
ETHUSDT,1623427200006,8.683e-05
ETHUSDT,1623456000005,0.0001
ETHUSDT,1623484800000,0.0001
ETHUSDT,1623513600018,0.0001
ETHUSDT,1623542400002,0.0001
ETHUSDT,1623571200000,0.0001
ETHUSDT,1623600000003,0.0001
ETHUSDT,1623628800000,0.0001
ETHUSDT,1623657600015,0.0001
ETHUSDT,1623686400000,3.785e-05
ETHUSDT,1623715200000,0.0001
ETHUSDT,1623744000000,0.0001
ETHUSDT,1623772800004,0.0001
ETHUSDT,1623801600004,0.0001
ETHUSDT,1623830400001,0.0001
ETHUSDT,1623859200000,0.0001
ETHUSDT,1623888000004,0.0001
ETHUSDT,1623916800000,0.0001
ETHUSDT,1623945600002,0.0001
ETHUSDT,1623974400009,-5.78e-06
ETHUSDT,1624003200014,9.549e-05
ETHUSDT,1624032000007,0.0001
ETHUSDT,1624060800003,-0.00018201
ETHUSDT,1624089600001,-1.78e-06
ETHUSDT,1624118400000,0.0001
ETHUSDT,1624147200005,4.657e-05
ETHUSDT,1624176000000,7.41e-06
ETHUSDT,1624204800002,-0.00024432
ETHUSDT,1624233600019,4.439e-05
ETHUSDT,1624262400000,-7.382e-05
ETHUSDT,1624291200024,-7.303e-05
ETHUSDT,1624320000008,0.0001
ETHUSDT,1624348800009,4.434e-05
ETHUSDT,1624377600001,-7.59e-06
ETHUSDT,1624406400003,4.046e-05
ETHUSDT,1624435200000,-9.115e-05
ETHUSDT,1624464000000,-6.683e-05
ETHUSDT,1624492800009,-4.432e-05
ETHUSDT,1624521600018,0.0001
ETHUSDT,1624550400001,0.0001
ETHUSDT,1624579200009,0.0001
ETHUSDT,1624608000004,0.0001
ETHUSDT,1624636800000,7.207e-05
ETHUSDT,1624665600007,4.234e-05
ETHUSDT,1624694400000,-5.794e-05
ETHUSDT,1624723200002,-0.00014961
ETHUSDT,1624752000005,-6.018e-05
ETHUSDT,1624780800010,-0.00027281
ETHUSDT,1624809600001,-0.00013791
ETHUSDT,1624838400025,-4.311e-05
ETHUSDT,1624867200017,0.0001
ETHUSDT,1624896000007,-2.358e-05
ETHUSDT,1624924800008,8.669e-05
ETHUSDT,1624953600000,6.012e-05
ETHUSDT,1624982400000,-0.00011947
ETHUSDT,1625011200011,0.0001
ETHUSDT,1625040000044,0.0001
ETHUSDT,1625068800005,0.0001
ETHUSDT,1625097600000,0.0001
ETHUSDT,1625126400004,0.0001
ETHUSDT,1625155200028,4.853e-05
ETHUSDT,1625184000002,-9.5e-07
ETHUSDT,1625212800016,-2.734e-05
ETHUSDT,1625241600007,-0.00014398
ETHUSDT,1625270400008,7.139e-05
ETHUSDT,1625299200000,2.925e-05
ETHUSDT,1625328000004,-3.943e-05
ETHUSDT,1625356800012,0.0001
ETHUSDT,1625385600002,0.0001
ETHUSDT,1625414400003,0.0001
ETHUSDT,1625443200004,2.596e-05
ETHUSDT,1625472000000,0.0001
ETHUSDT,1625500800009,7.226e-05
ETHUSDT,1625529600008,2.925e-05
ETHUSDT,1625558400019,-3.935e-05
ETHUSDT,1625587200000,9.559e-05
ETHUSDT,1625616000007,3.679e-05
ETHUSDT,1625644800001,9.363e-05
ETHUSDT,1625673600008,0.0001
ETHUSDT,1625702400002,-1.075e-05
ETHUSDT,1625731200010,8.639e-05
ETHUSDT,1625760000003,0.0001
ETHUSDT,1625788800000,0.0001
ETHUSDT,1625817600006,2.471e-05
ETHUSDT,1625846400000,0.0001
ETHUSDT,1625875200002,0.0001
ETHUSDT,1625904000000,0.0001
ETHUSDT,1625932800001,0.0001
ETHUSDT,1625961600001,0.0001
ETHUSDT,1625990400025,0.0001
ETHUSDT,1626019200006,0.0001
ETHUSDT,1626048000000,0.0001
ETHUSDT,1626076800021,0.0001
ETHUSDT,1626105600000,0.0001
ETHUSDT,1626134400000,0.0001
ETHUSDT,1626163200013,-1.436e-05
ETHUSDT,1626192000005,0.0001
ETHUSDT,1626220800000,0.0001
ETHUSDT,1626249600000,0.0001
ETHUSDT,1626278400005,-1.55e-05
ETHUSDT,1626307200005,5.808e-05
ETHUSDT,1626336000001,0.0001
ETHUSDT,1626364800000,9.847e-05
ETHUSDT,1626393600000,0.0001
ETHUSDT,1626422400000,0.0001
ETHUSDT,1626451200001,6.785e-05
ETHUSDT,1626480000004,0.0001
ETHUSDT,1626508800009,0.0001
ETHUSDT,1626537600006,5.313e-05
ETHUSDT,1626566400000,0.0001
ETHUSDT,1626595200001,0.0001
ETHUSDT,1626624000003,0.0001
ETHUSDT,1626652800002,1.98e-06
ETHUSDT,1626681600006,6.91e-06
ETHUSDT,1626710400006,3.1e-06
ETHUSDT,1626739200002,-2.156e-05
ETHUSDT,1626768000011,-0.00041611
ETHUSDT,1626796800001,-5.126e-05
ETHUSDT,1626825600022,1.65e-06
ETHUSDT,1626854400000,-0.00025489
ETHUSDT,1626883200018,-0.00028858
ETHUSDT,1626912000002,0.0001
ETHUSDT,1626940800006,0.0001
ETHUSDT,1626969600010,0.0001
ETHUSDT,1626998400013,8.643e-05
ETHUSDT,1627027200000,0.0001
ETHUSDT,1627056000005,0.0001
ETHUSDT,1627084800000,0.0001
ETHUSDT,1627113600002,0.0001
ETHUSDT,1627142400001,-2.614e-05
ETHUSDT,1627171200003,-1.521e-05
ETHUSDT,1627200000015,4.969e-05
ETHUSDT,1627228800000,0.0001
ETHUSDT,1627257600000,0.0001
ETHUSDT,1627286400000,0.0001
ETHUSDT,1627315200000,0.0001
ETHUSDT,1627344000046,0.0001
ETHUSDT,1627372800014,0.0001
ETHUSDT,1627401600007,0.0001
ETHUSDT,1627430400000,0.0001
ETHUSDT,1627459200002,0.0001
ETHUSDT,1627488000005,5.618e-05
ETHUSDT,1627516800004,5.723e-05
ETHUSDT,1627545600000,0.0001
ETHUSDT,1627574400007,0.0001
ETHUSDT,1627603200004,0.0001
ETHUSDT,1627632000000,0.0001
ETHUSDT,1627660800000,0.0001
ETHUSDT,1627689600000,0.0001
ETHUSDT,1627718400014,0.0001
ETHUSDT,1627747200003,0.0001
ETHUSDT,1627776000005,0.0001
ETHUSDT,1627804800016,0.0001
ETHUSDT,1627833600001,0.0001
ETHUSDT,1627862400000,0.0001
ETHUSDT,1627891200014,0.0001
ETHUSDT,1627920000021,0.0001
ETHUSDT,1627948800000,0.0001
ETHUSDT,1627977600000,0.0001
ETHUSDT,1628006400009,7.59e-06
ETHUSDT,1628035200000,2.73e-06
ETHUSDT,1628064000000,0.0001
ETHUSDT,1628092800003,9.39e-05
ETHUSDT,1628121600000,0.0001
ETHUSDT,1628150400000,0.0001
ETHUSDT,1628179200001,0.0001
ETHUSDT,1628208000000,0.0001
ETHUSDT,1628236800004,0.0001
ETHUSDT,1628265600003,0.0001
ETHUSDT,1628294400015,0.0001
ETHUSDT,1628323200001,0.0001
ETHUSDT,1628352000002,0.00018202
ETHUSDT,1628380800000,0.00013627
ETHUSDT,1628409600002,0.0001
ETHUSDT,1628438400018,0.0001
ETHUSDT,1628467200000,0.00014093
ETHUSDT,1628496000000,0.00021302
ETHUSDT,1628524800002,0.0001
ETHUSDT,1628553600000,0.00045734
ETHUSDT,1628582400003,0.0001
ETHUSDT,1628611200000,0.0001
ETHUSDT,1628640000006,0.00043227
ETHUSDT,1628668800003,0.00025633
ETHUSDT,1628697600000,0.0001
ETHUSDT,1628726400013,0.0001
ETHUSDT,1628755200001,0.0001371
ETHUSDT,1628784000000,0.00018477
ETHUSDT,1628812800000,0.0001
ETHUSDT,1628841600000,0.0001
ETHUSDT,1628870400002,0.00042196
ETHUSDT,1628899200006,0.0001
ETHUSDT,1628928000000,0.00025028
ETHUSDT,1628956800000,0.00051663
ETHUSDT,1628985600003,0.00037689
ETHUSDT,1629014400000,0.00015074
ETHUSDT,1629043200007,0.0001
ETHUSDT,1629072000012,0.00025793
ETHUSDT,1629100800003,0.0001
ETHUSDT,1629129600010,0.0001
ETHUSDT,1629158400018,0.0001
ETHUSDT,1629187200015,0.0001
ETHUSDT,1629216000006,0.0001
ETHUSDT,1629244800000,0.0001
ETHUSDT,1629273600000,0.0001
ETHUSDT,1629302400011,0.0001
ETHUSDT,1629331200000,0.0001
ETHUSDT,1629360000014,0.0001
ETHUSDT,1629388800000,0.0001
ETHUSDT,1629417600000,0.00023469
ETHUSDT,1629446400001,0.00015342
ETHUSDT,1629475200001,0.00036239
ETHUSDT,1629504000005,0.0001
ETHUSDT,1629532800001,0.0001
ETHUSDT,1629561600000,0.00036746
ETHUSDT,1629590400005,0.0002266
ETHUSDT,1629619200007,0.00018006
ETHUSDT,1629648000002,0.0001
ETHUSDT,1629676800003,0.0001
ETHUSDT,1629705600005,0.00113675
ETHUSDT,1629734400002,0.00035008
ETHUSDT,1629763200006,0.00032752
ETHUSDT,1629792000004,0.00030158
ETHUSDT,1629820800000,0.00056014
ETHUSDT,1629849600015,0.00019472
ETHUSDT,1629878400000,0.00016989
ETHUSDT,1629907200000,0.0001
ETHUSDT,1629936000001,0.0001
ETHUSDT,1629964800016,0.0001
ETHUSDT,1629993600004,0.0001
ETHUSDT,1630022400013,0.0001
ETHUSDT,1630051200001,0.0001
ETHUSDT,1630080000004,0.0001
ETHUSDT,1630108800000,0.0001
ETHUSDT,1630137600000,0.00014426
ETHUSDT,1630166400000,0.00011073
ETHUSDT,1630195200000,0.00016779
ETHUSDT,1630224000002,0.0001
ETHUSDT,1630252800005,0.0001
ETHUSDT,1630281600013,0.0001
ETHUSDT,1630310400008,0.0001
ETHUSDT,1630339200000,0.0001
ETHUSDT,1630368000000,0.0001
ETHUSDT,1630396800007,0.0001
ETHUSDT,1630425600003,0.00020707
ETHUSDT,1630454400000,0.0001
ETHUSDT,1630483200006,0.0001
ETHUSDT,1630512000000,0.0001
ETHUSDT,1630540800009,0.00025742
ETHUSDT,1630569600006,0.00079808
ETHUSDT,1630598400007,0.0002889
ETHUSDT,1630627200011,0.00027417
ETHUSDT,1630656000000,0.00037778
ETHUSDT,1630684800002,0.00065309
ETHUSDT,1630713600003,0.00076883
ETHUSDT,1630742400008,0.0007142
ETHUSDT,1630771200009,0.0007567
ETHUSDT,1630800000002,0.00070354
ETHUSDT,1630828800002,0.00058378
ETHUSDT,1630857600000,0.00080725
ETHUSDT,1630886400003,0.00085353
ETHUSDT,1630915200008,0.00041269
ETHUSDT,1630944000009,0.00044698
ETHUSDT,1630972800004,0.00058234
ETHUSDT,1631001600002,0.00066382
ETHUSDT,1631030400001,0.0001
ETHUSDT,1631059200005,0.0001
ETHUSDT,1631088000000,0.0001
ETHUSDT,1631116800000,0.0001
ETHUSDT,1631145600006,0.0001
ETHUSDT,1631174400014,0.0001
ETHUSDT,1631203200002,0.0001
ETHUSDT,1631232000001,0.0001
ETHUSDT,1631260800018,0.0001
ETHUSDT,1631289600006,0.0001
ETHUSDT,1631318400000,0.0001
ETHUSDT,1631347200001,0.0001
ETHUSDT,1631376000000,0.0001
ETHUSDT,1631404800000,0.0001
ETHUSDT,1631433600002,0.0001
ETHUSDT,1631462400000,0.0001
ETHUSDT,1631491200000,0.0001
ETHUSDT,1631520000007,0.0001
ETHUSDT,1631548800005,0.0001
ETHUSDT,1631577600002,0.0001
ETHUSDT,1631606400000,0.0001
ETHUSDT,1631635200007,0.0001
ETHUSDT,1631664000012,0.0001
ETHUSDT,1631692800003,0.0001
ETHUSDT,1631721600006,0.0001
ETHUSDT,1631750400008,0.0001
ETHUSDT,1631779200005,0.0001
ETHUSDT,1631808000002,0.0001
ETHUSDT,1631836800000,0.0001
ETHUSDT,1631865600047,0.0001
ETHUSDT,1631894400013,0.0001
ETHUSDT,1631923200000,0.0001
ETHUSDT,1631952000010,0.0001
ETHUSDT,1631980800005,0.0001
ETHUSDT,1632009600006,0.0001
ETHUSDT,1632038400015,0.0001
ETHUSDT,1632067200007,0.0001
ETHUSDT,1632096000018,0.0001
ETHUSDT,1632124800000,0.0001
ETHUSDT,1632153600005,0.0001
ETHUSDT,1632182400005,0.0001
ETHUSDT,1632211200007,0.0001
ETHUSDT,1632240000000,0.0001
ETHUSDT,1632268800005,0.0001
ETHUSDT,1632297600006,0.0001
ETHUSDT,1632326400000,0.0001
ETHUSDT,1632355200003,0.0001
ETHUSDT,1632384000000,0.0001
ETHUSDT,1632412800007,0.0001
ETHUSDT,1632441600000,5.5e-07
ETHUSDT,1632470400017,8.75e-06
ETHUSDT,1632499200000,-0.0001122
ETHUSDT,1632528000007,-7.48e-06
ETHUSDT,1632556800002,-1.988e-05
ETHUSDT,1632585600004,3.479e-05
ETHUSDT,1632614400013,0.0001
ETHUSDT,1632643200000,2.634e-05
ETHUSDT,1632672000005,2.827e-05
ETHUSDT,1632700800000,0.0001
ETHUSDT,1632729600001,0.0001
ETHUSDT,1632758400000,0.0001
ETHUSDT,1632787200000,-8.56e-06
ETHUSDT,1632816000014,2.806e-05
ETHUSDT,1632844800000,1.524e-05
ETHUSDT,1632873600000,-8.501e-05
ETHUSDT,1632902400002,-2.112e-05
ETHUSDT,1632931200000,0.0001
ETHUSDT,1632960000000,-0.00012951
ETHUSDT,1632988800004,0.0001
ETHUSDT,1633017600005,0.0001
ETHUSDT,1633046400012,4.598e-05
ETHUSDT,1633075200008,2.073e-05
ETHUSDT,1633104000000,0.0001
ETHUSDT,1633132800000,0.0001
ETHUSDT,1633161600002,0.0001
ETHUSDT,1633190400011,0.0001
ETHUSDT,1633219200019,0.0001
ETHUSDT,1633248000011,0.0001
ETHUSDT,1633276800004,0.0001
ETHUSDT,1633305600004,0.0001
ETHUSDT,1633334400000,0.0001
ETHUSDT,1633363200000,0.0001
ETHUSDT,1633392000007,0.0001
ETHUSDT,1633420800007,0.0001
ETHUSDT,1633449600004,0.0001
ETHUSDT,1633478400002,0.0001
ETHUSDT,1633507200000,0.0001
ETHUSDT,1633536000003,0.00014323
ETHUSDT,1633564800007,0.00031991
ETHUSDT,1633593600002,0.00019601
ETHUSDT,1633622400000,0.00024648
ETHUSDT,1633651200011,0.00018942
ETHUSDT,1633680000003,0.0001
ETHUSDT,1633708800002,0.00026363
ETHUSDT,1633737600006,0.0001
ETHUSDT,1633766400003,0.0001
ETHUSDT,1633795200000,0.0001
ETHUSDT,1633824000000,0.0001
ETHUSDT,1633852800008,0.0001
ETHUSDT,1633881600000,0.0001
ETHUSDT,1633910400002,0.0001
ETHUSDT,1633939200001,0.0001
ETHUSDT,1633968000006,0.0003307
ETHUSDT,1633996800008,0.0001
ETHUSDT,1634025600013,0.0001
ETHUSDT,1634054400003,0.0001
ETHUSDT,1634083200003,0.0001
ETHUSDT,1634112000015,0.0001
ETHUSDT,1634140800000,0.0001
ETHUSDT,1634169600011,0.00018908
ETHUSDT,1634198400017,0.00028381
ETHUSDT,1634227200000,0.00032142
ETHUSDT,1634256000005,0.00041315
ETHUSDT,1634284800002,0.00039194
ETHUSDT,1634313600005,0.00023043
ETHUSDT,1634342400009,0.00031365
ETHUSDT,1634371200000,0.00024049
ETHUSDT,1634400000003,0.00052591
ETHUSDT,1634428800001,0.00033305
ETHUSDT,1634457600002,0.00037505
ETHUSDT,1634486400002,0.00053706
ETHUSDT,1634515200006,0.00023924
ETHUSDT,1634544000004,0.0003827
ETHUSDT,1634572800001,0.0001968
ETHUSDT,1634601600002,0.00036846
ETHUSDT,1634630400000,0.00035703
ETHUSDT,1634659200000,0.00020322
ETHUSDT,1634688000017,0.00030103
ETHUSDT,1634716800004,0.00022709
ETHUSDT,1634745600020,0.00072515
ETHUSDT,1634774400000,0.00050619
ETHUSDT,1634803200000,0.00051537
ETHUSDT,1634832000008,0.00080402
ETHUSDT,1634860800005,0.00035282
ETHUSDT,1634889600005,0.00034276
ETHUSDT,1634918400018,0.00032256
ETHUSDT,1634947200005,0.00023902
ETHUSDT,1634976000001,0.00015138
ETHUSDT,1635004800004,0.00024606
ETHUSDT,1635033600006,0.00018961
ETHUSDT,1635062400012,0.00046408
ETHUSDT,1635091200001,0.00039289
ETHUSDT,1635120000012,0.00019298
ETHUSDT,1635148800002,0.00047527
ETHUSDT,1635177600022,0.00048823
ETHUSDT,1635206400005,0.00039142
ETHUSDT,1635235200016,0.00037012
ETHUSDT,1635264000000,0.00043832
ETHUSDT,1635292800004,0.00030844
ETHUSDT,1635321600000,0.00059665
ETHUSDT,1635350400002,0.00012399
ETHUSDT,1635379200002,0.00019556
ETHUSDT,1635408000000,0.0001
ETHUSDT,1635436800005,0.0001
ETHUSDT,1635465600000,0.00025971
ETHUSDT,1635494400007,0.00040402
ETHUSDT,1635523200001,0.00037311
ETHUSDT,1635552000000,0.00013087
ETHUSDT,1635580800001,0.00046654
ETHUSDT,1635609600013,0.00024213
ETHUSDT,1635638400008,0.00013682
ETHUSDT,1635667200010,0.0001
ETHUSDT,1635696000001,0.00021779
ETHUSDT,1635724800009,0.00024088
ETHUSDT,1635753600014,0.00013798
ETHUSDT,1635782400001,0.00026687
ETHUSDT,1635811200000,0.00020736
ETHUSDT,1635840000007,0.00045079
ETHUSDT,1635868800010,0.00052167
ETHUSDT,1635897600019,0.0001
ETHUSDT,1635926400000,0.00044614
ETHUSDT,1635955200005,0.00025564
ETHUSDT,1635984000006,0.00047967
ETHUSDT,1636012800004,0.0003137
ETHUSDT,1636041600004,0.00028111
ETHUSDT,1636070400000,0.0002238
ETHUSDT,1636099200013,0.00014351
ETHUSDT,1636128000016,0.00033389
ETHUSDT,1636156800010,0.00040376
ETHUSDT,1636185600000,0.00043015
ETHUSDT,1636214400007,0.0001
ETHUSDT,1636243200013,0.00023166
ETHUSDT,1636272000005,0.00018519
ETHUSDT,1636300800004,0.00032259
ETHUSDT,1636329600001,0.00021005
ETHUSDT,1636358400000,0.00028714
ETHUSDT,1636387200000,0.00023
ETHUSDT,1636416000000,0.0001
ETHUSDT,1636444800014,0.0001
ETHUSDT,1636473600001,0.0001
ETHUSDT,1636502400000,0.00021036
ETHUSDT,1636531200003,0.00020446
ETHUSDT,1636560000001,0.00027928
ETHUSDT,1636588800008,0.0001722
ETHUSDT,1636617600012,0.00015754
ETHUSDT,1636646400007,0.0001
ETHUSDT,1636675200000,0.0001
ETHUSDT,1636704000000,0.0001
ETHUSDT,1636732800004,0.0001
ETHUSDT,1636761600000,0.0001
ETHUSDT,1636790400004,0.0001
ETHUSDT,1636819200006,0.0001
ETHUSDT,1636848000010,0.0001
ETHUSDT,1636876800001,0.0001
ETHUSDT,1636905600000,0.0001
ETHUSDT,1636934400008,0.00023003
ETHUSDT,1636963200000,0.0002453
ETHUSDT,1636992000000,0.0001
ETHUSDT,1637020800000,0.00015753
ETHUSDT,1637049600001,0.0001
ETHUSDT,1637078400018,0.0001
ETHUSDT,1637107200005,0.0001
ETHUSDT,1637136000007,0.0001
ETHUSDT,1637164800003,0.0001
ETHUSDT,1637193600017,0.0001
ETHUSDT,1637222400007,0.0001
ETHUSDT,1637251200011,0.0001
ETHUSDT,1637280000000,0.0001
ETHUSDT,1637308800000,0.0001
ETHUSDT,1637337600005,0.0001
ETHUSDT,1637366400012,0.0001
ETHUSDT,1637395200000,0.0001
ETHUSDT,1637424000007,0.0001
ETHUSDT,1637452800000,0.0001
ETHUSDT,1637481600006,0.0001
ETHUSDT,1637510400000,0.0001
ETHUSDT,1637539200004,0.0001
ETHUSDT,1637568000000,0.0001
ETHUSDT,1637596800000,0.0001
ETHUSDT,1637625600004,0.0001
ETHUSDT,1637654400010,0.0001
ETHUSDT,1637683200005,0.0001
ETHUSDT,1637712000001,0.0001
ETHUSDT,1637740800003,0.0001
ETHUSDT,1637769600010,0.0001
ETHUSDT,1637798400000,0.0001
ETHUSDT,1637827200010,0.0001
ETHUSDT,1637856000000,0.00035137
ETHUSDT,1637884800000,0.00026113
ETHUSDT,1637913600000,0.00027132
ETHUSDT,1637942400016,0.0001
ETHUSDT,1637971200005,0.0001
ETHUSDT,1638000000008,0.0001
ETHUSDT,1638028800007,0.0001
ETHUSDT,1638057600018,0.0001
ETHUSDT,1638086400000,0.0001
ETHUSDT,1638115200004,0.0001
ETHUSDT,1638144000002,0.0001
ETHUSDT,1638172800004,0.0001
ETHUSDT,1638201600000,0.0001
ETHUSDT,1638230400000,0.0001
ETHUSDT,1638259200006,0.0001
ETHUSDT,1638288000000,0.00019202
ETHUSDT,1638316800000,0.0001625
ETHUSDT,1638345600000,0.0001
ETHUSDT,1638374400001,0.0001
ETHUSDT,1638403200000,0.0001
ETHUSDT,1638432000007,0.0001
ETHUSDT,1638460800008,0.0001
ETHUSDT,1638489600004,0.00012562
ETHUSDT,1638518400002,0.0001
ETHUSDT,1638547200006,0.0001
ETHUSDT,1638576000006,0.0001
ETHUSDT,1638604800004,6.583e-05
ETHUSDT,1638633600000,0.0001
ETHUSDT,1638662400003,0.0001
ETHUSDT,1638691200008,0.0001
ETHUSDT,1638720000007,0.0001
ETHUSDT,1638748800009,0.0001
ETHUSDT,1638777600001,0.0001
ETHUSDT,1638806400000,0.0001
ETHUSDT,1638835200018,0.0001
ETHUSDT,1638864000000,7.06e-05
ETHUSDT,1638892800000,0.0001
ETHUSDT,1638921600000,0.0001
ETHUSDT,1638950400018,0.0001
ETHUSDT,1638979200010,0.0001
ETHUSDT,1639008000010,0.0001
ETHUSDT,1639036800000,0.0001
ETHUSDT,1639065600000,0.0001
ETHUSDT,1639094400000,0.0001
ETHUSDT,1639123200008,0.0001
ETHUSDT,1639152000012,-1.037e-05
ETHUSDT,1639180800009,0.0001
ETHUSDT,1639209600008,0.0001
ETHUSDT,1639238400000,8.719e-05
ETHUSDT,1639267200001,0.0001
ETHUSDT,1639296000015,0.0001
ETHUSDT,1639324800011,0.0001
ETHUSDT,1639353600006,0.0001
ETHUSDT,1639382400019,-5.974e-05
ETHUSDT,1639411200000,4.163e-05
ETHUSDT,1639440000004,-5.267e-05
ETHUSDT,1639468800000,0.0001
ETHUSDT,1639497600015,0.0001
ETHUSDT,1639526400000,0.0001
ETHUSDT,1639555200008,0.0001
ETHUSDT,1639584000005,0.0001
ETHUSDT,1639612800006,0.0001
ETHUSDT,1639641600009,0.0001
ETHUSDT,1639670400000,3.234e-05
ETHUSDT,1639699200000,0.0001
ETHUSDT,1639728000005,0.0001
ETHUSDT,1639756800006,0.0001
ETHUSDT,1639785600014,0.0001
ETHUSDT,1639814400012,5.422e-05
ETHUSDT,1639843200000,0.0001
ETHUSDT,1639872000031,4.353e-05
ETHUSDT,1639900800000,0.0001
ETHUSDT,1639929600003,0.0001
ETHUSDT,1639958400015,0.0001
ETHUSDT,1639987200007,0.0001
ETHUSDT,1640016000005,0.0001
ETHUSDT,1640044800003,0.0001
ETHUSDT,1640073600012,0.0001
ETHUSDT,1640102400005,0.0001
ETHUSDT,1640131200000,0.0001
ETHUSDT,1640160000001,0.0001
ETHUSDT,1640188800006,0.0001
ETHUSDT,1640217600011,0.0001
ETHUSDT,1640246400000,0.0001
ETHUSDT,1640275200000,3.383e-05
ETHUSDT,1640304000005,0.0001
ETHUSDT,1640332800000,0.0001
ETHUSDT,1640361600011,0.0001
ETHUSDT,1640390400000,0.0001
ETHUSDT,1640419200001,0.0001
ETHUSDT,1640448000005,0.0001
ETHUSDT,1640476800004,0.0001
ETHUSDT,1640505600002,0.0001
ETHUSDT,1640534400000,0.0001
ETHUSDT,1640563200002,0.0001
ETHUSDT,1640592000005,0.0001
ETHUSDT,1640620800000,0.0001
ETHUSDT,1640649600000,0.0001
ETHUSDT,1640678400012,2.254e-05
ETHUSDT,1640707200000,4.226e-05
ETHUSDT,1640736000006,8.064e-05
ETHUSDT,1640764800003,0.0001
ETHUSDT,1640793600004,6.859e-05
ETHUSDT,1640822400003,9.232e-05
ETHUSDT,1640851200001,-7.64e-06
ETHUSDT,1640880000017,0.0001
ETHUSDT,1640908800006,6.849e-05
ETHUSDT,1640937600009,9.72e-06
ETHUSDT,1640966400000,0.0001
ETHUSDT,1640995200006,0.0001
ETHUSDT,1641024000009,0.0001
ETHUSDT,1641052800000,0.0001
ETHUSDT,1641081600028,3.876e-05
ETHUSDT,1641110400000,2.263e-05
ETHUSDT,1641139200000,6.714e-05
ETHUSDT,1641168000010,6.973e-05
ETHUSDT,1641196800013,5.084e-05
ETHUSDT,1641225600018,7.394e-05
ETHUSDT,1641254400000,0.0001
ETHUSDT,1641283200010,0.0001
ETHUSDT,1641312000002,0.0001
ETHUSDT,1641340800001,0.0001
ETHUSDT,1641369600017,0.0001
ETHUSDT,1641398400000,0.0001
ETHUSDT,1641427200002,5.376e-05
ETHUSDT,1641456000021,0.0001
ETHUSDT,1641484800006,4.332e-05
ETHUSDT,1641513600005,1.935e-05
ETHUSDT,1641542400000,0.0001
ETHUSDT,1641571200001,0.0001
ETHUSDT,1641600000014,0.0001
ETHUSDT,1641628800013,0.0001
ETHUSDT,1641657600000,0.0001
ETHUSDT,1641686400003,0.0001
ETHUSDT,1641715200000,-7.234e-05
ETHUSDT,1641744000000,5.47e-05
ETHUSDT,1641772800000,-0.00014593
ETHUSDT,1641801600010,-6.361e-05
ETHUSDT,1641830400007,1.599e-05
ETHUSDT,1641859200013,0.0001
ETHUSDT,1641888000004,6.198e-05
ETHUSDT,1641916800000,2.718e-05
ETHUSDT,1641945600012,-6.878e-05
ETHUSDT,1641974400015,8.036e-05
ETHUSDT,1642003200000,-0.00019812
ETHUSDT,1642032000007,-2.315e-05
ETHUSDT,1642060800000,0.0001
ETHUSDT,1642089600014,-1.444e-05
ETHUSDT,1642118400000,0.0001
ETHUSDT,1642147200006,0.0001
ETHUSDT,1642176000014,-1.294e-05
ETHUSDT,1642204800000,9.632e-05
ETHUSDT,1642233600002,0.0001
ETHUSDT,1642262400000,0.0001
ETHUSDT,1642291200000,2.224e-05
ETHUSDT,1642320000017,9.785e-05
ETHUSDT,1642348800011,8.585e-05
ETHUSDT,1642377600005,2.683e-05
ETHUSDT,1642406400006,4.25e-05
ETHUSDT,1642435200012,-5.944e-05
ETHUSDT,1642464000020,7.549e-05
ETHUSDT,1642492800000,3.626e-05
ETHUSDT,1642521600013,0.0001
ETHUSDT,1642550400001,0.0001
ETHUSDT,1642579200000,-1.72e-05
ETHUSDT,1642608000000,0.0001
ETHUSDT,1642636800015,0.0001
ETHUSDT,1642665600000,0.0001
ETHUSDT,1642694400000,0.0001
ETHUSDT,1642723200007,-8.05e-06
ETHUSDT,1642752000015,-5.915e-05
ETHUSDT,1642780800000,8.447e-05
ETHUSDT,1642809600017,7.145e-05
ETHUSDT,1642838400003,0.0001
ETHUSDT,1642867200021,9.327e-05
ETHUSDT,1642896000026,0.0001
ETHUSDT,1642924800010,-5.208e-05
ETHUSDT,1642953600009,-0.0001332
ETHUSDT,1642982400010,0.0001
ETHUSDT,1643011200000,-0.00011775
ETHUSDT,1643040000021,0.0001
ETHUSDT,1643068800000,1.695e-05
ETHUSDT,1643097600000,5.831e-05
ETHUSDT,1643126400012,-7.88e-05
ETHUSDT,1643155200000,-4.048e-05
ETHUSDT,1643184000001,-7.941e-05
ETHUSDT,1643212800005,-0.00020069
ETHUSDT,1643241600004,-8.756e-05
ETHUSDT,1643270400004,2.801e-05
ETHUSDT,1643299200019,-0.00014218
ETHUSDT,1643328000000,-8.132e-05
ETHUSDT,1643356800000,-2.97e-06
ETHUSDT,1643385600025,-8.379e-05
ETHUSDT,1643414400017,-8.5e-06
ETHUSDT,1643443200000,0.0001
ETHUSDT,1643472000013,-9.97e-06
ETHUSDT,1643500800025,2.848e-05
ETHUSDT,1643529600009,-6.536e-05
ETHUSDT,1643558400000,2.989e-05
ETHUSDT,1643587200000,5.139e-05
ETHUSDT,1643616000000,-0.00010687
ETHUSDT,1643644800000,-1.151e-05
ETHUSDT,1643673600010,0.0001
ETHUSDT,1643702400000,-0.00010276
ETHUSDT,1643731200004,-0.00020797
ETHUSDT,1643760000004,-6.256e-05
ETHUSDT,1643788800000,-1.7e-07
ETHUSDT,1643817600002,4.07e-06
ETHUSDT,1643846400002,-0.00038034
ETHUSDT,1643875200000,-5.85e-05
ETHUSDT,1643904000000,-7.881e-05
ETHUSDT,1643932800018,0.0001
ETHUSDT,1643961600005,8.786e-05
ETHUSDT,1643990400010,0.0001
ETHUSDT,1644019200014,0.0001
ETHUSDT,1644048000000,7.456e-05
ETHUSDT,1644076800000,4.351e-05
ETHUSDT,1644105600000,0.0001
ETHUSDT,1644134400000,0.0001
ETHUSDT,1644163200000,0.0001
ETHUSDT,1644192000003,-7.25e-06
ETHUSDT,1644220800014,8.15e-05
ETHUSDT,1644249600003,1.491e-05
ETHUSDT,1644278400001,0.0001
ETHUSDT,1644307200003,1.62e-05
ETHUSDT,1644336000002,7.718e-05
ETHUSDT,1644364800000,0.0001
ETHUSDT,1644393600005,-1.62e-06
ETHUSDT,1644422400001,7.116e-05
ETHUSDT,1644451200012,-2.777e-05
ETHUSDT,1644480000000,-3.259e-05
ETHUSDT,1644508800006,1.908e-05
ETHUSDT,1644537600000,-0.00011327
ETHUSDT,1644566400009,0.0001
ETHUSDT,1644595200015,-4.783e-05
ETHUSDT,1644624000020,0.0001
ETHUSDT,1644652800001,0.0001
ETHUSDT,1644681600007,0.0001
ETHUSDT,1644710400022,1.665e-05
ETHUSDT,1644739200001,6.235e-05
ETHUSDT,1644768000007,-2.875e-05
ETHUSDT,1644796800005,9.155e-05
ETHUSDT,1644825600013,6.358e-05
ETHUSDT,1644854400019,0.0001
ETHUSDT,1644883200012,7.379e-05
ETHUSDT,1644912000005,4.572e-05
ETHUSDT,1644940800011,-5.099e-05
ETHUSDT,1644969600009,0.0001
ETHUSDT,1644998400001,0.0001
ETHUSDT,1645027200014,0.0001
ETHUSDT,1645056000018,0.0001
ETHUSDT,1645084800000,1.611e-05
ETHUSDT,1645113600010,4.771e-05
ETHUSDT,1645142400000,-3.865e-05
ETHUSDT,1645171200002,-9.187e-05
ETHUSDT,1645200000000,3.508e-05
ETHUSDT,1645228800007,0.0001
ETHUSDT,1645257600000,7.039e-05
ETHUSDT,1645286400023,4.883e-05
ETHUSDT,1645315200001,-3.349e-05
ETHUSDT,1645344000003,5.414e-05
ETHUSDT,1645372800001,3.264e-05
ETHUSDT,1645401600000,7.012e-05
ETHUSDT,1645430400001,-0.00014003
ETHUSDT,1645459200005,7.007e-05
ETHUSDT,1645488000005,8.65e-06
ETHUSDT,1645516800000,-3.63e-05
ETHUSDT,1645545600000,5.962e-05
ETHUSDT,1645574400002,9.188e-05
ETHUSDT,1645603200005,-3.926e-05
ETHUSDT,1645632000010,-3.644e-05
ETHUSDT,1645660800008,-1.113e-05
ETHUSDT,1645689600003,-3.56e-05
ETHUSDT,1645718400001,-6.14e-05
ETHUSDT,1645747200000,0.0001
ETHUSDT,1645776000006,0.0001
ETHUSDT,1645804800001,0.0001
ETHUSDT,1645833600004,0.0001
ETHUSDT,1645862400004,0.0001
ETHUSDT,1645891200007,0.0001
ETHUSDT,1645920000012,0.0001
ETHUSDT,1645948800000,5.07e-06
ETHUSDT,1645977600000,0.0001
ETHUSDT,1646006400000,-0.00015064
ETHUSDT,1646035200001,-9.02e-05
ETHUSDT,1646064000002,5.573e-05
ETHUSDT,1646092800002,0.0001
ETHUSDT,1646121600001,0.0001
ETHUSDT,1646150400000,0.0001
ETHUSDT,1646179200000,0.0001
ETHUSDT,1646208000000,0.0001
ETHUSDT,1646236800002,0.0001
ETHUSDT,1646265600000,0.0001
ETHUSDT,1646294400000,0.0001
ETHUSDT,1646323200005,0.0001
ETHUSDT,1646352000018,0.0001
ETHUSDT,1646380800000,0.0001
ETHUSDT,1646409600000,0.0001
ETHUSDT,1646438400006,5.192e-05
ETHUSDT,1646467200004,1.52e-05
ETHUSDT,1646496000000,3.064e-05
ETHUSDT,1646524800004,-8.875e-05
ETHUSDT,1646553600000,5.669e-05
ETHUSDT,1646582400013,7.5e-05
ETHUSDT,1646611200008,3.909e-05
ETHUSDT,1646640000006,-1e-05
ETHUSDT,1646668800000,8.669e-05
ETHUSDT,1646697600008,-0.00010024
ETHUSDT,1646726400002,0.0001
ETHUSDT,1646755200000,0.0001
ETHUSDT,1646784000008,6.224e-05
ETHUSDT,1646812800000,0.0001
ETHUSDT,1646841600004,0.0001
ETHUSDT,1646870400000,0.0001
ETHUSDT,1646899200017,5.56e-05
ETHUSDT,1646928000000,-3.951e-05
ETHUSDT,1646956800008,2.542e-05
ETHUSDT,1646985600000,-5.91e-05
ETHUSDT,1647014400001,8.211e-05
ETHUSDT,1647043200010,0.0001
ETHUSDT,1647072000001,5.025e-05
ETHUSDT,1647100800002,6.255e-05
ETHUSDT,1647129600008,2.116e-05
ETHUSDT,1647158400000,0.0001
ETHUSDT,1647187200002,-2.698e-05
ETHUSDT,1647216000014,-0.00010352
ETHUSDT,1647244800005,0.0001
ETHUSDT,1647273600002,0.0001
ETHUSDT,1647302400008,0.0001
ETHUSDT,1647331200000,-3.21e-06
ETHUSDT,1647360000006,-4.856e-05
ETHUSDT,1647388800013,0.0001
ETHUSDT,1647417600000,9.131e-05
ETHUSDT,1647446400008,5.316e-05
ETHUSDT,1647475200004,0.0001
ETHUSDT,1647504000000,0.0001
ETHUSDT,1647532800004,0.0001
ETHUSDT,1647561600000,0.0001
ETHUSDT,1647590400000,4.709e-05
ETHUSDT,1647619200017,5.917e-05
ETHUSDT,1647648000008,0.0001
ETHUSDT,1647676800015,0.0001
ETHUSDT,1647705600000,0.0001
ETHUSDT,1647734400000,0.0001
ETHUSDT,1647763200001,0.0001
ETHUSDT,1647792000002,0.0001
ETHUSDT,1647820800013,0.0001
ETHUSDT,1647849600004,0.0001
ETHUSDT,1647878400010,0.0001
ETHUSDT,1647907200012,0.0001
ETHUSDT,1647936000001,0.0001
ETHUSDT,1647964800022,0.0001
ETHUSDT,1647993600007,0.0001
ETHUSDT,1648022400000,8.504e-05
ETHUSDT,1648051200006,-3.582e-05
ETHUSDT,1648080000013,-1.813e-05
ETHUSDT,1648108800006,0.0001
ETHUSDT,1648137600020,0.0001
ETHUSDT,1648166400010,0.0001
ETHUSDT,1648195200001,0.0001
ETHUSDT,1648224000014,0.0001
ETHUSDT,1648252800020,0.0001
ETHUSDT,1648281600006,4.979e-05
ETHUSDT,1648310400000,0.0001
ETHUSDT,1648339200004,7.576e-05
ETHUSDT,1648368000001,7.27e-06
ETHUSDT,1648396800006,-1.708e-05
ETHUSDT,1648425600012,0.0001
ETHUSDT,1648454400007,0.0001
ETHUSDT,1648483200000,0.0001
ETHUSDT,1648512000000,0.0001
ETHUSDT,1648540800015,0.0001
ETHUSDT,1648569600000,8.269e-05
ETHUSDT,1648598400000,0.0001
ETHUSDT,1648627200002,0.0001
ETHUSDT,1648656000028,0.0001
ETHUSDT,1648684800017,0.0001
ETHUSDT,1648713600000,0.0001
ETHUSDT,1648742400015,0.0001
ETHUSDT,1648771200000,0.0001
ETHUSDT,1648800000000,0.0001
ETHUSDT,1648828800018,0.0001
ETHUSDT,1648857600000,0.0001
ETHUSDT,1648886400002,0.0001
ETHUSDT,1648915200006,0.0001
ETHUSDT,1648944000018,0.0001
ETHUSDT,1648972800018,0.0001
ETHUSDT,1649001600015,0.0001
ETHUSDT,1649030400006,0.0001
ETHUSDT,1649059200000,2.896e-05
ETHUSDT,1649088000016,0.0001
ETHUSDT,1649116800000,0.0001
ETHUSDT,1649145600010,0.0001
ETHUSDT,1649174400008,7.974e-05
ETHUSDT,1649203200001,9.47e-05
ETHUSDT,1649232000021,-0.00014471
ETHUSDT,1649260800000,6.028e-05
ETHUSDT,1649289600009,8.854e-05
ETHUSDT,1649318400000,-9.945e-05
ETHUSDT,1649347200000,4.585e-05
ETHUSDT,1649376000000,-9.963e-05
ETHUSDT,1649404800004,-3.214e-05
ETHUSDT,1649433600008,0.0001
ETHUSDT,1649462400008,0.0001
ETHUSDT,1649491200000,0.0001
ETHUSDT,1649520000001,0.0001
ETHUSDT,1649548800004,0.0001
ETHUSDT,1649577600007,0.0001
ETHUSDT,1649606400016,5.98e-05
ETHUSDT,1649635200000,4.676e-05
ETHUSDT,1649664000000,0.0001
ETHUSDT,1649692800009,0.0001
ETHUSDT,1649721600000,-3.306e-05
ETHUSDT,1649750400006,-4.036e-05
ETHUSDT,1649779200013,-0.00016064
ETHUSDT,1649808000005,-2.262e-05
ETHUSDT,1649836800008,-0.00016876
ETHUSDT,1649865600013,3.222e-05
ETHUSDT,1649894400007,-2.2e-05
ETHUSDT,1649923200000,5.593e-05
ETHUSDT,1649952000006,-3.051e-05
ETHUSDT,1649980800008,-0.00012221
ETHUSDT,1650009600002,-3.677e-05
ETHUSDT,1650038400000,-3.34e-06
ETHUSDT,1650067200011,-2.9e-05
ETHUSDT,1650096000007,-0.00012314
ETHUSDT,1650124800007,-3.323e-05
ETHUSDT,1650153600000,2.48e-05
ETHUSDT,1650182400004,-6.458e-05
ETHUSDT,1650211200000,2.937e-05
ETHUSDT,1650240000008,-5.257e-05
ETHUSDT,1650268800012,-4.41e-05
ETHUSDT,1650297600000,-0.00013169
ETHUSDT,1650326400021,8.478e-05
ETHUSDT,1650355200031,3.976e-05
ETHUSDT,1650384000000,2.251e-05
ETHUSDT,1650412800025,0.0001
ETHUSDT,1650441600003,6.595e-05
ETHUSDT,1650470400000,-1.05e-06
ETHUSDT,1650499200000,-9.577e-05
ETHUSDT,1650528000000,-0.00012991
ETHUSDT,1650556800024,-9.56e-06
ETHUSDT,1650585600008,-0.00011914
ETHUSDT,1650614400008,-0.00017158
ETHUSDT,1650643200008,-2.649e-05
ETHUSDT,1650672000000,3.778e-05
ETHUSDT,1650700800000,-0.00010115
ETHUSDT,1650729600012,-8.574e-05
ETHUSDT,1650758400004,-9.091e-05
ETHUSDT,1650787200003,-5.652e-05
ETHUSDT,1650816000000,3.41e-06
ETHUSDT,1650844800008,3.21e-06
ETHUSDT,1650873600018,-8.588e-05
ETHUSDT,1650902400000,-0.00024996
ETHUSDT,1650931200014,0.0001
ETHUSDT,1650960000000,0.0001
ETHUSDT,1650988800017,4.991e-05
ETHUSDT,1651017600012,-0.00014242
ETHUSDT,1651046400000,-0.0002569
ETHUSDT,1651075200002,2.591e-05
ETHUSDT,1651104000000,-1.675e-05
ETHUSDT,1651132800004,-5.776e-05
ETHUSDT,1651161600030,0.0001
ETHUSDT,1651190400000,0.0001
ETHUSDT,1651219200016,0.0001
ETHUSDT,1651248000010,4.578e-05
ETHUSDT,1651276800000,-8.896e-05
ETHUSDT,1651305600005,-5.202e-05
ETHUSDT,1651334400015,-5.736e-05
ETHUSDT,1651363200000,-7.153e-05
ETHUSDT,1651392000000,-0.00016213
ETHUSDT,1651420800010,-4.432e-05
ETHUSDT,1651449600018,4.92e-05
ETHUSDT,1651478400007,-7.704e-05
ETHUSDT,1651507200000,-2.36e-06
ETHUSDT,1651536000006,8.762e-05
ETHUSDT,1651564800000,6.446e-05
ETHUSDT,1651593600021,8.725e-05
ETHUSDT,1651622400007,9.221e-05
ETHUSDT,1651651200011,0.0001
ETHUSDT,1651680000000,0.0001
ETHUSDT,1651708800005,0.0001
ETHUSDT,1651737600019,0.0001
ETHUSDT,1651766400005,0.0001
ETHUSDT,1651795200005,-5.032e-05
ETHUSDT,1651824000001,-4.64e-05
ETHUSDT,1651852800010,-2.46e-06
ETHUSDT,1651881600004,5.836e-05
ETHUSDT,1651910400016,0.0001
ETHUSDT,1651939200011,7.282e-05
ETHUSDT,1651968000000,9.867e-05
ETHUSDT,1651996800007,0.0001
ETHUSDT,1652025600015,0.0001
ETHUSDT,1652054400000,0.0001
ETHUSDT,1652083200001,9.424e-05
ETHUSDT,1652112000000,9.769e-05
ETHUSDT,1652140800000,9.833e-05
ETHUSDT,1652169600007,6.098e-05
ETHUSDT,1652198400008,0.0001
ETHUSDT,1652227200004,7.598e-05
ETHUSDT,1652256000007,0.0001
ETHUSDT,1652284800008,7.639e-05
ETHUSDT,1652313600014,-0.00018602
ETHUSDT,1652342400000,-0.00079682
ETHUSDT,1652371200007,-0.00028645
ETHUSDT,1652400000014,-9.107e-05
ETHUSDT,1652428800001,-0.00016008
ETHUSDT,1652457600000,-2.742e-05
ETHUSDT,1652486400000,5.029e-05
ETHUSDT,1652515200000,9.124e-05
ETHUSDT,1652544000001,6.884e-05
ETHUSDT,1652572800000,0.0001
ETHUSDT,1652601600000,7.136e-05
ETHUSDT,1652630400000,7.168e-05
ETHUSDT,1652659200021,0.0001
ETHUSDT,1652688000013,0.0001
ETHUSDT,1652716800006,-3.34e-06
ETHUSDT,1652745600000,1.965e-05
ETHUSDT,1652774400010,-0.00010278
ETHUSDT,1652803200023,8.48e-06
ETHUSDT,1652832000003,7.107e-05
ETHUSDT,1652860800024,-1.537e-05
ETHUSDT,1652889600014,-7.218e-05
ETHUSDT,1652918400000,-5.373e-05
ETHUSDT,1652947200008,4.9e-06
ETHUSDT,1652976000015,3.757e-05
ETHUSDT,1653004800001,0.0001
ETHUSDT,1653033600003,0.0001
ETHUSDT,1653062400012,6.647e-05
ETHUSDT,1653091200008,9.991e-05
ETHUSDT,1653120000001,-2.669e-05
ETHUSDT,1653148800007,-3.6e-06
ETHUSDT,1653177600003,4.308e-05
ETHUSDT,1653206400016,5.296e-05
ETHUSDT,1653235200000,0.0001
ETHUSDT,1653264000011,0.0001
ETHUSDT,1653292800000,0.0001
ETHUSDT,1653321600023,0.0001
ETHUSDT,1653350400011,-7.86e-05
ETHUSDT,1653379200000,-4.871e-05
ETHUSDT,1653408000009,-4.04e-05
ETHUSDT,1653436800001,1.228e-05
ETHUSDT,1653465600000,0.0001
ETHUSDT,1653494400015,6.424e-05
ETHUSDT,1653523200005,0.0001
ETHUSDT,1653552000001,3.287e-05
ETHUSDT,1653580800000,-0.00014343
ETHUSDT,1653609600007,0.0001
ETHUSDT,1653638400008,-1.53e-06
ETHUSDT,1653667200000,5.35e-05
ETHUSDT,1653696000018,0.0001
ETHUSDT,1653724800016,6.376e-05
ETHUSDT,1653753600013,3.132e-05
ETHUSDT,1653782400000,0.0001
ETHUSDT,1653811200025,1.764e-05
ETHUSDT,1653840000002,1.83e-05
ETHUSDT,1653868800000,6.492e-05
ETHUSDT,1653897600013,1.622e-05
ETHUSDT,1653926400005,0.0001
ETHUSDT,1653955200016,7.761e-05
ETHUSDT,1653984000000,0.0001
ETHUSDT,1654012800000,0.0001
ETHUSDT,1654041600000,0.0001
ETHUSDT,1654070400011,0.0001
ETHUSDT,1654099200000,0.0001
ETHUSDT,1654128000000,-8.505e-05
ETHUSDT,1654156800006,4.628e-05
ETHUSDT,1654185600021,3.599e-05
ETHUSDT,1654214400016,5.262e-05
ETHUSDT,1654243200016,0.0001
ETHUSDT,1654272000012,2.737e-05
ETHUSDT,1654300800005,0.0001
ETHUSDT,1654329600000,0.0001
ETHUSDT,1654358400007,3e-05
ETHUSDT,1654387200005,3.407e-05
ETHUSDT,1654416000015,5.246e-05
ETHUSDT,1654444800000,5.865e-05
ETHUSDT,1654473600000,0.0001
ETHUSDT,1654502400017,9.597e-05
ETHUSDT,1654531200000,0.0001
ETHUSDT,1654560000000,0.0001
ETHUSDT,1654588800011,-3.071e-05
ETHUSDT,1654617600000,1.156e-05
ETHUSDT,1654646400008,0.0001
ETHUSDT,1654675200020,7.041e-05
ETHUSDT,1654704000012,0.0001
ETHUSDT,1654732800000,0.0001
ETHUSDT,1654761600000,5.421e-05
ETHUSDT,1654790400000,0.0001
ETHUSDT,1654819200009,0.0001
ETHUSDT,1654848000000,0.0001
ETHUSDT,1654876800006,-0.00010846
ETHUSDT,1654905600018,-0.00013495
ETHUSDT,1654934400014,-0.00018605
ETHUSDT,1654963200000,-9.29e-05
ETHUSDT,1654992000015,-6.025e-05
ETHUSDT,1655020800019,-9.914e-05
ETHUSDT,1655049600010,-6.827e-05
ETHUSDT,1655078400009,1.579e-05
ETHUSDT,1655107200000,-2.19e-06
ETHUSDT,1655136000007,-5.144e-05
ETHUSDT,1655164800013,-4.066e-05
ETHUSDT,1655193600008,-5.061e-05
ETHUSDT,1655222400006,-2.999e-05
ETHUSDT,1655251200000,-5.37e-05
ETHUSDT,1655280000016,-0.0001643
ETHUSDT,1655308800008,-9.52e-06
ETHUSDT,1655337600009,-1.444e-05
ETHUSDT,1655366400016,6.616e-05
ETHUSDT,1655395200000,-0.00010424
ETHUSDT,1655424000008,-0.00012406
ETHUSDT,1655452800003,-5.634e-05
ETHUSDT,1655481600000,-0.00014982
ETHUSDT,1655510400020,-7.277e-05
ETHUSDT,1655539200025,-0.00029164
ETHUSDT,1655568000014,-7.606e-05
ETHUSDT,1655596800012,-0.00018722
ETHUSDT,1655625600012,-0.0001769
ETHUSDT,1655654400008,0.0001
ETHUSDT,1655683200016,0.0001
ETHUSDT,1655712000000,-2.176e-05
ETHUSDT,1655740800013,8.444e-05
ETHUSDT,1655769600012,6.015e-05
ETHUSDT,1655798400018,4.698e-05
ETHUSDT,1655827200010,5.33e-05
ETHUSDT,1655856000000,-4.89e-05
ETHUSDT,1655884800001,-2.551e-05
ETHUSDT,1655913600012,-8.679e-05
ETHUSDT,1655942400000,-4.408e-05
ETHUSDT,1655971200000,-6.496e-05
ETHUSDT,1656000000016,-0.00010151
ETHUSDT,1656028800005,4.046e-05
ETHUSDT,1656057600004,8.003e-05
ETHUSDT,1656086400018,0.0001
ETHUSDT,1656115200001,-3.928e-05
ETHUSDT,1656144000010,3.156e-05
ETHUSDT,1656172800000,6.42e-06
ETHUSDT,1656201600002,0.0001
ETHUSDT,1656230400016,2.837e-05
ETHUSDT,1656259200006,-8.522e-05
ETHUSDT,1656288000008,-0.00010252
ETHUSDT,1656316800000,-4.323e-05
ETHUSDT,1656345600016,-3.606e-05
ETHUSDT,1656374400016,9.02e-06
ETHUSDT,1656403200001,-2.707e-05
ETHUSDT,1656432000005,6.622e-05
ETHUSDT,1656460800000,3.172e-05
ETHUSDT,1656489600013,1.728e-05
ETHUSDT,1656518400000,1.147e-05
ETHUSDT,1656547200000,3.467e-05
ETHUSDT,1656576000000,-6.766e-05
ETHUSDT,1656604800000,-0.00021692
ETHUSDT,1656633600001,-0.00013323
ETHUSDT,1656662400017,4.122e-05
ETHUSDT,1656691200005,-9.037e-05
ETHUSDT,1656720000000,-4.5e-06
ETHUSDT,1656748800000,-4.376e-05
ETHUSDT,1656777600008,-4.429e-05
ETHUSDT,1656806400015,8.102e-05
ETHUSDT,1656835200004,2.344e-05
ETHUSDT,1656864000005,-9.636e-05
ETHUSDT,1656892800021,8.487e-05
ETHUSDT,1656921600001,-0.00014236
ETHUSDT,1656950400000,6.349e-05
ETHUSDT,1656979200000,8.23e-06
ETHUSDT,1657008000000,1.762e-05
ETHUSDT,1657036800015,4.28e-05
ETHUSDT,1657065600006,0.0001
ETHUSDT,1657094400000,0.0001
ETHUSDT,1657123200000,4.373e-05
ETHUSDT,1657152000010,0.0001
ETHUSDT,1657180800010,0.0001
ETHUSDT,1657209600011,6.891e-05
ETHUSDT,1657238400008,0.0001
ETHUSDT,1657267200009,0.0001
ETHUSDT,1657296000000,5.505e-05
ETHUSDT,1657324800000,5.118e-05
ETHUSDT,1657353600000,2.685e-05
ETHUSDT,1657382400009,3.206e-05
ETHUSDT,1657411200001,4.544e-05
ETHUSDT,1657440000002,0.0001
ETHUSDT,1657468800001,6.604e-05
ETHUSDT,1657497600000,1.102e-05
ETHUSDT,1657526400003,4.204e-05
ETHUSDT,1657555200001,5.881e-05
ETHUSDT,1657584000000,6.653e-05
ETHUSDT,1657612800021,-2.208e-05
ETHUSDT,1657641600000,-0.00010622
ETHUSDT,1657670400012,-0.00017917
ETHUSDT,1657699200022,-0.00019746
ETHUSDT,1657728000005,-0.00012686
ETHUSDT,1657756800017,-0.00012921
ETHUSDT,1657785600001,1.264e-05
ETHUSDT,1657814400000,-5.017e-05
ETHUSDT,1657843200004,0.0001
ETHUSDT,1657872000019,4.667e-05
ETHUSDT,1657900800017,-4.53e-06
ETHUSDT,1657929600021,5.458e-05
ETHUSDT,1657958400014,7.053e-05
ETHUSDT,1657987200005,3.638e-05
ETHUSDT,1658016000000,0.0001
ETHUSDT,1658044800003,8e-08
ETHUSDT,1658073600007,-6.39e-06
ETHUSDT,1658102400001,-2.025e-05
ETHUSDT,1658131200004,-8.57e-06
ETHUSDT,1658160000019,7.25e-05
ETHUSDT,1658188800000,0.0001
ETHUSDT,1658217600000,0.0001
ETHUSDT,1658246400001,4.242e-05
ETHUSDT,1658275200004,5.437e-05
ETHUSDT,1658304000000,-4.179e-05
ETHUSDT,1658332800003,2.871e-05
ETHUSDT,1658361600000,0.0001
ETHUSDT,1658390400018,0.0001
ETHUSDT,1658419200011,0.0001
ETHUSDT,1658448000014,0.0001
ETHUSDT,1658476800000,0.0001
ETHUSDT,1658505600000,9.317e-05
ETHUSDT,1658534400004,5.463e-05
ETHUSDT,1658563200002,6.541e-05
ETHUSDT,1658592000001,0.0001
ETHUSDT,1658620800000,0.0001
ETHUSDT,1658649600011,0.0001
ETHUSDT,1658678400000,0.0001
ETHUSDT,1658707200000,0.0001
ETHUSDT,1658736000014,-1.134e-05
ETHUSDT,1658764800006,7.434e-05
ETHUSDT,1658793600010,6.69e-05
ETHUSDT,1658822400000,7.151e-05
ETHUSDT,1658851200000,0.0001
ETHUSDT,1658880000008,7.41e-06
ETHUSDT,1658908800000,8.204e-05
ETHUSDT,1658937600003,3.325e-05
ETHUSDT,1658966400009,0.0001
ETHUSDT,1658995200008,0.0001
ETHUSDT,1659024000013,0.0001
ETHUSDT,1659052800000,0.0001
ETHUSDT,1659081600000,0.0001
ETHUSDT,1659110400000,0.0001
ETHUSDT,1659139200005,0.0001
ETHUSDT,1659168000009,0.0001
ETHUSDT,1659196800000,5.049e-05
ETHUSDT,1659225600022,4.431e-05
ETHUSDT,1659254400011,0.0001
ETHUSDT,1659283200019,5.528e-05
ETHUSDT,1659312000010,9.823e-05
ETHUSDT,1659340800019,0.0001
ETHUSDT,1659369600017,6.285e-05
ETHUSDT,1659398400000,0.0001
ETHUSDT,1659427200007,1.617e-05
ETHUSDT,1659456000014,1.593e-05
ETHUSDT,1659484800001,6.888e-05
ETHUSDT,1659513600020,3.68e-06
ETHUSDT,1659542400008,-3.047e-05
ETHUSDT,1659571200001,1.183e-05
ETHUSDT,1659600000009,7.702e-05
ETHUSDT,1659628800015,7.119e-05
ETHUSDT,1659657600005,7.649e-05
ETHUSDT,1659686400000,0.0001
ETHUSDT,1659715200000,0.0001
ETHUSDT,1659744000021,0.0001
ETHUSDT,1659772800000,0.0001
ETHUSDT,1659801600015,0.0001
ETHUSDT,1659830400013,0.0001
ETHUSDT,1659859200000,-2.278e-05
ETHUSDT,1659888000014,2.801e-05
ETHUSDT,1659916800009,-1.33e-05
ETHUSDT,1659945600006,2.805e-05
ETHUSDT,1659974400000,0.0001
ETHUSDT,1660003200020,5.993e-05
ETHUSDT,1660032000000,-3.21e-06
ETHUSDT,1660060800000,-0.00014349
ETHUSDT,1660089600000,-0.00010375
ETHUSDT,1660118400016,-3.238e-05
ETHUSDT,1660147200018,0.0001
ETHUSDT,1660176000012,0.0001
ETHUSDT,1660204800000,4.392e-05
ETHUSDT,1660233600000,1.783e-05
ETHUSDT,1660262400006,2.566e-05
ETHUSDT,1660291200000,5.216e-05
ETHUSDT,1660320000005,8.336e-05
ETHUSDT,1660348800012,7.636e-05
ETHUSDT,1660377600006,4.086e-05
ETHUSDT,1660406400018,2.735e-05
ETHUSDT,1660435200000,3.144e-05
ETHUSDT,1660464000000,8.292e-05
ETHUSDT,1660492800000,2.19e-06
ETHUSDT,1660521600010,-6.757e-05
ETHUSDT,1660550400002,3.991e-05
ETHUSDT,1660579200010,-4.854e-05
ETHUSDT,1660608000010,-6.945e-05
ETHUSDT,1660636800002,3.333e-05
ETHUSDT,1660665600000,3.842e-05
ETHUSDT,1660694400020,5.927e-05
ETHUSDT,1660723200016,6.626e-05
ETHUSDT,1660752000001,4.034e-05
ETHUSDT,1660780800005,2.314e-05
ETHUSDT,1660809600012,9.463e-05
ETHUSDT,1660838400013,3.449e-05
ETHUSDT,1660867200000,5.275e-05
ETHUSDT,1660896000000,0.0001
ETHUSDT,1660924800009,1.435e-05
ETHUSDT,1660953600000,4.557e-05
ETHUSDT,1660982400005,-3.743e-05
ETHUSDT,1661011200000,9.91e-06
ETHUSDT,1661040000010,-1.408e-05
ETHUSDT,1661068800013,1.912e-05
ETHUSDT,1661097600000,-5.859e-05
ETHUSDT,1661126400011,-5.605e-05
ETHUSDT,1661155200005,6.886e-05
ETHUSDT,1661184000005,7.481e-05
ETHUSDT,1661212800000,6.559e-05
ETHUSDT,1661241600021,-1.8e-05
ETHUSDT,1661270400005,-9.315e-05
ETHUSDT,1661299200017,-8.879e-05
ETHUSDT,1661328000021,-2.313e-05
ETHUSDT,1661356800000,5.38e-06
ETHUSDT,1661385600003,-9.281e-05
ETHUSDT,1661414400000,-1.814e-05
ETHUSDT,1661443200004,2.635e-05
ETHUSDT,1661472000001,4.613e-05
ETHUSDT,1661500800004,2.49e-05
ETHUSDT,1661529600000,8.902e-05
ETHUSDT,1661558400010,-0.0002075
ETHUSDT,1661587200007,-7.754e-05
ETHUSDT,1661616000008,-0.000272
ETHUSDT,1661644800019,-0.0002537
ETHUSDT,1661673600000,-0.0002688
ETHUSDT,1661702400000,1.893e-05
ETHUSDT,1661731200000,-0.00024797
ETHUSDT,1661760000000,-0.00017053
ETHUSDT,1661788800001,-6.657e-05
ETHUSDT,1661817600001,-9.478e-05
ETHUSDT,1661846400005,-6.689e-05
ETHUSDT,1661875200010,-5.782e-05
ETHUSDT,1661904000000,-0.00011151
ETHUSDT,1661932800005,-2.5e-07
ETHUSDT,1661961600013,7.105e-05
ETHUSDT,1661990400012,-1.273e-05
ETHUSDT,1662019200000,9.18e-06
ETHUSDT,1662048000013,-7.998e-05
ETHUSDT,1662076800002,5.469e-05
ETHUSDT,1662105600013,3.291e-05
ETHUSDT,1662134400000,-1.84e-05
ETHUSDT,1662163200000,-0.00012553
ETHUSDT,1662192000002,-0.00010187
ETHUSDT,1662220800007,-9.441e-05
ETHUSDT,1662249600008,1.789e-05
ETHUSDT,1662278400009,-4.425e-05
ETHUSDT,1662307200000,-9.236e-05
ETHUSDT,1662336000015,8.77e-06
ETHUSDT,1662364800013,-0.00010286
ETHUSDT,1662393600007,-5.01e-05
ETHUSDT,1662422400018,-0.00016568
ETHUSDT,1662451200020,-0.00013291
ETHUSDT,1662480000028,-2.352e-05
ETHUSDT,1662508800013,-0.0001677
ETHUSDT,1662537600022,-0.00027449
ETHUSDT,1662566400021,-0.00018414
ETHUSDT,1662595200010,1.215e-05
ETHUSDT,1662624000000,-1.24e-05
ETHUSDT,1662652800003,-6.039e-05
ETHUSDT,1662681600011,-8.28e-05
ETHUSDT,1662710400000,-3.837e-05
ETHUSDT,1662739200000,-0.00012468
ETHUSDT,1662768000003,-7.115e-05
ETHUSDT,1662796800000,-0.00020439
ETHUSDT,1662825600012,-0.00014116
ETHUSDT,1662854400009,-0.00011556
ETHUSDT,1662883200012,-0.00016606
ETHUSDT,1662912000005,-0.00031696
ETHUSDT,1662940800007,-0.00034442
ETHUSDT,1662969600013,-0.0002761
ETHUSDT,1662998400000,-0.00038902
ETHUSDT,1663027200004,-0.00028397
ETHUSDT,1663056000000,-0.00047985
ETHUSDT,1663084800000,-0.0004662
ETHUSDT,1663113600000,-0.00111142
ETHUSDT,1663142400000,-0.00182506
ETHUSDT,1663171200000,-0.00172134
ETHUSDT,1663200000019,-0.00301937
ETHUSDT,1663228800012,-0.00216987
ETHUSDT,1663257600007,-0.00010393
ETHUSDT,1663286400000,-7.76e-06
ETHUSDT,1663315200000,-2.35e-06
ETHUSDT,1663344000000,0.0001
ETHUSDT,1663372800000,7.4e-05
ETHUSDT,1663401600012,7.913e-05
ETHUSDT,1663430400017,4.111e-05
ETHUSDT,1663459200000,8.41e-06
ETHUSDT,1663488000004,8.234e-05
ETHUSDT,1663516800000,6.342e-05
ETHUSDT,1663545600018,-0.00010281
ETHUSDT,1663574400006,-4.91e-06
ETHUSDT,1663603200010,-9.737e-05
ETHUSDT,1663632000007,-0.00010865
ETHUSDT,1663660800001,-0.00012011
ETHUSDT,1663689600000,2.77e-06
ETHUSDT,1663718400001,-3.849e-05
ETHUSDT,1663747200005,-2.285e-05
ETHUSDT,1663776000000,-7.656e-05
ETHUSDT,1663804800000,-0.00024234
ETHUSDT,1663833600000,-0.00023437
ETHUSDT,1663862400011,-0.00013047
ETHUSDT,1663891200023,-1.456e-05
ETHUSDT,1663920000004,-4.759e-05
ETHUSDT,1663948800005,-5.042e-05
ETHUSDT,1663977600000,1.491e-05
ETHUSDT,1664006400005,4.468e-05
ETHUSDT,1664035200000,-8.115e-05
ETHUSDT,1664064000010,1.22e-06
ETHUSDT,1664092800000,-4.292e-05
ETHUSDT,1664121600003,4.49e-06
ETHUSDT,1664150400001,4.23e-06
ETHUSDT,1664179200006,0.0001
ETHUSDT,1664208000000,-1.379e-05
ETHUSDT,1664236800026,2.194e-05
ETHUSDT,1664265600004,1.777e-05
ETHUSDT,1664294400006,1.303e-05
ETHUSDT,1664323200011,-1.018e-05
ETHUSDT,1664352000000,-2.348e-05
ETHUSDT,1664380800000,-7.573e-05
ETHUSDT,1664409600010,6.004e-05
ETHUSDT,1664438400000,0.0001
ETHUSDT,1664467200000,2.149e-05
ETHUSDT,1664496000006,1.17e-05
ETHUSDT,1664524800002,7.176e-05
ETHUSDT,1664553600007,0.0001
ETHUSDT,1664582400008,8.185e-05
ETHUSDT,1664611200011,6.857e-05
ETHUSDT,1664640000000,5.117e-05
ETHUSDT,1664668800000,1.239e-05
ETHUSDT,1664697600000,4.395e-05
ETHUSDT,1664726400006,-2.183e-05
ETHUSDT,1664755200000,-2.23e-05
ETHUSDT,1664784000014,2.229e-05
ETHUSDT,1664812800010,-9.98e-06
ETHUSDT,1664841600006,7.858e-05
ETHUSDT,1664870400004,0.0001
ETHUSDT,1664899200013,3.575e-05
ETHUSDT,1664928000000,1.819e-05
ETHUSDT,1664956800000,3.45e-06
ETHUSDT,1664985600012,-3.017e-05
ETHUSDT,1665014400008,2.418e-05
ETHUSDT,1665043200002,5.188e-05
ETHUSDT,1665072000006,-1.15e-05
ETHUSDT,1665100800000,2.157e-05
ETHUSDT,1665129600000,3.248e-05
ETHUSDT,1665158400007,3.9e-06
ETHUSDT,1665187200010,5.904e-05
ETHUSDT,1665216000004,6.993e-05
ETHUSDT,1665244800018,8.939e-05
ETHUSDT,1665273600000,3.902e-05
ETHUSDT,1665302400007,1.819e-05
ETHUSDT,1665331200011,-5.165e-05
ETHUSDT,1665360000018,4.749e-05
ETHUSDT,1665388800000,2.784e-05
ETHUSDT,1665417600026,2.352e-05
ETHUSDT,1665446400020,7.133e-05
ETHUSDT,1665475200027,3.552e-05
ETHUSDT,1665504000000,4.405e-05
ETHUSDT,1665532800014,8.85e-05
ETHUSDT,1665561600000,-1.598e-05
ETHUSDT,1665590400000,7.18e-06
ETHUSDT,1665619200013,-0.00018211
ETHUSDT,1665648000016,8.18e-05
ETHUSDT,1665676800009,-0.00010154
ETHUSDT,1665705600020,2e-06
ETHUSDT,1665734400000,0.0001
ETHUSDT,1665763200009,0.0001
ETHUSDT,1665792000001,5.95e-05
ETHUSDT,1665820800005,-5.48e-06
ETHUSDT,1665849600004,-8.01e-06
ETHUSDT,1665878400012,2.73e-06
ETHUSDT,1665907200000,-1.934e-05
ETHUSDT,1665936000010,1.261e-05
ETHUSDT,1665964800012,7.5e-06
ETHUSDT,1665993600010,3.595e-05
ETHUSDT,1666022400017,5.61e-05
ETHUSDT,1666051200010,6.43e-05
ETHUSDT,1666080000008,5.818e-05
ETHUSDT,1666108800000,8.2e-05
ETHUSDT,1666137600007,6.911e-05
ETHUSDT,1666166400022,0.0001
ETHUSDT,1666195200016,3.885e-05
ETHUSDT,1666224000000,1.115e-05
ETHUSDT,1666252800013,6.032e-05
ETHUSDT,1666281600000,-5.194e-05
ETHUSDT,1666310400005,0.0001
ETHUSDT,1666339200018,1.939e-05
ETHUSDT,1666368000000,2.595e-05
ETHUSDT,1666396800000,2.568e-05
ETHUSDT,1666425600015,-7.96e-06
ETHUSDT,1666454400000,-3.726e-05
ETHUSDT,1666483200025,1.025e-05
ETHUSDT,1666512000000,2.352e-05
ETHUSDT,1666540800004,0.0001
ETHUSDT,1666569600009,9.274e-05
ETHUSDT,1666598400012,0.0001
ETHUSDT,1666627200002,-2.685e-05
ETHUSDT,1666656000013,-5.643e-05
ETHUSDT,1666684800013,3.537e-05
ETHUSDT,1666713600000,1.973e-05
ETHUSDT,1666742400006,0.0001
ETHUSDT,1666771200013,-2.452e-05
ETHUSDT,1666800000000,0.0001
ETHUSDT,1666828800009,8.299e-05
ETHUSDT,1666857600006,5.005e-05
ETHUSDT,1666886400009,-3.37e-05
ETHUSDT,1666915200000,2.272e-05
ETHUSDT,1666944000000,4.042e-05
ETHUSDT,1666972800007,1.87e-05
ETHUSDT,1667001600000,6.207e-05
ETHUSDT,1667030400003,8.203e-05
ETHUSDT,1667059200010,0.0001
ETHUSDT,1667088000000,7.735e-05
ETHUSDT,1667116800013,9.296e-05
ETHUSDT,1667145600009,0.0001
ETHUSDT,1667174400012,6.308e-05
ETHUSDT,1667203200000,0.0001
ETHUSDT,1667232000010,-2.88e-06
ETHUSDT,1667260800000,7.95e-06
ETHUSDT,1667289600000,-5.701e-05
ETHUSDT,1667318400000,1.321e-05
ETHUSDT,1667347200000,7.678e-05
ETHUSDT,1667376000000,2.913e-05
ETHUSDT,1667404800019,5.813e-05
ETHUSDT,1667433600011,-8.892e-05
ETHUSDT,1667462400016,-7.732e-05
ETHUSDT,1667491200005,2.55e-06
ETHUSDT,1667520000000,1.398e-05
ETHUSDT,1667548800004,9.293e-05
ETHUSDT,1667577600020,0.0001
ETHUSDT,1667606400009,9.19e-05
ETHUSDT,1667635200007,1.474e-05
ETHUSDT,1667664000018,5.826e-05
ETHUSDT,1667692800009,8.014e-05
ETHUSDT,1667721600000,0.0001
ETHUSDT,1667750400010,4.026e-05
ETHUSDT,1667779200012,2.594e-05
ETHUSDT,1667808000014,-2.72e-06
ETHUSDT,1667836800006,0.0001
ETHUSDT,1667865600000,-5.728e-05
ETHUSDT,1667894400001,-0.00011539
ETHUSDT,1667923200005,7.883e-05
ETHUSDT,1667952000000,-0.00038496
ETHUSDT,1667980800013,-0.00012169
ETHUSDT,1668009600004,-0.00054682
ETHUSDT,1668038400006,-0.00060149
ETHUSDT,1668067200000,-0.000543
ETHUSDT,1668096000015,-0.00015464
ETHUSDT,1668124800000,-0.00016788
ETHUSDT,1668153600015,-0.00013634
ETHUSDT,1668182400027,2.873e-05
ETHUSDT,1668211200007,9.985e-05
ETHUSDT,1668240000016,4.863e-05
ETHUSDT,1668268800000,9.984e-05
ETHUSDT,1668297600004,-9.28e-06
ETHUSDT,1668326400000,-8.449e-05
ETHUSDT,1668355200017,-1.748e-05
ETHUSDT,1668384000000,2.81e-05
ETHUSDT,1668412800000,2.254e-05
ETHUSDT,1668441600000,5.237e-05
ETHUSDT,1668470400014,-8.644e-05
ETHUSDT,1668499200009,4.951e-05
ETHUSDT,1668528000010,-4.197e-05
ETHUSDT,1668556800011,-9.137e-05
ETHUSDT,1668585600004,1.19e-06
ETHUSDT,1668614400008,-4.556e-05
ETHUSDT,1668643200000,-9.394e-05
ETHUSDT,1668672000000,2.558e-05
ETHUSDT,1668700800006,-0.00010849
ETHUSDT,1668729600004,-8.46e-05
ETHUSDT,1668758400016,-6.951e-05
ETHUSDT,1668787200000,-5.327e-05
ETHUSDT,1668816000000,6.481e-05
ETHUSDT,1668844800004,4.413e-05
ETHUSDT,1668873600024,5.99e-05
ETHUSDT,1668902400015,3.77e-06
ETHUSDT,1668931200004,5.73e-05
ETHUSDT,1668960000000,-2.008e-05
ETHUSDT,1668988800006,-0.00020459
ETHUSDT,1669017600015,-2.17e-05
ETHUSDT,1669046400000,4.666e-05
ETHUSDT,1669075200000,-6.623e-05
ETHUSDT,1669104000000,-2.821e-05
ETHUSDT,1669132800000,6.368e-05
ETHUSDT,1669161600000,6.088e-05
ETHUSDT,1669190400011,-4.079e-05
ETHUSDT,1669219200014,-9.414e-05
ETHUSDT,1669248000007,4.96e-05
ETHUSDT,1669276800014,-6.135e-05
ETHUSDT,1669305600013,3.796e-05
ETHUSDT,1669334400004,5.572e-05
ETHUSDT,1669363200015,5.499e-05
ETHUSDT,1669392000000,-3.074e-05
ETHUSDT,1669420800011,-4.472e-05
ETHUSDT,1669449600000,-5.666e-05
ETHUSDT,1669478400000,-6.554e-05
ETHUSDT,1669507200012,-4.687e-05
ETHUSDT,1669536000000,-0.00011497
ETHUSDT,1669564800003,3.854e-05
ETHUSDT,1669593600015,3.42e-06
ETHUSDT,1669622400004,-2.557e-05
ETHUSDT,1669651200011,-0.00012317
ETHUSDT,1669680000000,3.832e-05
ETHUSDT,1669708800015,2.946e-05
ETHUSDT,1669737600000,0.0001
ETHUSDT,1669766400007,9.218e-05
ETHUSDT,1669795200000,0.0001
ETHUSDT,1669824000015,0.0001
ETHUSDT,1669852800001,-1.967e-05
ETHUSDT,1669881600006,3.623e-05
ETHUSDT,1669910400000,0.0001
ETHUSDT,1669939200001,0.0001
ETHUSDT,1669968000016,-2.44e-06
ETHUSDT,1669996800017,4.87e-05
ETHUSDT,1670025600006,-4.81e-06
ETHUSDT,1670054400000,-2.779e-05
ETHUSDT,1670083200011,-2.251e-05
ETHUSDT,1670112000006,-4.991e-05
ETHUSDT,1670140800000,-1.49e-06
ETHUSDT,1670169600006,3.593e-05
ETHUSDT,1670198400002,5.566e-05
ETHUSDT,1670227200011,-2.459e-05
ETHUSDT,1670256000008,5.578e-05
ETHUSDT,1670284800014,4.181e-05
ETHUSDT,1670313600027,1.389e-05
ETHUSDT,1670342400009,4.364e-05
ETHUSDT,1670371200000,8.029e-05
ETHUSDT,1670400000000,5.95e-06
ETHUSDT,1670428800000,-2.33e-06
ETHUSDT,1670457600006,6.3e-07
ETHUSDT,1670486400000,1.744e-05
ETHUSDT,1670515200014,-9.2e-07
ETHUSDT,1670544000017,0.0001
ETHUSDT,1670572800005,6.855e-05
ETHUSDT,1670601600000,4.9e-05
ETHUSDT,1670630400009,-1.674e-05
ETHUSDT,1670659200010,6.407e-05
ETHUSDT,1670688000001,6.841e-05
ETHUSDT,1670716800011,-2.288e-05
ETHUSDT,1670745600007,1.946e-05
ETHUSDT,1670774400011,1.359e-05
ETHUSDT,1670803200000,3.843e-05
ETHUSDT,1670832000004,-2.359e-05
ETHUSDT,1670860800000,-2.692e-05
ETHUSDT,1670889600000,8.949e-05
ETHUSDT,1670918400018,0.0001
ETHUSDT,1670947200011,0.0001
ETHUSDT,1670976000010,0.0001
ETHUSDT,1671004800015,0.0001
ETHUSDT,1671033600004,0.0001
ETHUSDT,1671062400000,0.0001
ETHUSDT,1671091200023,0.0001
ETHUSDT,1671120000010,0.0001
ETHUSDT,1671148800016,0.0001
ETHUSDT,1671177600011,0.0001
ETHUSDT,1671206400001,-3.78e-05
ETHUSDT,1671235200001,8.697e-05
ETHUSDT,1671264000011,-6.429e-05
ETHUSDT,1671292800011,3.413e-05
ETHUSDT,1671321600008,5.955e-05
ETHUSDT,1671350400001,7.9e-05
ETHUSDT,1671379200012,4.105e-05
ETHUSDT,1671408000000,-3.395e-05
ETHUSDT,1671436800000,5.7e-06
ETHUSDT,1671465600000,-6.01e-06
ETHUSDT,1671494400005,8.479e-05
ETHUSDT,1671523200016,4.111e-05
ETHUSDT,1671552000000,9.832e-05
ETHUSDT,1671580800007,4.626e-05
ETHUSDT,1671609600012,8.575e-05
ETHUSDT,1671638400017,6.565e-05
ETHUSDT,1671667200004,8.923e-05
ETHUSDT,1671696000000,9.813e-05
ETHUSDT,1671724800001,7.887e-05
ETHUSDT,1671753600018,7.468e-05
ETHUSDT,1671782400000,0.0001
ETHUSDT,1671811200000,-7.28e-06
ETHUSDT,1671840000001,6.767e-05
ETHUSDT,1671868800007,0.0001
ETHUSDT,1671897600008,5.27e-06
ETHUSDT,1671926400000,-3.84e-06
ETHUSDT,1671955200013,4.1e-07
ETHUSDT,1671984000000,1.343e-05
ETHUSDT,1672012800001,6.962e-05
ETHUSDT,1672041600000,1.023e-05
ETHUSDT,1672070400005,2.594e-05
ETHUSDT,1672099200005,0.0001
ETHUSDT,1672128000010,2.226e-05
ETHUSDT,1672156800006,7.546e-05
ETHUSDT,1672185600010,0.0001
ETHUSDT,1672214400010,6.253e-05
ETHUSDT,1672243200010,-2.352e-05
ETHUSDT,1672272000011,0.0001
ETHUSDT,1672300800000,5.835e-05
ETHUSDT,1672329600008,0.0001
ETHUSDT,1672358400000,0.0001
ETHUSDT,1672387200000,0.0001
ETHUSDT,1672416000000,0.0001
ETHUSDT,1672444800014,0.0001
ETHUSDT,1672473600000,0.0001
ETHUSDT,1672502400000,0.0001
ETHUSDT,1672531200000,0.0001
ETHUSDT,1672560000008,0.0001
ETHUSDT,1672588800000,0.0001
ETHUSDT,1672617600000,0.0001
ETHUSDT,1672646400008,8.878e-05
ETHUSDT,1672675200015,7.464e-05
ETHUSDT,1672704000003,8.9e-06
ETHUSDT,1672732800018,5.228e-05
ETHUSDT,1672761600000,2.948e-05
ETHUSDT,1672790400000,7.609e-05
ETHUSDT,1672819200016,0.0001
ETHUSDT,1672848000011,0.0001
ETHUSDT,1672876800009,0.0001
ETHUSDT,1672905600011,0.0001
ETHUSDT,1672934400000,0.0001
ETHUSDT,1672963200005,0.0001
ETHUSDT,1672992000001,0.0001
ETHUSDT,1673020800000,0.0001
ETHUSDT,1673049600006,5.444e-05
ETHUSDT,1673078400017,4.199e-05
ETHUSDT,1673107200000,7.19e-05
ETHUSDT,1673136000015,2.131e-05
ETHUSDT,1673164800000,8.826e-05
ETHUSDT,1673193600010,8.657e-05
ETHUSDT,1673222400003,4.312e-05
ETHUSDT,1673251200000,7.617e-05
ETHUSDT,1673280000006,0.0001
ETHUSDT,1673308800003,0.0001
ETHUSDT,1673337600021,0.0001
ETHUSDT,1673366400000,0.0001
ETHUSDT,1673395200011,0.0001
ETHUSDT,1673424000006,0.0001
ETHUSDT,1673452800004,2.778e-05
ETHUSDT,1673481600000,0.0001
ETHUSDT,1673510400000,0.0001
ETHUSDT,1673539200000,0.0001
ETHUSDT,1673568000004,0.0001
ETHUSDT,1673596800000,0.0001
ETHUSDT,1673625600018,0.0001
ETHUSDT,1673654400000,0.0001
ETHUSDT,1673683200001,0.00061643
ETHUSDT,1673712000000,0.00045951
ETHUSDT,1673740800010,0.00012412
ETHUSDT,1673769600002,0.00030426
ETHUSDT,1673798400000,0.00018878
ETHUSDT,1673827200010,0.00014183
ETHUSDT,1673856000007,0.0001
ETHUSDT,1673884800000,0.0001
ETHUSDT,1673913600004,0.0001
ETHUSDT,1673942400005,0.0001
ETHUSDT,1673971200001,0.0001
ETHUSDT,1674000000008,0.0001
ETHUSDT,1674028800009,0.0001
ETHUSDT,1674057600017,0.0001
ETHUSDT,1674086400000,0.0001
ETHUSDT,1674115200015,0.0001
ETHUSDT,1674144000012,0.0001
ETHUSDT,1674172800000,0.0001
ETHUSDT,1674201600000,0.0001
ETHUSDT,1674230400000,0.0001
ETHUSDT,1674259200013,0.0001
ETHUSDT,1674288000001,0.0001
ETHUSDT,1674316800016,0.0001
ETHUSDT,1674345600000,0.0001
ETHUSDT,1674374400000,0.0001
ETHUSDT,1674403200023,0.0001
ETHUSDT,1674432000014,0.00010356
ETHUSDT,1674460800014,0.0001
ETHUSDT,1674489600016,0.0001
ETHUSDT,1674518400008,0.0001
ETHUSDT,1674547200008,0.0001
ETHUSDT,1674576000000,0.0001
ETHUSDT,1674604800012,0.0001
ETHUSDT,1674633600000,0.0001
ETHUSDT,1674662400010,0.0001
ETHUSDT,1674691200010,0.0001
ETHUSDT,1674720000003,0.0001
ETHUSDT,1674748800020,0.0001
ETHUSDT,1674777600008,0.0001
ETHUSDT,1674806400000,0.0001
ETHUSDT,1674835200000,0.0001
ETHUSDT,1674864000009,0.0001
ETHUSDT,1674892800018,0.0001
ETHUSDT,1674921600005,0.0001
ETHUSDT,1674950400011,0.0001
ETHUSDT,1674979200000,0.0001
ETHUSDT,1675008000008,0.0001
ETHUSDT,1675036800001,0.0001
ETHUSDT,1675065600000,0.0001
ETHUSDT,1675094400000,0.0001
ETHUSDT,1675123200005,0.0001
ETHUSDT,1675152000000,0.0001
ETHUSDT,1675180800007,0.0001
ETHUSDT,1675209600013,0.0001
ETHUSDT,1675238400000,0.0001
ETHUSDT,1675267200012,0.0001
ETHUSDT,1675296000004,0.0001
ETHUSDT,1675324800023,0.0001
ETHUSDT,1675353600003,0.0001
ETHUSDT,1675382400010,0.0001
ETHUSDT,1675411200000,0.0001
ETHUSDT,1675440000000,0.0001
ETHUSDT,1675468800010,0.0001
ETHUSDT,1675497600000,0.0001
ETHUSDT,1675526400000,0.0001
ETHUSDT,1675555200016,0.0001
ETHUSDT,1675584000009,0.0001
ETHUSDT,1675612800018,0.0001
ETHUSDT,1675641600001,0.0001
ETHUSDT,1675670400000,0.0001
ETHUSDT,1675699200012,0.0001
ETHUSDT,1675728000004,0.0001
ETHUSDT,1675756800011,0.0001
ETHUSDT,1675785600018,0.0001
ETHUSDT,1675814400009,0.0001
ETHUSDT,1675843200010,0.0001
ETHUSDT,1675872000000,0.0001
ETHUSDT,1675900800014,0.0001
ETHUSDT,1675929600006,0.0001
ETHUSDT,1675958400001,0.0001
ETHUSDT,1675987200012,0.0001
ETHUSDT,1676016000005,6.828e-05
ETHUSDT,1676044800020,0.0001
ETHUSDT,1676073600007,6.47e-05
ETHUSDT,1676102400002,3.345e-05
ETHUSDT,1676131200021,-2.491e-05
ETHUSDT,1676160000004,8.869e-05
ETHUSDT,1676188800000,3.225e-05
ETHUSDT,1676217600002,4.579e-05
ETHUSDT,1676246400006,2.555e-05
ETHUSDT,1676275200008,5.994e-05
ETHUSDT,1676304000002,0.0001
ETHUSDT,1676332800013,-4.54e-06
ETHUSDT,1676361600014,4.405e-05
ETHUSDT,1676390400016,5.311e-05
ETHUSDT,1676419200011,2.91e-05
ETHUSDT,1676448000000,2.81e-05
ETHUSDT,1676476800005,5.715e-05
ETHUSDT,1676505600019,0.0001
ETHUSDT,1676534400000,0.0001
ETHUSDT,1676563200001,0.00014101
ETHUSDT,1676592000003,0.0001
ETHUSDT,1676620800016,0.0001
ETHUSDT,1676649600000,0.0001
ETHUSDT,1676678400011,0.0001
ETHUSDT,1676707200000,0.0001
ETHUSDT,1676736000007,0.0001
ETHUSDT,1676764800019,0.0001
ETHUSDT,1676793600005,0.0001
ETHUSDT,1676822400003,0.0001
ETHUSDT,1676851200006,0.0001
ETHUSDT,1676880000008,0.0001
ETHUSDT,1676908800006,0.0001
ETHUSDT,1676937600001,0.0001
ETHUSDT,1676966400004,0.0001
ETHUSDT,1676995200011,0.0001
ETHUSDT,1677024000009,0.0001
ETHUSDT,1677052800010,0.0001
ETHUSDT,1677081600000,0.0001
ETHUSDT,1677110400006,7.072e-05
ETHUSDT,1677139200005,9.829e-05
ETHUSDT,1677168000002,4.374e-05
ETHUSDT,1677196800015,3.804e-05
ETHUSDT,1677225600011,6.414e-05
ETHUSDT,1677254400014,8.38e-05
ETHUSDT,1677283200015,7.921e-05
ETHUSDT,1677312000015,9.641e-05
ETHUSDT,1677340800015,5.498e-05
ETHUSDT,1677369600007,1.266e-05
ETHUSDT,1677398400012,4.684e-05
ETHUSDT,1677427200000,1.098e-05
ETHUSDT,1677456000011,0.0001
ETHUSDT,1677484800003,8.633e-05
ETHUSDT,1677513600000,6.025e-05
ETHUSDT,1677542400011,3.555e-05
ETHUSDT,1677571200018,3.626e-05
ETHUSDT,1677600000005,8.565e-05
ETHUSDT,1677628800016,3.42e-06
ETHUSDT,1677657600000,0.0001
ETHUSDT,1677686400008,0.0001
ETHUSDT,1677715200009,0.0001
ETHUSDT,1677744000013,0.0001
ETHUSDT,1677772800000,7.746e-05
ETHUSDT,1677801600000,3.967e-05
ETHUSDT,1677830400013,-9.17e-06
ETHUSDT,1677859200000,2.284e-05
ETHUSDT,1677888000001,8.491e-05
ETHUSDT,1677916800008,1.26e-06
ETHUSDT,1677945600012,2.121e-05
ETHUSDT,1677974400000,5.372e-05
ETHUSDT,1678003200000,3.555e-05
ETHUSDT,1678032000015,4.841e-05
ETHUSDT,1678060800007,4.583e-05
ETHUSDT,1678089600017,7.122e-05
ETHUSDT,1678118400000,3.604e-05
ETHUSDT,1678147200009,5.296e-05
ETHUSDT,1678176000016,7.563e-05
ETHUSDT,1678204800017,1.011e-05
ETHUSDT,1678233600000,8.208e-05
ETHUSDT,1678262400014,6.665e-05
ETHUSDT,1678291200021,8.786e-05
ETHUSDT,1678320000010,9.084e-05
ETHUSDT,1678348800013,7.599e-05
ETHUSDT,1678377600002,3.643e-05
ETHUSDT,1678406400000,-8.306e-05
ETHUSDT,1678435200000,-9.7e-07
ETHUSDT,1678464000005,-5.12e-06
ETHUSDT,1678492800011,2.796e-05
ETHUSDT,1678521600003,-5.766e-05
ETHUSDT,1678550400011,4.677e-05
ETHUSDT,1678579200001,-1.066e-05
ETHUSDT,1678608000000,8.67e-05
ETHUSDT,1678636800005,-4.286e-05
ETHUSDT,1678665600010,0.0001
ETHUSDT,1678694400018,0.0001
ETHUSDT,1678723200003,0.0001
ETHUSDT,1678752000010,0.0001
ETHUSDT,1678780800009,0.0001
ETHUSDT,1678809600010,0.0001
ETHUSDT,1678838400011,0.00031728
ETHUSDT,1678867200000,0.00018366
ETHUSDT,1678896000012,0.0001
ETHUSDT,1678924800004,0.0001
ETHUSDT,1678953600018,0.0001
ETHUSDT,1678982400005,0.0001
ETHUSDT,1679011200017,5.964e-05
ETHUSDT,1679040000010,5.941e-05
ETHUSDT,1679068800003,0.0001
ETHUSDT,1679097600012,0.0001
ETHUSDT,1679126400000,0.0001
ETHUSDT,1679155200016,0.0001
ETHUSDT,1679184000013,0.0001
ETHUSDT,1679212800024,0.0001
ETHUSDT,1679241600000,0.0001
ETHUSDT,1679270400005,0.0001
ETHUSDT,1679299200012,0.0001
ETHUSDT,1679328000015,8.194e-05
ETHUSDT,1679356800006,7.106e-05
ETHUSDT,1679385600004,4.611e-05
ETHUSDT,1679414400003,8.99e-05
ETHUSDT,1679443200000,5.146e-05
ETHUSDT,1679472000003,1.267e-05
ETHUSDT,1679500800000,5.54e-05
ETHUSDT,1679529600016,1.123e-05
ETHUSDT,1679558400001,6.86e-05
ETHUSDT,1679587200013,0.0001
ETHUSDT,1679616000013,0.0001
ETHUSDT,1679644800012,0.0001
ETHUSDT,1679673600027,0.0001
ETHUSDT,1679702400015,1.992e-05
ETHUSDT,1679731200011,1.46e-05
ETHUSDT,1679760000011,-7.95e-06
ETHUSDT,1679788800000,8.29e-06
ETHUSDT,1679817600015,9.97e-06
ETHUSDT,1679846400000,4.383e-05
ETHUSDT,1679875200019,1.635e-05
ETHUSDT,1679904000009,-3.85e-06
ETHUSDT,1679932800000,-1.71e-06
ETHUSDT,1679961600007,-1.478e-05
ETHUSDT,1679990400000,3.473e-05
ETHUSDT,1680019200013,6.578e-05
ETHUSDT,1680048000010,0.0001
ETHUSDT,1680076800006,7.584e-05
ETHUSDT,1680105600014,0.0001
ETHUSDT,1680134400000,5.756e-05
ETHUSDT,1680163200000,2.86e-06
ETHUSDT,1680192000006,5.025e-05
ETHUSDT,1680220800003,7.203e-05
ETHUSDT,1680249600006,6.982e-05
ETHUSDT,1680278400011,0.0001
ETHUSDT,1680307200000,0.0001
ETHUSDT,1680336000000,0.0001
ETHUSDT,1680364800018,6.306e-05
ETHUSDT,1680393600013,3.987e-05
ETHUSDT,1680422400014,5.018e-05
ETHUSDT,1680451200001,3.503e-05
ETHUSDT,1680480000000,-2.938e-05
ETHUSDT,1680508800013,-1.96e-05
ETHUSDT,1680537600011,-4.71e-06
ETHUSDT,1680566400002,6.36e-05
ETHUSDT,1680595200017,3.238e-05
ETHUSDT,1680624000008,0.0001
ETHUSDT,1680652800000,6.853e-05
ETHUSDT,1680681600016,0.0001
ETHUSDT,1680710400004,0.0001
ETHUSDT,1680739200000,5.011e-05
ETHUSDT,1680768000011,6.251e-05
ETHUSDT,1680796800000,2.17e-06
ETHUSDT,1680825600006,2.088e-05
ETHUSDT,1680854400005,7.093e-05
ETHUSDT,1680883200000,3.638e-05
ETHUSDT,1680912000000,3.725e-05
ETHUSDT,1680940800014,1.046e-05
ETHUSDT,1680969600018,2.21e-05
ETHUSDT,1680998400013,8.21e-06
ETHUSDT,1681027200024,-1.908e-05
ETHUSDT,1681056000010,3.067e-05
ETHUSDT,1681084800000,3.359e-05
ETHUSDT,1681113600010,-4.969e-05
ETHUSDT,1681142400006,2.062e-05
ETHUSDT,1681171200008,2.648e-05
ETHUSDT,1681200000007,8.648e-05
ETHUSDT,1681228800016,6.716e-05
ETHUSDT,1681257600006,1.041e-05
ETHUSDT,1681286400008,1.29e-05
ETHUSDT,1681315200014,3.624e-05
ETHUSDT,1681344000027,0.0001
ETHUSDT,1681372800010,0.0001
ETHUSDT,1681401600000,0.0001
ETHUSDT,1681430400001,0.0001
ETHUSDT,1681459200008,0.0001
ETHUSDT,1681488000007,0.0001
ETHUSDT,1681516800007,0.0001
ETHUSDT,1681545600007,0.0001
ETHUSDT,1681574400011,0.0001
ETHUSDT,1681603200014,0.0001
ETHUSDT,1681632000007,0.0001
ETHUSDT,1681660800002,0.0001
ETHUSDT,1681689600017,0.0001
ETHUSDT,1681718400006,0.0001
ETHUSDT,1681747200000,0.0001
ETHUSDT,1681776000013,0.0001
ETHUSDT,1681804800017,0.0001
ETHUSDT,1681833600000,0.0001
ETHUSDT,1681862400022,0.0001
ETHUSDT,1681891200014,0.0001
ETHUSDT,1681920000000,-1.015e-05
ETHUSDT,1681948800010,6.419e-05
ETHUSDT,1681977600012,3.2e-07
ETHUSDT,1682006400012,2.269e-05
ETHUSDT,1682035200009,8.62e-05
ETHUSDT,1682064000009,6.903e-05
ETHUSDT,1682092800003,8.488e-05
ETHUSDT,1682121600000,5.467e-05
ETHUSDT,1682150400000,-5.62e-06
ETHUSDT,1682179200016,2.848e-05
ETHUSDT,1682208000009,-6.991e-05
ETHUSDT,1682236800020,1.032e-05
ETHUSDT,1682265600007,4.969e-05
ETHUSDT,1682294400000,9.041e-05
ETHUSDT,1682323200008,1.238e-05
ETHUSDT,1682352000006,5.112e-05
ETHUSDT,1682380800014,8.411e-05
ETHUSDT,1682409600009,8.034e-05
ETHUSDT,1682438400015,6.892e-05
ETHUSDT,1682467200015,3.84e-05
ETHUSDT,1682496000013,1.253e-05
ETHUSDT,1682524800001,8.7e-05
ETHUSDT,1682553600014,-2.203e-05
ETHUSDT,1682582400008,5.85e-05
ETHUSDT,1682611200005,3.408e-05
ETHUSDT,1682640000011,8.67e-05
ETHUSDT,1682668800007,8.037e-05
ETHUSDT,1682697600006,8.463e-05
ETHUSDT,1682726400004,4.382e-05
ETHUSDT,1682755200016,7.125e-05
ETHUSDT,1682784000001,5.044e-05
ETHUSDT,1682812800008,6.303e-05
ETHUSDT,1682841600000,-2.13e-06
ETHUSDT,1682870400010,8.291e-05
ETHUSDT,1682899200004,-2.629e-05
ETHUSDT,1682928000008,2.338e-05
ETHUSDT,1682956800014,8.46e-06
ETHUSDT,1682985600015,9.917e-05
ETHUSDT,1683014400018,2.555e-05
ETHUSDT,1683043200000,8.146e-05
ETHUSDT,1683072000009,9.799e-05
ETHUSDT,1683100800003,6.273e-05
ETHUSDT,1683129600011,0.0001
ETHUSDT,1683158400000,0.0001
ETHUSDT,1683187200000,0.0001
ETHUSDT,1683216000011,9.9e-05
ETHUSDT,1683244800002,3.555e-05
ETHUSDT,1683273600000,5.68e-05
ETHUSDT,1683302400000,0.0001
ETHUSDT,1683331200009,0.0001
ETHUSDT,1683360000000,0.0001
ETHUSDT,1683388800000,6.94e-06
ETHUSDT,1683417600000,1.519e-05
ETHUSDT,1683446400000,2.257e-05
ETHUSDT,1683475200006,4.724e-05
ETHUSDT,1683504000000,5.356e-05
ETHUSDT,1683532800007,1.131e-05
ETHUSDT,1683561600015,3.803e-05
ETHUSDT,1683590400015,9.627e-05
ETHUSDT,1683619200000,0.0001
ETHUSDT,1683648000000,5.218e-05
ETHUSDT,1683676800007,2.199e-05
ETHUSDT,1683705600003,6.916e-05
ETHUSDT,1683734400000,4.334e-05
ETHUSDT,1683763200011,-3.99e-06
ETHUSDT,1683792000000,2.198e-05
ETHUSDT,1683820800005,5.429e-05
ETHUSDT,1683849600020,1.83e-05
ETHUSDT,1683878400001,4.54e-06
ETHUSDT,1683907200010,-9.17e-06
ETHUSDT,1683936000000,2.858e-05
ETHUSDT,1683964800000,2.366e-05
ETHUSDT,1683993600026,8.57e-06
ETHUSDT,1684022400029,-4.8e-06
ETHUSDT,1684051200010,5.487e-05
ETHUSDT,1684080000008,3.797e-05
ETHUSDT,1684108800006,-1.849e-05
ETHUSDT,1684137600005,-2.95e-06
ETHUSDT,1684166400008,-1.988e-05
ETHUSDT,1684195200021,-1.56e-05
ETHUSDT,1684224000000,1.255e-05
ETHUSDT,1684252800000,6.009e-05
ETHUSDT,1684281600010,8.76e-05
ETHUSDT,1684310400000,-1.53e-05
ETHUSDT,1684339200001,3.984e-05
ETHUSDT,1684368000000,7.696e-05
ETHUSDT,1684396800026,6.739e-05
ETHUSDT,1684425600019,5.135e-05
ETHUSDT,1684454400000,4.796e-05
ETHUSDT,1684483200002,2.782e-05
ETHUSDT,1684512000000,0.0001
ETHUSDT,1684540800005,7.933e-05
ETHUSDT,1684569600014,7.88e-06
ETHUSDT,1684598400020,-1.76e-06
ETHUSDT,1684627200014,4.22e-05
ETHUSDT,1684656000001,-1.59e-06
ETHUSDT,1684684800015,2.497e-05
ETHUSDT,1684713600028,2.428e-05
ETHUSDT,1684742400000,5.518e-05
ETHUSDT,1684771200012,9.003e-05
ETHUSDT,1684800000006,2.79e-05
ETHUSDT,1684828800014,0.0001
ETHUSDT,1684857600008,7.379e-05
ETHUSDT,1684886400000,9.078e-05
ETHUSDT,1684915200025,1.006e-05
ETHUSDT,1684944000008,4.917e-05
ETHUSDT,1684972800000,1.449e-05
ETHUSDT,1685001600025,1.48e-06
ETHUSDT,1685030400016,6.605e-05
ETHUSDT,1685059200000,0.0001
ETHUSDT,1685088000024,6.574e-05
ETHUSDT,1685116800012,3.794e-05
ETHUSDT,1685145600012,6.425e-05
ETHUSDT,1685174400018,4.565e-05
ETHUSDT,1685203200008,-3.23e-05
ETHUSDT,1685232000017,-1.2e-06
ETHUSDT,1685260800015,-1.086e-05
ETHUSDT,1685289600000,2.481e-05
ETHUSDT,1685318400000,0.0001
ETHUSDT,1685347200020,0.0001
ETHUSDT,1685376000011,0.0001
ETHUSDT,1685404800003,0.0001
ETHUSDT,1685433600000,0.0001
ETHUSDT,1685462400003,4.386e-05
ETHUSDT,1685491200013,7.951e-05
ETHUSDT,1685520000000,5.35e-06
ETHUSDT,1685548800000,4.873e-05
ETHUSDT,1685577600008,6.731e-05
ETHUSDT,1685606400012,9.125e-05
ETHUSDT,1685635200000,0.0001
ETHUSDT,1685664000000,4.67e-05
ETHUSDT,1685692800006,0.0001
ETHUSDT,1685721600012,8.252e-05
ETHUSDT,1685750400000,0.0001
ETHUSDT,1685779200011,7.857e-05
ETHUSDT,1685808000003,9.5e-06
ETHUSDT,1685836800000,2.827e-05
ETHUSDT,1685865600000,4.801e-05
ETHUSDT,1685894400000,8.077e-05
ETHUSDT,1685923200005,2.94e-06
ETHUSDT,1685952000000,2.308e-05
ETHUSDT,1685980800000,7.505e-05
ETHUSDT,1686009600000,-4.896e-05
ETHUSDT,1686038400009,1.99e-06
ETHUSDT,1686067200013,8.581e-05
ETHUSDT,1686096000000,0.0001
ETHUSDT,1686124800016,0.0001
ETHUSDT,1686153600000,2.658e-05
ETHUSDT,1686182400006,6.055e-05
ETHUSDT,1686211200000,5.971e-05
ETHUSDT,1686240000000,6.27e-05
ETHUSDT,1686268800000,7.287e-05
ETHUSDT,1686297600000,9.72e-06
ETHUSDT,1686326400000,7.382e-05
ETHUSDT,1686355200000,6.01e-05
ETHUSDT,1686384000000,5.325e-05
ETHUSDT,1686412800000,1.875e-05
ETHUSDT,1686441600001,1.783e-05
ETHUSDT,1686470400000,6.332e-05
ETHUSDT,1686499200000,2.351e-05
ETHUSDT,1686528000000,7.802e-05
ETHUSDT,1686556800000,9.417e-05
ETHUSDT,1686585600001,2.839e-05
ETHUSDT,1686614400000,7.468e-05
ETHUSDT,1686643200000,4.944e-05
ETHUSDT,1686672000000,5.417e-05
ETHUSDT,1686700800000,9.312e-05
ETHUSDT,1686729600000,1.378e-05
ETHUSDT,1686758400000,2.759e-05
ETHUSDT,1686787200000,-7.479e-05
ETHUSDT,1686816000000,-8.236e-05
ETHUSDT,1686844800000,3.041e-05
ETHUSDT,1686873600000,-8.034e-05
ETHUSDT,1686902400000,-5.17e-05
ETHUSDT,1686931200000,-1.294e-05
ETHUSDT,1686960000000,6.711e-05
ETHUSDT,1686988800000,0.0001
ETHUSDT,1687017600000,-1.45e-06
ETHUSDT,1687046400000,-7.19e-06
ETHUSDT,1687075200000,-8.65e-06
ETHUSDT,1687104000000,5.296e-05
ETHUSDT,1687132800000,3.436e-05
ETHUSDT,1687161600000,5.597e-05
ETHUSDT,1687190400000,2.962e-05
ETHUSDT,1687219200001,3.35e-05
ETHUSDT,1687248000000,-2.167e-05
ETHUSDT,1687276800000,2.359e-05
ETHUSDT,1687305600000,0.0001
ETHUSDT,1687334400000,1.018e-05
ETHUSDT,1687363200000,-2.36e-06
ETHUSDT,1687392000000,0.0001
ETHUSDT,1687420800001,0.0001
ETHUSDT,1687449600000,0.0001
ETHUSDT,1687478400000,0.0001
ETHUSDT,1687507200000,0.0001
ETHUSDT,1687536000000,4.288e-05
ETHUSDT,1687564800000,0.0001
ETHUSDT,1687593600000,0.0001
ETHUSDT,1687622400000,3.414e-05
ETHUSDT,1687651200000,0.0001
ETHUSDT,1687680000000,0.0001
ETHUSDT,1687708800000,0.0001
ETHUSDT,1687737600000,0.0001
ETHUSDT,1687766400000,7.153e-05
ETHUSDT,1687795200000,7.038e-05
ETHUSDT,1687824000000,4.477e-05
ETHUSDT,1687852800000,6.237e-05
ETHUSDT,1687881600000,1.184e-05
ETHUSDT,1687910400000,0.0001
ETHUSDT,1687939200000,2.202e-05
ETHUSDT,1687968000000,3.873e-05
ETHUSDT,1687996800000,1.497e-05
ETHUSDT,1688025600000,1.188e-05
ETHUSDT,1688054400000,0.0001
ETHUSDT,1688083200000,3.965e-05
ETHUSDT,1688112000000,0.0001
ETHUSDT,1688140800001,0.0001
ETHUSDT,1688169600000,0.0001
ETHUSDT,1688198400000,0.0001
ETHUSDT,1688227200000,0.0001
ETHUSDT,1688256000000,0.0001
ETHUSDT,1688284800000,0.0001
ETHUSDT,1688313600001,0.0001
ETHUSDT,1688342400000,0.0001
ETHUSDT,1688371200000,0.0001
ETHUSDT,1688400000000,0.0001
ETHUSDT,1688428800001,0.0001
ETHUSDT,1688457600000,0.0001
ETHUSDT,1688486400000,0.0001
ETHUSDT,1688515200000,0.0001
ETHUSDT,1688544000000,0.0001
ETHUSDT,1688572800000,0.0001
ETHUSDT,1688601600000,0.0001
ETHUSDT,1688630400000,0.0001
ETHUSDT,1688659200000,2.778e-05
ETHUSDT,1688688000000,7.449e-05
ETHUSDT,1688716800000,3.362e-05
ETHUSDT,1688745600000,2.585e-05
ETHUSDT,1688774400000,3.796e-05
ETHUSDT,1688803200000,1.339e-05
ETHUSDT,1688832000000,-4.17e-06
ETHUSDT,1688860800000,3.226e-05
ETHUSDT,1688889600000,2.878e-05
ETHUSDT,1688918400000,3.18e-05
ETHUSDT,1688947200000,2.726e-05
ETHUSDT,1688976000000,4.524e-05
ETHUSDT,1689004800000,7.179e-05
ETHUSDT,1689033600000,9.527e-05
ETHUSDT,1689062400000,7.653e-05
ETHUSDT,1689091200000,2.549e-05
ETHUSDT,1689120000000,8.29e-05
ETHUSDT,1689148800000,0.0001
ETHUSDT,1689177600000,7.32e-05
ETHUSDT,1689206400000,-8.22e-06
ETHUSDT,1689235200000,5.591e-05
ETHUSDT,1689264000000,-4.55e-05
ETHUSDT,1689292800000,0.0001
ETHUSDT,1689321600000,0.0001
ETHUSDT,1689350400000,0.0001
ETHUSDT,1689379200000,-1.31e-06
ETHUSDT,1689408000000,8.11e-05
ETHUSDT,1689436800000,8.792e-05
ETHUSDT,1689465600001,5.641e-05
ETHUSDT,1689494400000,4.632e-05
ETHUSDT,1689523200000,4.081e-05
ETHUSDT,1689552000000,2.809e-05
ETHUSDT,1689580800000,2.313e-05
ETHUSDT,1689609600000,3.963e-05
ETHUSDT,1689638400000,6.696e-05
ETHUSDT,1689667200000,8.539e-05
ETHUSDT,1689696000000,7.161e-05
ETHUSDT,1689724800000,6.538e-05
ETHUSDT,1689753600000,0.0001
ETHUSDT,1689782400001,9.161e-05
ETHUSDT,1689811200000,-2.41e-06
ETHUSDT,1689840000000,9.217e-05
ETHUSDT,1689868800000,0.0001
ETHUSDT,1689897600001,1.798e-05
ETHUSDT,1689926400000,4.73e-06
ETHUSDT,1689955200000,7.376e-05
ETHUSDT,1689984000000,5.769e-05
ETHUSDT,1690012800000,-4.15e-06
ETHUSDT,1690041600000,1.649e-05
ETHUSDT,1690070400000,1.578e-05
ETHUSDT,1690099200000,3.411e-05
ETHUSDT,1690128000000,5.404e-05
ETHUSDT,1690156800000,0.0001
ETHUSDT,1690185600000,-8e-07
ETHUSDT,1690214400000,7.167e-05
ETHUSDT,1690243200000,8.389e-05
ETHUSDT,1690272000000,0.0001
ETHUSDT,1690300800000,7.49e-05
ETHUSDT,1690329600000,9.056e-05
ETHUSDT,1690358400001,6.753e-05
ETHUSDT,1690387200000,9.889e-05
ETHUSDT,1690416000000,0.0001
ETHUSDT,1690444800000,8.145e-05
ETHUSDT,1690473600001,3.967e-05
ETHUSDT,1690502400000,4.95e-05
ETHUSDT,1690531200000,5.36e-05
ETHUSDT,1690560000000,9.408e-05
ETHUSDT,1690588800000,0.0001
ETHUSDT,1690617600000,1.485e-05
ETHUSDT,1690646400001,0.0001
ETHUSDT,1690675200000,0.0001
ETHUSDT,1690704000000,1.949e-05
ETHUSDT,1690732800000,3.686e-05
ETHUSDT,1690761600000,4.9e-07
ETHUSDT,1690790400000,1.7e-06
ETHUSDT,1690819200001,4.221e-05
ETHUSDT,1690848000000,8.008e-05
ETHUSDT,1690876800000,3.03e-05
ETHUSDT,1690905600000,0.0001
ETHUSDT,1690934400000,0.0001
ETHUSDT,1690963200000,0.0001
ETHUSDT,1690992000000,0.0001
ETHUSDT,1691020800000,0.0001
ETHUSDT,1691049600000,0.0001
ETHUSDT,1691078400001,0.0001
ETHUSDT,1691107200000,0.0001
ETHUSDT,1691136000000,4.83e-05
ETHUSDT,1691164800000,0.0001
ETHUSDT,1691193600000,6.861e-05
ETHUSDT,1691222400000,9.22e-05
ETHUSDT,1691251200001,0.0001
ETHUSDT,1691280000000,0.0001
ETHUSDT,1691308800001,6.951e-05
ETHUSDT,1691337600005,4.934e-05
ETHUSDT,1691366400000,0.0001
ETHUSDT,1691395200000,9.331e-05
ETHUSDT,1691424000000,0.0001
ETHUSDT,1691452800000,6.695e-05
ETHUSDT,1691481600000,0.0001
ETHUSDT,1691510400000,4.942e-05
ETHUSDT,1691539200000,0.0001
ETHUSDT,1691568000000,1.575e-05
ETHUSDT,1691596800000,6.699e-05
ETHUSDT,1691625600001,8.799e-05
ETHUSDT,1691654400000,9.807e-05
ETHUSDT,1691683200000,8.989e-05
ETHUSDT,1691712000000,3.796e-05
ETHUSDT,1691740800000,7.02e-06
ETHUSDT,1691769600000,4.072e-05
ETHUSDT,1691798400000,6.253e-05
ETHUSDT,1691827200000,4.437e-05
ETHUSDT,1691856000000,6.868e-05
ETHUSDT,1691884800000,5.65e-05
ETHUSDT,1691913600000,3.083e-05
ETHUSDT,1691942400000,9.458e-05
ETHUSDT,1691971200001,0.0001
ETHUSDT,1692000000000,0.0001
ETHUSDT,1692028800000,9.882e-05
ETHUSDT,1692057600001,7.579e-05
ETHUSDT,1692086400000,9.894e-05
ETHUSDT,1692115200000,8.909e-05
ETHUSDT,1692144000000,7.286e-05
ETHUSDT,1692172800001,9.487e-05
ETHUSDT,1692201600000,0.0001
ETHUSDT,1692230400000,0.0001
ETHUSDT,1692259200000,7.426e-05
ETHUSDT,1692288000000,7.146e-05
ETHUSDT,1692316800000,-0.00017498
ETHUSDT,1692345600000,8.602e-05
ETHUSDT,1692374400000,2.951e-05
ETHUSDT,1692403200000,-4.58e-05
ETHUSDT,1692432000000,-7.861e-05
ETHUSDT,1692460800000,-8.349e-05
ETHUSDT,1692489600000,-0.00011445
ETHUSDT,1692518400000,-9.092e-05
ETHUSDT,1692547200000,-1.625e-05
ETHUSDT,1692576000000,-4.01e-05
ETHUSDT,1692604800000,-4.365e-05
ETHUSDT,1692633600000,5.92e-06
ETHUSDT,1692662400000,3.645e-05
ETHUSDT,1692691200000,-6.552e-05
ETHUSDT,1692720000000,-3.757e-05
ETHUSDT,1692748800000,-2.059e-05
ETHUSDT,1692777600000,-1.6e-06
ETHUSDT,1692806400000,3.34e-06
ETHUSDT,1692835200000,2.659e-05
ETHUSDT,1692864000000,-9.57e-06
ETHUSDT,1692892800000,-1.897e-05
ETHUSDT,1692921600000,-2.692e-05
ETHUSDT,1692950400000,-1.529e-05
ETHUSDT,1692979200000,4.98e-06
ETHUSDT,1693008000000,3.56e-05
ETHUSDT,1693036800000,-5.5e-07
ETHUSDT,1693065600000,-6.303e-05
ETHUSDT,1693094400000,3.99e-06
ETHUSDT,1693123200000,1.535e-05
ETHUSDT,1693152000000,2.696e-05
ETHUSDT,1693180800000,-1.76e-06
ETHUSDT,1693209600001,-4.85e-05
ETHUSDT,1693238400001,5.739e-05
ETHUSDT,1693267200000,3.145e-05
ETHUSDT,1693296000000,1.139e-05
ETHUSDT,1693324800000,-0.0001273
ETHUSDT,1693353600000,7.488e-05
ETHUSDT,1693382400000,7.249e-05
ETHUSDT,1693411200000,4.644e-05
ETHUSDT,1693440000000,3.628e-05
ETHUSDT,1693468800000,5.955e-05
ETHUSDT,1693497600000,2.375e-05
ETHUSDT,1693526400000,3.532e-05
ETHUSDT,1693555200000,-1.812e-05
ETHUSDT,1693584000001,2.457e-05
ETHUSDT,1693612800000,8.05e-06
ETHUSDT,1693641600000,-1.621e-05
ETHUSDT,1693670400000,6.05e-06
ETHUSDT,1693699200000,1.39e-05
ETHUSDT,1693728000000,-2.475e-05
ETHUSDT,1693756800000,-6.21e-06
ETHUSDT,1693785600000,-7.5e-07
ETHUSDT,1693814400000,-7.752e-05
ETHUSDT,1693843200000,9.8e-06
ETHUSDT,1693872000000,3.126e-05
ETHUSDT,1693900800000,2.9e-06
ETHUSDT,1693929600000,9.77e-06
ETHUSDT,1693958400000,2.88e-05
ETHUSDT,1693987200000,-3.144e-05
ETHUSDT,1694016000001,5.701e-05
ETHUSDT,1694044800000,4.502e-05
ETHUSDT,1694073600000,7.831e-05
ETHUSDT,1694102400000,4.354e-05
ETHUSDT,1694131200000,5.596e-05
ETHUSDT,1694160000000,2.685e-05
ETHUSDT,1694188800000,2.497e-05
ETHUSDT,1694217600000,5.008e-05
ETHUSDT,1694246400000,2.832e-05
ETHUSDT,1694275200000,4.629e-05
ETHUSDT,1694304000000,3.947e-05
ETHUSDT,1694332800000,1.527e-05
ETHUSDT,1694361600000,7.75e-06
ETHUSDT,1694390400000,4.838e-05
ETHUSDT,1694419200000,5.747e-05
ETHUSDT,1694448000001,-6.25e-06
ETHUSDT,1694476800000,-4.991e-05
ETHUSDT,1694505600000,-2.671e-05
ETHUSDT,1694534400000,-1.44e-06
ETHUSDT,1694563200000,2.004e-05
ETHUSDT,1694592000000,-3.26e-05
ETHUSDT,1694620800000,3.87e-05
ETHUSDT,1694649600000,-3.64e-05
ETHUSDT,1694678400001,3.172e-05
ETHUSDT,1694707200000,-5.6e-06
ETHUSDT,1694736000000,7.26e-06
ETHUSDT,1694764800000,-2.473e-05
ETHUSDT,1694793600000,3.877e-05
ETHUSDT,1694822400000,0.0001
ETHUSDT,1694851200000,9.3e-06
ETHUSDT,1694880000000,2.24e-06
ETHUSDT,1694908800000,2.272e-05
ETHUSDT,1694937600000,-9.41e-06
ETHUSDT,1694966400000,4.182e-05
ETHUSDT,1694995200000,6.22e-06
ETHUSDT,1695024000000,1.365e-05
ETHUSDT,1695052800000,2.976e-05
ETHUSDT,1695081600000,-1.298e-05
ETHUSDT,1695110400001,-1.248e-05
ETHUSDT,1695139200000,1.153e-05
ETHUSDT,1695168000000,4.614e-05
ETHUSDT,1695196800000,2.387e-05
ETHUSDT,1695225600000,2.909e-05
ETHUSDT,1695254400001,3.804e-05
ETHUSDT,1695283200000,7.655e-05
ETHUSDT,1695312000000,-6.38e-06
ETHUSDT,1695340800000,2.241e-05
ETHUSDT,1695369600000,2.865e-05
ETHUSDT,1695398400000,3.523e-05
ETHUSDT,1695427200000,2.817e-05
ETHUSDT,1695456000000,2.963e-05
ETHUSDT,1695484800000,2.321e-05
ETHUSDT,1695513600000,2.991e-05
ETHUSDT,1695542400000,-5.58e-06
ETHUSDT,1695571200000,4.671e-05
ETHUSDT,1695600000000,2.857e-05
ETHUSDT,1695628800000,4.305e-05
ETHUSDT,1695657600000,5.13e-05
ETHUSDT,1695686400000,6.471e-05
ETHUSDT,1695715200000,1.558e-05
ETHUSDT,1695744000000,5.673e-05
ETHUSDT,1695772800000,0.0001
ETHUSDT,1695801600001,6.67e-06
ETHUSDT,1695830400000,4.982e-05
ETHUSDT,1695859200000,8.17e-06
ETHUSDT,1695888000000,4.301e-05
ETHUSDT,1695916800000,2.239e-05
ETHUSDT,1695945600000,-3.93e-06
ETHUSDT,1695974400000,4.429e-05
ETHUSDT,1696003200000,1.2e-07
ETHUSDT,1696032000000,9.07e-06
ETHUSDT,1696060800000,-2.413e-05
ETHUSDT,1696089600000,1.168e-05
ETHUSDT,1696118400000,-1.276e-05
ETHUSDT,1696147200000,8.22e-06
ETHUSDT,1696176000000,3.599e-05
ETHUSDT,1696204800000,0.0001
ETHUSDT,1696233600000,6.308e-05
ETHUSDT,1696262400000,6.372e-05
ETHUSDT,1696291200000,3.9e-07
ETHUSDT,1696320000000,1.728e-05
ETHUSDT,1696348800000,7.087e-05
ETHUSDT,1696377600000,4.62e-05
ETHUSDT,1696406400000,7.38e-06
ETHUSDT,1696435200000,2.618e-05
ETHUSDT,1696464000000,2.065e-05
ETHUSDT,1696492800000,2.685e-05
ETHUSDT,1696521600001,2.072e-05
ETHUSDT,1696550400000,0.0001
ETHUSDT,1696579200000,8.473e-05
ETHUSDT,1696608000000,5.905e-05
ETHUSDT,1696636800000,8.468e-05
ETHUSDT,1696665600000,3.736e-05
ETHUSDT,1696694400000,3.615e-05
ETHUSDT,1696723200000,9.048e-05
ETHUSDT,1696752000001,9.246e-05
ETHUSDT,1696780800000,9.791e-05
ETHUSDT,1696809600000,0.0001
ETHUSDT,1696838400000,6.572e-05
ETHUSDT,1696867200000,3.935e-05
ETHUSDT,1696896000000,6.268e-05
ETHUSDT,1696924800000,8.857e-05
ETHUSDT,1696953600000,5.511e-05
ETHUSDT,1696982400000,2.257e-05
ETHUSDT,1697011200000,5.392e-05
ETHUSDT,1697040000000,4.725e-05
ETHUSDT,1697068800000,4.026e-05
ETHUSDT,1697097600000,2.69e-05
ETHUSDT,1697126400000,7.112e-05
ETHUSDT,1697155200000,3.69e-05
ETHUSDT,1697184000000,3.476e-05
ETHUSDT,1697212800000,2.693e-05
ETHUSDT,1697241600000,1.068e-05
ETHUSDT,1697270400000,3.108e-05
ETHUSDT,1697299200000,6.65e-05
ETHUSDT,1697328000000,7.083e-05
ETHUSDT,1697356800000,5.253e-05
ETHUSDT,1697385600000,2.062e-05
ETHUSDT,1697414400000,5.18e-05
ETHUSDT,1697443200000,4.393e-05
ETHUSDT,1697472000000,8.412e-05
ETHUSDT,1697500800000,1.957e-05
ETHUSDT,1697529600000,2.557e-05
ETHUSDT,1697558400000,6.742e-05
ETHUSDT,1697587200000,5.947e-05
ETHUSDT,1697616000000,1.385e-05
ETHUSDT,1697644800000,6.495e-05
ETHUSDT,1697673600000,4.251e-05
ETHUSDT,1697702400001,2.988e-05
ETHUSDT,1697731200000,5.842e-05
ETHUSDT,1697760000000,3.868e-05
ETHUSDT,1697788800005,5.912e-05
ETHUSDT,1697817600000,7.072e-05
ETHUSDT,1697846400000,4.902e-05
ETHUSDT,1697875200000,1.735e-05
ETHUSDT,1697904000000,3.771e-05
ETHUSDT,1697932800000,7.554e-05
ETHUSDT,1697961600000,2.649e-05
ETHUSDT,1697990400000,6.03e-06
ETHUSDT,1698019200000,9.262e-05
ETHUSDT,1698048000001,1.593e-05
ETHUSDT,1698076800001,1.883e-05
ETHUSDT,1698105600000,0.0001
ETHUSDT,1698134400000,0.0001
ETHUSDT,1698163200000,0.0001
ETHUSDT,1698192000000,0.0001
ETHUSDT,1698220800000,0.0001
ETHUSDT,1698249600001,0.0001
ETHUSDT,1698278400001,0.0001
ETHUSDT,1698307200000,0.0001
ETHUSDT,1698336000000,0.0001
ETHUSDT,1698364800000,0.0001
ETHUSDT,1698393600000,0.0001
ETHUSDT,1698422400000,0.0001
ETHUSDT,1698451200000,0.0001
ETHUSDT,1698480000001,0.0001
ETHUSDT,1698508800000,0.0001
ETHUSDT,1698537600000,0.0001
ETHUSDT,1698566400000,0.0001
ETHUSDT,1698595200000,0.0001
ETHUSDT,1698624000000,0.0001
ETHUSDT,1698652800000,0.0001
ETHUSDT,1698681600000,0.0001
ETHUSDT,1698710400001,0.0001
ETHUSDT,1698739200000,0.0001
ETHUSDT,1698768000000,0.0001
ETHUSDT,1698796800000,0.0001
ETHUSDT,1698825600000,0.0001
ETHUSDT,1698854400000,0.0001
ETHUSDT,1698883200001,0.00026784
ETHUSDT,1698912000000,0.00020558
ETHUSDT,1698940800000,0.0001
ETHUSDT,1698969600000,0.0001
ETHUSDT,1698998400000,0.0001
ETHUSDT,1699027200000,0.0001
ETHUSDT,1699056000000,0.0001
ETHUSDT,1699084800000,0.0001
ETHUSDT,1699113600000,0.0001
ETHUSDT,1699142400000,0.0001
ETHUSDT,1699171200000,0.0001
ETHUSDT,1699200000000,0.0001
ETHUSDT,1699228800000,0.0001
ETHUSDT,1699257600001,0.0001
ETHUSDT,1699286400000,0.0001
ETHUSDT,1699315200001,0.0001
ETHUSDT,1699344000000,0.0001
ETHUSDT,1699372800000,0.0001
ETHUSDT,1699401600000,0.0001
ETHUSDT,1699430400000,0.0001
ETHUSDT,1699459200000,0.0001
ETHUSDT,1699488000000,0.0001
ETHUSDT,1699516800000,0.0001
ETHUSDT,1699545600000,0.00071131
ETHUSDT,1699574400000,0.00027525
ETHUSDT,1699603200000,0.00041432
ETHUSDT,1699632000000,0.00012656
ETHUSDT,1699660800000,0.00013604
ETHUSDT,1699689600000,0.00013371
ETHUSDT,1699718400000,0.00027449
ETHUSDT,1699747200000,0.00016325
ETHUSDT,1699776000000,0.0001
ETHUSDT,1699804800001,0.00024299
ETHUSDT,1699833600000,0.0003299
ETHUSDT,1699862400000,0.00022787
ETHUSDT,1699891200000,0.00022833
ETHUSDT,1699920000000,0.00018828
ETHUSDT,1699948800000,0.00013623
ETHUSDT,1699977600001,0.0001
ETHUSDT,1700006400000,0.0001
ETHUSDT,1700035200000,0.0001
ETHUSDT,1700064000000,0.0001
ETHUSDT,1700092800000,0.0001
ETHUSDT,1700121600000,0.0001
ETHUSDT,1700150400001,0.0001
ETHUSDT,1700179200000,0.0001
ETHUSDT,1700208000001,0.0001
ETHUSDT,1700236800001,0.0001
ETHUSDT,1700265600000,0.0001
ETHUSDT,1700294400000,0.0001
ETHUSDT,1700323200000,0.0001
ETHUSDT,1700352000000,0.0001
ETHUSDT,1700380800000,0.0001
ETHUSDT,1700409600000,0.0001
ETHUSDT,1700438400000,0.0001
ETHUSDT,1700467200000,0.0001
ETHUSDT,1700496000000,0.0001
ETHUSDT,1700524800000,0.0001
ETHUSDT,1700553600000,0.0001
ETHUSDT,1700582400000,0.0001
ETHUSDT,1700611200000,0.0001
ETHUSDT,1700640000000,0.0001
ETHUSDT,1700668800000,0.0001
ETHUSDT,1700697600000,0.0001
ETHUSDT,1700726400000,0.0001
ETHUSDT,1700755200001,0.0001
ETHUSDT,1700784000000,0.0001
ETHUSDT,1700812800000,0.0001
ETHUSDT,1700841600000,0.0001
ETHUSDT,1700870400000,0.0001
ETHUSDT,1700899200000,0.0001
ETHUSDT,1700928000000,0.0001
ETHUSDT,1700956800000,0.0001
ETHUSDT,1700985600000,0.0001
ETHUSDT,1701014400000,0.0001
ETHUSDT,1701043200000,0.0001
ETHUSDT,1701072000001,0.0001
ETHUSDT,1701100800000,0.0001
ETHUSDT,1701129600000,0.0001
ETHUSDT,1701158400000,0.0001
ETHUSDT,1701187200000,0.0001
ETHUSDT,1701216000001,0.0001
ETHUSDT,1701244800000,0.0001
ETHUSDT,1701273600000,0.0001
ETHUSDT,1701302400000,0.0001
ETHUSDT,1701331200000,0.0001
ETHUSDT,1701360000000,0.0001
ETHUSDT,1701388800000,0.0001
ETHUSDT,1701417600000,0.0001
ETHUSDT,1701446400000,0.0001
ETHUSDT,1701475200000,0.0001
ETHUSDT,1701504000000,0.0001
ETHUSDT,1701532800000,0.0001
ETHUSDT,1701561600000,0.0001
ETHUSDT,1701590400000,0.0001
ETHUSDT,1701619200000,0.0001
ETHUSDT,1701648000000,0.0001
ETHUSDT,1701676800000,0.0001
ETHUSDT,1701705600000,0.0001
ETHUSDT,1701734400000,0.0001
ETHUSDT,1701763200000,0.0001
ETHUSDT,1701792000000,0.0001
ETHUSDT,1701820800000,0.0001
ETHUSDT,1701849600000,0.0001
ETHUSDT,1701878400000,0.0001
ETHUSDT,1701907200000,0.0001
ETHUSDT,1701936000000,0.0001
ETHUSDT,1701964800000,0.0001
ETHUSDT,1701993600000,0.00022693
ETHUSDT,1702022400000,0.00012399
ETHUSDT,1702051200000,0.00010417
ETHUSDT,1702080000000,0.00022528
ETHUSDT,1702108800000,0.00031293
ETHUSDT,1702137600000,0.00033485
ETHUSDT,1702166400000,0.00016658
ETHUSDT,1702195200000,0.00015944
ETHUSDT,1702224000000,0.00022842
ETHUSDT,1702252800000,0.00024112
ETHUSDT,1702281600000,0.0001
ETHUSDT,1702310400000,0.0001
ETHUSDT,1702339200000,0.0001
ETHUSDT,1702368000000,0.0001
ETHUSDT,1702396800000,0.0001
ETHUSDT,1702425600000,0.00012813
ETHUSDT,1702454400000,0.00015058
ETHUSDT,1702483200001,0.00010581
ETHUSDT,1702512000000,0.0001
ETHUSDT,1702540800000,0.0001
ETHUSDT,1702569600000,0.0001
ETHUSDT,1702598400000,0.0001
ETHUSDT,1702627200000,0.0001
ETHUSDT,1702656000000,0.00010419
ETHUSDT,1702684800000,0.0001
ETHUSDT,1702713600000,0.0001
ETHUSDT,1702742400001,0.0001
ETHUSDT,1702771200000,0.0001
ETHUSDT,1702800000000,0.0001
ETHUSDT,1702828800000,0.00011402
ETHUSDT,1702857600000,0.00015083
ETHUSDT,1702886400001,0.0001
ETHUSDT,1702915200000,0.0001
ETHUSDT,1702944000000,0.0001
ETHUSDT,1702972800000,0.0001
ETHUSDT,1703001600000,0.0001
ETHUSDT,1703030400000,0.0001
ETHUSDT,1703059200000,0.0001
ETHUSDT,1703088000000,0.00023154
ETHUSDT,1703116800000,0.00026163
ETHUSDT,1703145600000,0.0002655
ETHUSDT,1703174400000,0.00042074
ETHUSDT,1703203200000,0.00044152
ETHUSDT,1703232000000,0.00043341
ETHUSDT,1703260800000,0.00051141
ETHUSDT,1703289600000,0.0001854
ETHUSDT,1703318400001,0.00012586
ETHUSDT,1703347200000,0.00017945
ETHUSDT,1703376000000,0.00013318
ETHUSDT,1703404800000,0.00021857
ETHUSDT,1703433600000,0.00019769
ETHUSDT,1703462400000,0.00013827
ETHUSDT,1703491200000,0.00021479
ETHUSDT,1703520000000,0.0004388
ETHUSDT,1703548800000,0.00050051
ETHUSDT,1703577600000,0.00029501
ETHUSDT,1703606400000,0.00036888
ETHUSDT,1703635200000,0.0003153
ETHUSDT,1703664000000,0.00040955
ETHUSDT,1703692800000,0.00049072
ETHUSDT,1703721600000,0.00027263
ETHUSDT,1703750400000,0.00057135
ETHUSDT,1703779200000,0.00049862
ETHUSDT,1703808000001,0.00044508
ETHUSDT,1703836800000,0.00049499
ETHUSDT,1703865600000,0.00047123
ETHUSDT,1703894400001,0.00027255
ETHUSDT,1703923200000,0.00031443
ETHUSDT,1703952000000,0.00026513
ETHUSDT,1703980800000,0.00021714
ETHUSDT,1704009600001,0.00027824
ETHUSDT,1704038400000,0.00031621
ETHUSDT,1704067200000,0.00027858
ETHUSDT,1704096000000,0.00031096
ETHUSDT,1704124800000,0.00043011
ETHUSDT,1704153600000,0.00053505
ETHUSDT,1704182400000,0.0005124
ETHUSDT,1704211200000,0.00063801
ETHUSDT,1704240000000,0.00028538
ETHUSDT,1704268800000,0.00024384
ETHUSDT,1704297600000,0.0001
ETHUSDT,1704326400000,0.0001
ETHUSDT,1704355200000,0.0001
ETHUSDT,1704384000000,0.0001
ETHUSDT,1704412800001,0.0001
ETHUSDT,1704441600000,0.0001
ETHUSDT,1704470400000,0.0001
ETHUSDT,1704499200000,0.0001
ETHUSDT,1704528000000,0.0001
ETHUSDT,1704556800000,0.0001
ETHUSDT,1704585600000,0.0001
ETHUSDT,1704614400001,0.0001
ETHUSDT,1704643200001,0.0001
ETHUSDT,1704672000000,0.0001
ETHUSDT,1704700800000,0.0001
ETHUSDT,1704729600000,0.0001
ETHUSDT,1704758400001,0.0001
ETHUSDT,1704787200000,0.0001
ETHUSDT,1704816000000,0.0001
ETHUSDT,1704844800000,0.0001
ETHUSDT,1704873600000,0.0001
ETHUSDT,1704902400000,0.0001
ETHUSDT,1704931200000,0.0001
ETHUSDT,1704960000000,0.0001
ETHUSDT,1704988800000,0.0001
ETHUSDT,1705017600001,0.0001
ETHUSDT,1705046400000,0.0001
ETHUSDT,1705075200000,0.0001
ETHUSDT,1705104000000,0.0001
ETHUSDT,1705132800000,0.0001
ETHUSDT,1705161600001,0.0001
ETHUSDT,1705190400000,0.0001
ETHUSDT,1705219200000,0.0001
ETHUSDT,1705248000001,0.0001
ETHUSDT,1705276800000,0.0001
ETHUSDT,1705305600000,0.0001
ETHUSDT,1705334400000,0.0001
ETHUSDT,1705363200000,0.0001
ETHUSDT,1705392000000,0.0001
ETHUSDT,1705420800001,0.0001
ETHUSDT,1705449600000,0.0001
ETHUSDT,1705478400000,0.0001
ETHUSDT,1705507200000,0.0001
ETHUSDT,1705536000001,0.0001
ETHUSDT,1705564800000,0.0001
ETHUSDT,1705593600000,0.0001
ETHUSDT,1705622400000,0.0001
ETHUSDT,1705651200000,0.0001
ETHUSDT,1705680000002,0.0001
ETHUSDT,1705708800000,0.0001
ETHUSDT,1705737600003,0.0001
ETHUSDT,1705766400000,0.0001
ETHUSDT,1705795200000,0.0001
ETHUSDT,1705824000000,0.0001
ETHUSDT,1705852800000,0.0001
ETHUSDT,1705881600000,0.0001
ETHUSDT,1705910400000,0.0001
ETHUSDT,1705939200000,0.0001
ETHUSDT,1705968000000,0.0001
ETHUSDT,1705996800000,0.0001
ETHUSDT,1706025600000,0.0001
ETHUSDT,1706054400000,0.0001
ETHUSDT,1706083200000,0.0001
ETHUSDT,1706112000000,0.0001
ETHUSDT,1706140800000,0.0001
ETHUSDT,1706169600001,0.0001
ETHUSDT,1706198400000,0.0001
ETHUSDT,1706227200001,0.0001
ETHUSDT,1706256000000,0.0001
ETHUSDT,1706284800000,0.0001
ETHUSDT,1706313600000,6.877e-05
ETHUSDT,1706342400000,0.0001
ETHUSDT,1706371200000,0.0001
ETHUSDT,1706400000000,6.557e-05
ETHUSDT,1706428800000,6.135e-05
ETHUSDT,1706457600000,8.266e-05
ETHUSDT,1706486400000,0.0001
ETHUSDT,1706515200001,0.0001
ETHUSDT,1706544000000,0.0001
ETHUSDT,1706572800000,0.0001
ETHUSDT,1706601600000,6.195e-05
ETHUSDT,1706630400001,0.0001
ETHUSDT,1706659200000,0.0001
ETHUSDT,1706688000000,0.0001
ETHUSDT,1706716800000,0.0001
ETHUSDT,1706745600000,5.527e-05
ETHUSDT,1706774400000,7.871e-05
ETHUSDT,1706803200002,0.0001
ETHUSDT,1706832000000,0.0001
ETHUSDT,1706860800000,3.678e-05
ETHUSDT,1706889600000,0.0001
ETHUSDT,1706918400000,8.15e-05
ETHUSDT,1706947200000,0.0001
ETHUSDT,1706976000001,4.476e-05
ETHUSDT,1707004800000,3.18e-05
ETHUSDT,1707033600004,9.094e-05
ETHUSDT,1707062400000,0.0001
ETHUSDT,1707091200000,0.0001
ETHUSDT,1707120000000,0.0001
ETHUSDT,1707148800000,0.0001
ETHUSDT,1707177600000,5.691e-05
ETHUSDT,1707206400001,0.0001
ETHUSDT,1707235200000,0.0001
ETHUSDT,1707264000000,7.659e-05
ETHUSDT,1707292800000,4.883e-05
ETHUSDT,1707321600000,4.309e-05
ETHUSDT,1707350400000,0.0001
ETHUSDT,1707379200000,7.523e-05
ETHUSDT,1707408000000,9.802e-05
ETHUSDT,1707436800000,7.752e-05
ETHUSDT,1707465600000,0.0001
ETHUSDT,1707494400001,0.0001
ETHUSDT,1707523200001,7.838e-05
ETHUSDT,1707552000000,9.615e-05
ETHUSDT,1707580800000,9.995e-05
ETHUSDT,1707609600000,0.0001
ETHUSDT,1707638400001,0.0001
ETHUSDT,1707667200000,4.792e-05
ETHUSDT,1707696000000,5.076e-05
ETHUSDT,1707724800000,9.971e-05
ETHUSDT,1707753600000,0.0001
ETHUSDT,1707782400000,0.0001
ETHUSDT,1707811200000,0.0001
ETHUSDT,1707840000000,0.0001
ETHUSDT,1707868800000,0.0001
ETHUSDT,1707897600000,0.0001
ETHUSDT,1707926400000,0.00013082
ETHUSDT,1707955200000,0.0001
ETHUSDT,1707984000000,0.00012136
ETHUSDT,1708012800000,0.00015412
ETHUSDT,1708041600000,0.00011125
ETHUSDT,1708070400000,0.00011597
ETHUSDT,1708099200000,0.0001
ETHUSDT,1708128000000,0.0001
ETHUSDT,1708156800000,0.0001
ETHUSDT,1708185600000,0.00013519
ETHUSDT,1708214400000,0.0001
ETHUSDT,1708243200000,0.0001114
ETHUSDT,1708272000000,0.0001
ETHUSDT,1708300800000,0.0001
ETHUSDT,1708329600000,0.0001
ETHUSDT,1708358400000,0.0001
ETHUSDT,1708387200000,0.000265
ETHUSDT,1708416000000,0.0001
ETHUSDT,1708444800000,0.00025431
ETHUSDT,1708473600000,0.00020319
ETHUSDT,1708502400000,0.00011802
ETHUSDT,1708531200000,0.0001
ETHUSDT,1708560000001,0.0001
ETHUSDT,1708588800001,0.0001
ETHUSDT,1708617600000,0.0001
ETHUSDT,1708646400000,0.0001
ETHUSDT,1708675200000,0.0001
ETHUSDT,1708704000000,0.0001
ETHUSDT,1708732800000,0.0001
ETHUSDT,1708761600001,0.0001
ETHUSDT,1708790400000,0.0001
ETHUSDT,1708819200001,0.0001
ETHUSDT,1708848000000,0.00025856
ETHUSDT,1708876800000,0.0002111
ETHUSDT,1708905600000,0.00059496
ETHUSDT,1708934400000,0.00018258
ETHUSDT,1708963200000,0.00020172
ETHUSDT,1708992000000,0.00028561
ETHUSDT,1709020800000,0.00066751
ETHUSDT,1709049600000,0.00029666
ETHUSDT,1709078400000,0.00033546
ETHUSDT,1709107200000,0.00032021
ETHUSDT,1709136000000,0.00043581
ETHUSDT,1709164800000,0.00062574
ETHUSDT,1709193600000,0.00073381
ETHUSDT,1709222400000,0.00075727
ETHUSDT,1709251200000,0.0005304
ETHUSDT,1709280000000,0.00039096
ETHUSDT,1709308800000,0.00052446
ETHUSDT,1709337600000,0.00048856
ETHUSDT,1709366400001,0.00057488
ETHUSDT,1709395200000,0.00055344
ETHUSDT,1709424000000,0.00039105
ETHUSDT,1709452800000,0.00038668
ETHUSDT,1709481600000,0.00037021
ETHUSDT,1709510400000,0.00041907
ETHUSDT,1709539200000,0.00028996
ETHUSDT,1709568000000,0.00050061
ETHUSDT,1709596800000,0.00038776
ETHUSDT,1709625600000,0.00101724
ETHUSDT,1709654400000,0.00082409
ETHUSDT,1709683200000,0.0002058
ETHUSDT,1709712000001,0.00038362
ETHUSDT,1709740800000,0.00040511
ETHUSDT,1709769600000,0.00035699
ETHUSDT,1709798400000,0.00039169
ETHUSDT,1709827200000,0.00044218
ETHUSDT,1709856000000,0.00042931
ETHUSDT,1709884800000,0.00057985
ETHUSDT,1709913600000,0.00048823
ETHUSDT,1709942400000,0.00033201
ETHUSDT,1709971200001,0.0003653
ETHUSDT,1710000000000,0.00035498
ETHUSDT,1710028800000,0.00034688
ETHUSDT,1710057600000,0.00049375
ETHUSDT,1710086400000,0.00029818
ETHUSDT,1710115200000,0.00029368
ETHUSDT,1710144000000,0.00067235
ETHUSDT,1710172800000,0.00064296
ETHUSDT,1710201600000,0.00068106
ETHUSDT,1710230400000,0.00037542
ETHUSDT,1710259200000,0.00048306
ETHUSDT,1710288000000,0.00046983
ETHUSDT,1710316800001,0.00060121
ETHUSDT,1710345600000,0.00044242
ETHUSDT,1710374400001,0.00040995
ETHUSDT,1710403200000,0.00050365
ETHUSDT,1710432000000,0.00035217
ETHUSDT,1710460800000,0.00040271
ETHUSDT,1710489600000,0.00023171
ETHUSDT,1710518400000,0.00033557
ETHUSDT,1710547200000,0.00018856
ETHUSDT,1710576000000,0.0002749
ETHUSDT,1710604800000,0.00028914
ETHUSDT,1710633600000,0.00013396
ETHUSDT,1710662400000,0.00011824
ETHUSDT,1710691200000,0.00030376
ETHUSDT,1710720000000,0.00017304
ETHUSDT,1710748800000,0.00026393
ETHUSDT,1710777600001,0.00029608
ETHUSDT,1710806400000,0.00028148
ETHUSDT,1710835200000,0.00023311
ETHUSDT,1710864000001,0.00013469
ETHUSDT,1710892800000,0.00016096
ETHUSDT,1710921600004,0.0001
ETHUSDT,1710950400000,0.0001
ETHUSDT,1710979200000,0.00019507
ETHUSDT,1711008000000,0.00013771
ETHUSDT,1711036800000,0.00017743
ETHUSDT,1711065600000,0.00022775
ETHUSDT,1711094400000,0.00023317
ETHUSDT,1711123200000,0.00016092
ETHUSDT,1711152000000,0.00010552
ETHUSDT,1711180800000,0.00012459
ETHUSDT,1711209600000,0.00013906
ETHUSDT,1711238400000,0.00012767
ETHUSDT,1711267200000,0.00017907
ETHUSDT,1711296000000,0.00017171
ETHUSDT,1711324800000,0.00020242
ETHUSDT,1711353600001,0.00011009
ETHUSDT,1711382400000,0.00022958
ETHUSDT,1711411200000,0.00039028
ETHUSDT,1711440000000,0.00018
ETHUSDT,1711468800000,0.00026242
ETHUSDT,1711497600000,0.00024667
ETHUSDT,1711526400001,0.00021635
ETHUSDT,1711555200000,0.00035332
ETHUSDT,1711584000000,0.00038952
ETHUSDT,1711612800000,0.00035672
ETHUSDT,1711641600000,0.00036879
ETHUSDT,1711670400000,0.00034117
ETHUSDT,1711699200000,0.00030332
ETHUSDT,1711728000000,0.00037327
ETHUSDT,1711756800000,0.00024188
ETHUSDT,1711785600000,0.00024854
ETHUSDT,1711814400000,0.00045204
ETHUSDT,1711843200000,0.00026461
ETHUSDT,1711872000000,0.00065366
ETHUSDT,1711900800001,0.00058292
ETHUSDT,1711929600000,0.00060909
ETHUSDT,1711958400000,0.00035798
ETHUSDT,1711987200000,0.00019362
ETHUSDT,1712016000007,0.00015034
ETHUSDT,1712044800015,0.0001
ETHUSDT,1712073600000,0.00012642
ETHUSDT,1712102400000,0.0001
ETHUSDT,1712131200000,0.0001
ETHUSDT,1712160000000,0.0001
ETHUSDT,1712188800000,0.0001
ETHUSDT,1712217600000,0.0001
ETHUSDT,1712246400000,0.0001
ETHUSDT,1712275200000,0.0001
ETHUSDT,1712304000000,0.0001
ETHUSDT,1712332800000,0.0001
ETHUSDT,1712361600000,0.00016732
ETHUSDT,1712390400000,0.0001
ETHUSDT,1712419200000,0.0001
ETHUSDT,1712448000000,0.0001
ETHUSDT,1712476800000,0.0001
ETHUSDT,1712505600000,0.0001
ETHUSDT,1712534400001,0.0001
ETHUSDT,1712563200000,0.0001
ETHUSDT,1712592000006,0.00031896
ETHUSDT,1712620800000,0.00024848
ETHUSDT,1712649600001,0.00010159
ETHUSDT,1712678400001,0.00015222
ETHUSDT,1712707200000,0.00018733
ETHUSDT,1712736000001,0.00015363
ETHUSDT,1712764800000,0.00013253
ETHUSDT,1712793600000,0.0001
ETHUSDT,1712822400000,0.00015483
ETHUSDT,1712851200000,0.0001
ETHUSDT,1712880000000,0.0001
ETHUSDT,1712908800001,0.0001
ETHUSDT,1712937600000,0.0001
ETHUSDT,1712966400000,0.0001
ETHUSDT,1712995200000,0.0001
ETHUSDT,1713024000001,0.0001
ETHUSDT,1713052800000,0.0001
ETHUSDT,1713081600000,0.0001
ETHUSDT,1713110400000,0.0001
ETHUSDT,1713139200000,0.0001
ETHUSDT,1713168000001,5.422e-05
ETHUSDT,1713196800000,8.871e-05
ETHUSDT,1713225600001,7.898e-05
ETHUSDT,1713254400000,8.536e-05
ETHUSDT,1713283200000,5.787e-05
ETHUSDT,1713312000000,9.805e-05
ETHUSDT,1713340800000,5.11e-06
ETHUSDT,1713369600000,4.92e-06
ETHUSDT,1713398400000,3.509e-05
ETHUSDT,1713427200000,2.246e-05
ETHUSDT,1713456000000,6.353e-05
ETHUSDT,1713484800001,3.973e-05
ETHUSDT,1713513600000,8.503e-05
ETHUSDT,1713542400000,5.417e-05
ETHUSDT,1713571200000,0.0001
ETHUSDT,1713600000000,2.386e-05
ETHUSDT,1713628800000,5.114e-05
ETHUSDT,1713657600000,5.559e-05
ETHUSDT,1713686400000,-6.27e-06
ETHUSDT,1713715200000,4.395e-05
ETHUSDT,1713744000000,3.417e-05
ETHUSDT,1713772800000,4.908e-05
ETHUSDT,1713801600000,-1.974e-05
ETHUSDT,1713830400000,6.74e-06
ETHUSDT,1713859200000,1.147e-05
ETHUSDT,1713888000001,6.979e-05
ETHUSDT,1713916800000,4.713e-05
ETHUSDT,1713945600000,1.937e-05
ETHUSDT,1713974400000,4.804e-05
ETHUSDT,1714003200000,4.66e-06
ETHUSDT,1714032000000,1.706e-05
ETHUSDT,1714060800010,0.0001
ETHUSDT,1714089600001,1.631e-05
ETHUSDT,1714118400000,3.847e-05
ETHUSDT,1714147200000,4.582e-05
ETHUSDT,1714176000000,0.0001
ETHUSDT,1714204800001,7.026e-05
ETHUSDT,1714233600000,2.355e-05
ETHUSDT,1714262400000,9.322e-05
ETHUSDT,1714291200000,8.3e-05
ETHUSDT,1714320000000,8.272e-05
ETHUSDT,1714348800000,8.816e-05
ETHUSDT,1714377600000,0.0001
ETHUSDT,1714406400000,5.981e-05
ETHUSDT,1714435200000,7.518e-05
ETHUSDT,1714464000000,7.389e-05
ETHUSDT,1714492800000,3.887e-05
ETHUSDT,1714521600000,1.865e-05
ETHUSDT,1714550400000,4.89e-05
ETHUSDT,1714579200000,7.347e-05
ETHUSDT,1714608000000,-8.6e-07
ETHUSDT,1714636800000,9.579e-05
ETHUSDT,1714665600002,7.757e-05
ETHUSDT,1714694400000,4.044e-05
ETHUSDT,1714723200000,2.157e-05
ETHUSDT,1714752000000,3.457e-05
ETHUSDT,1714780800000,4.29e-05
ETHUSDT,1714809600000,8.465e-05
ETHUSDT,1714838400000,7.001e-05
ETHUSDT,1714867200000,8.848e-05
ETHUSDT,1714896000000,9.394e-05
ETHUSDT,1714924800000,5.578e-05
ETHUSDT,1714953600000,5.569e-05
ETHUSDT,1714982400000,0.0001
ETHUSDT,1715011200000,9.025e-05
ETHUSDT,1715040000000,7.342e-05
ETHUSDT,1715068800000,4.028e-05
ETHUSDT,1715097600000,6.978e-05
ETHUSDT,1715126400000,7.764e-05
ETHUSDT,1715155200000,7.236e-05
ETHUSDT,1715184000000,0.0001
ETHUSDT,1715212800000,0.0001
ETHUSDT,1715241600000,0.0001
ETHUSDT,1715270400000,0.0001
ETHUSDT,1715299200000,9.04e-05
ETHUSDT,1715328000000,0.0001
ETHUSDT,1715356800000,5.137e-05
ETHUSDT,1715385600000,7.578e-05
ETHUSDT,1715414400000,6.69e-05
ETHUSDT,1715443200000,8.517e-05
ETHUSDT,1715472000000,8.01e-05
ETHUSDT,1715500800000,7.264e-05
ETHUSDT,1715529600000,6.269e-05
ETHUSDT,1715558400001,5.829e-05
ETHUSDT,1715587200001,0.0001
ETHUSDT,1715616000000,0.0001
ETHUSDT,1715644800000,0.0001
ETHUSDT,1715673600000,8.14e-05
ETHUSDT,1715702400000,9.124e-05
ETHUSDT,1715731200000,0.0001
ETHUSDT,1715760000000,8.171e-05
ETHUSDT,1715788800000,9.162e-05
ETHUSDT,1715817600004,0.0001
ETHUSDT,1715846400000,6.453e-05
ETHUSDT,1715875200000,5.401e-05
ETHUSDT,1715904000000,5.324e-05
ETHUSDT,1715932800000,8.531e-05
ETHUSDT,1715961600000,4.333e-05
ETHUSDT,1715990400000,7.513e-05
ETHUSDT,1716019200000,3.431e-05
ETHUSDT,1716048000000,7.815e-05
ETHUSDT,1716076800000,7.388e-05
ETHUSDT,1716105600000,3.451e-05
ETHUSDT,1716134400000,8.825e-05
ETHUSDT,1716163200000,9.672e-05
ETHUSDT,1716192000000,1.916e-05
ETHUSDT,1716220800003,4.643e-05
ETHUSDT,1716249600000,0.0001
ETHUSDT,1716278400001,0.00019404
ETHUSDT,1716307200000,0.0001
ETHUSDT,1716336000000,0.00012452
ETHUSDT,1716364800000,0.00015189
ETHUSDT,1716393600000,0.0001
ETHUSDT,1716422400000,0.0001
ETHUSDT,1716451200000,0.0001
ETHUSDT,1716480000000,0.0001
ETHUSDT,1716508800000,0.0001
ETHUSDT,1716537600000,0.0001
ETHUSDT,1716566400000,0.0001
ETHUSDT,1716595200000,0.0001
ETHUSDT,1716624000000,0.0001
ETHUSDT,1716652800000,0.0001
ETHUSDT,1716681600000,0.0001
ETHUSDT,1716710400000,0.0001
ETHUSDT,1716739200000,0.0001
ETHUSDT,1716768000000,0.0001
ETHUSDT,1716796800000,0.0001
ETHUSDT,1716825600000,0.0001
ETHUSDT,1716854400000,0.0001
ETHUSDT,1716883200000,0.0001
ETHUSDT,1716912000000,0.0001219
ETHUSDT,1716940800001,0.00017485
ETHUSDT,1716969600000,0.0001
ETHUSDT,1716998400000,0.000177
ETHUSDT,1717027200000,0.00025357
ETHUSDT,1717056000000,0.00014202
ETHUSDT,1717084800000,0.00018706
ETHUSDT,1717113600000,0.0001
ETHUSDT,1717142400000,0.00010793
ETHUSDT,1717171200000,0.00012319
ETHUSDT,1717200000000,0.00017131
ETHUSDT,1717228800000,0.00013009
ETHUSDT,1717257600001,0.00011557
ETHUSDT,1717286400000,0.00015695
ETHUSDT,1717315200000,0.0001
ETHUSDT,1717344000000,0.0001
ETHUSDT,1717372800000,0.00012702
ETHUSDT,1717401600000,0.00015803
ETHUSDT,1717430400000,0.00012815
ETHUSDT,1717459200000,0.0001
ETHUSDT,1717488000000,0.0001
ETHUSDT,1717516800000,0.000108
ETHUSDT,1717545600000,0.00016969
ETHUSDT,1717574400000,0.0001
ETHUSDT,1717603200000,0.00010659
ETHUSDT,1717632000000,0.00019461
ETHUSDT,1717660800008,0.00020328
ETHUSDT,1717689600000,0.00014989
ETHUSDT,1717718400000,0.00016105
ETHUSDT,1717747200000,0.00013228
ETHUSDT,1717776000000,0.00017029
ETHUSDT,1717804800000,0.0001
ETHUSDT,1717833600000,0.0001
ETHUSDT,1717862400000,0.0001
ETHUSDT,1717891200000,0.0001
ETHUSDT,1717920000000,0.0001
ETHUSDT,1717948800001,0.0001
ETHUSDT,1717977600000,0.0001
ETHUSDT,1718006400000,0.0001
ETHUSDT,1718035200001,0.0001
ETHUSDT,1718064000001,0.0001
ETHUSDT,1718092800000,0.0001
ETHUSDT,1718121600000,0.0001
ETHUSDT,1718150400000,0.0001
ETHUSDT,1718179200000,0.0001
ETHUSDT,1718208000000,0.0001
ETHUSDT,1718236800000,0.0001
ETHUSDT,1718265600001,0.0001
ETHUSDT,1718294400000,0.0001
ETHUSDT,1718323200000,0.0001
ETHUSDT,1718352000000,0.0001
ETHUSDT,1718380800000,0.0001
ETHUSDT,1718409600000,0.0001
ETHUSDT,1718438400000,0.0001
ETHUSDT,1718467200000,0.0001
ETHUSDT,1718496000001,0.0001
ETHUSDT,1718524800000,0.0001
ETHUSDT,1718553600000,0.0001
ETHUSDT,1718582400000,0.0001
ETHUSDT,1718611200000,0.0001
ETHUSDT,1718640000000,9.137e-05
ETHUSDT,1718668800000,6.649e-05
ETHUSDT,1718697600000,7.836e-05
ETHUSDT,1718726400000,6.211e-05
ETHUSDT,1718755200001,0.0001
ETHUSDT,1718784000001,0.0001
ETHUSDT,1718812800000,6.122e-05
ETHUSDT,1718841600000,0.0001
ETHUSDT,1718870400000,6.409e-05
ETHUSDT,1718899200000,3.148e-05
ETHUSDT,1718928000000,7.46e-06
ETHUSDT,1718956800000,2.103e-05
ETHUSDT,1718985600000,0.0001
ETHUSDT,1719014400000,4.564e-05
ETHUSDT,1719043200000,5.837e-05
ETHUSDT,1719072000000,3.914e-05
ETHUSDT,1719100800000,6.71e-05
ETHUSDT,1719129600000,4.594e-05
ETHUSDT,1719158400000,3.591e-05
ETHUSDT,1719187200002,7.672e-05
ETHUSDT,1719216000000,0.0001
ETHUSDT,1719244800000,7.41e-05
ETHUSDT,1719273600000,0.0001
ETHUSDT,1719302400000,0.0001
ETHUSDT,1719331200000,0.0001
ETHUSDT,1719360000002,0.0001
ETHUSDT,1719388800000,0.0001
ETHUSDT,1719417600000,0.0001
ETHUSDT,1719446400000,0.0001
ETHUSDT,1719475200001,0.0001
ETHUSDT,1719504000000,0.0001
ETHUSDT,1719532800000,0.0001
ETHUSDT,1719561600000,0.0001
ETHUSDT,1719590400000,0.0001
ETHUSDT,1719619200001,0.0001
ETHUSDT,1719648000000,0.0001
ETHUSDT,1719676800000,0.0001
ETHUSDT,1719705600000,0.0001
ETHUSDT,1719734400000,0.0001
ETHUSDT,1719763200000,0.0001
ETHUSDT,1719792000000,0.0001
ETHUSDT,1719820800000,0.0001
ETHUSDT,1719849600001,0.0001
ETHUSDT,1719878400000,0.0001
ETHUSDT,1719907200000,0.0001
ETHUSDT,1719936000000,0.0001
ETHUSDT,1719964800000,0.0001
ETHUSDT,1719993600001,0.0001
ETHUSDT,1720022400000,0.0001
ETHUSDT,1720051200000,0.0001
ETHUSDT,1720080000000,0.0001
ETHUSDT,1720108800000,0.0001
ETHUSDT,1720137600000,0.0001
ETHUSDT,1720166400000,9.55e-05
ETHUSDT,1720195200000,4.923e-05
ETHUSDT,1720224000000,9.007e-05
ETHUSDT,1720252800000,6.597e-05
ETHUSDT,1720281600000,5.847e-05
ETHUSDT,1720310400001,3.941e-05
ETHUSDT,1720339200000,8.938e-05
ETHUSDT,1720368000000,5.389e-05
ETHUSDT,1720396800000,0.0001
ETHUSDT,1720425600000,3.423e-05
ETHUSDT,1720454400000,9.357e-05
ETHUSDT,1720483200000,5.681e-05
ETHUSDT,1720512000001,1.078e-05
ETHUSDT,1720540800000,7.754e-05
ETHUSDT,1720569600000,3.746e-05
ETHUSDT,1720598400000,1.713e-05
ETHUSDT,1720627200000,0.0001
ETHUSDT,1720656000002,4.282e-05
ETHUSDT,1720684800002,8.656e-05
ETHUSDT,1720713600004,5.603e-05
ETHUSDT,1720742400000,0.0001
ETHUSDT,1720771200000,4.73e-05
ETHUSDT,1720800000000,7.154e-05
ETHUSDT,1720828800000,0.0001
ETHUSDT,1720857600000,0.0001
ETHUSDT,1720886400000,7.584e-05
ETHUSDT,1720915200000,0.0001
ETHUSDT,1720944000000,6.352e-05
ETHUSDT,1720972800000,3.194e-05
ETHUSDT,1721001600000,9.653e-05
ETHUSDT,1721030400000,4.043e-05
ETHUSDT,1721059200000,4.69e-05
ETHUSDT,1721088000000,2.643e-05
ETHUSDT,1721116800000,9.799e-05
ETHUSDT,1721145600000,6.395e-05
ETHUSDT,1721174400000,5.824e-05
ETHUSDT,1721203200001,8.064e-05
ETHUSDT,1721232000000,6.113e-05
ETHUSDT,1721260800000,0.0001
ETHUSDT,1721289600000,6.727e-05
ETHUSDT,1721318400000,3.237e-05
ETHUSDT,1721347200000,4.387e-05
ETHUSDT,1721376000000,8.153e-05
ETHUSDT,1721404800000,0.0001
ETHUSDT,1721433600001,5.271e-05
ETHUSDT,1721462400000,8.573e-05
ETHUSDT,1721491200000,2.468e-05
ETHUSDT,1721520000000,0.0001
ETHUSDT,1721548800000,1.524e-05
ETHUSDT,1721577600000,6.721e-05
ETHUSDT,1721606400000,9.867e-05
ETHUSDT,1721635200000,7.749e-05
ETHUSDT,1721664000000,2.82e-05
ETHUSDT,1721692800000,7.792e-05
ETHUSDT,1721721600000,0.0001
ETHUSDT,1721750400000,9.013e-05
ETHUSDT,1721779200000,7.865e-05
ETHUSDT,1721808000000,8.396e-05
ETHUSDT,1721836800000,6.706e-05
ETHUSDT,1721865600000,9.46e-05
ETHUSDT,1721894400000,2.04e-06
ETHUSDT,1721923200000,3.72e-05
ETHUSDT,1721952000000,3.903e-05
ETHUSDT,1721980800000,4.196e-05
ETHUSDT,1722009600000,4.001e-05
ETHUSDT,1722038400000,3.05e-05
ETHUSDT,1722067200000,7.422e-05
ETHUSDT,1722096000000,1.78e-05
ETHUSDT,1722124800000,0.0001
ETHUSDT,1722153600000,0.0001
ETHUSDT,1722182400001,0.0001
ETHUSDT,1722211200001,8.174e-05
ETHUSDT,1722240000000,0.0001
ETHUSDT,1722268800001,0.0001
ETHUSDT,1722297600000,0.0001
ETHUSDT,1722326400001,0.0001
ETHUSDT,1722355200000,0.0001
ETHUSDT,1722384000000,0.0001
ETHUSDT,1722412800000,0.0001
ETHUSDT,1722441600000,0.0001
ETHUSDT,1722470400000,0.0001
ETHUSDT,1722499200000,5.973e-05
ETHUSDT,1722528000000,0.0001
ETHUSDT,1722556800000,7.641e-05
ETHUSDT,1722585600001,7.771e-05
ETHUSDT,1722614400000,3.785e-05
ETHUSDT,1722643200000,8.493e-05
ETHUSDT,1722672000000,2.92e-05
ETHUSDT,1722700800001,4.82e-05
ETHUSDT,1722729600000,4.181e-05
ETHUSDT,1722758400000,1.635e-05
ETHUSDT,1722787200000,6.815e-05
ETHUSDT,1722816000000,-1.7e-05
ETHUSDT,1722844800000,-4.58e-06
ETHUSDT,1722873600000,-5.766e-05
ETHUSDT,1722902400000,-2.276e-05
ETHUSDT,1722931200000,-0.00010667
ETHUSDT,1722960000000,-1.11e-05
ETHUSDT,1722988800000,-4.25e-05
ETHUSDT,1723017600001,-6.16e-06
ETHUSDT,1723046400000,-4.478e-05
ETHUSDT,1723075200001,-4.377e-05
ETHUSDT,1723104000000,-1.083e-05
ETHUSDT,1723132800000,-3.437e-05
ETHUSDT,1723161600000,1.139e-05
ETHUSDT,1723190400000,4.212e-05
ETHUSDT,1723219200000,-2.753e-05
ETHUSDT,1723248000000,-4.249e-05
ETHUSDT,1723276800000,3.504e-05
ETHUSDT,1723305600000,1.614e-05
ETHUSDT,1723334400000,-8.82e-06
ETHUSDT,1723363200000,9.73e-06
ETHUSDT,1723392000001,3.46e-06
ETHUSDT,1723420800000,1.047e-05
ETHUSDT,1723449600000,6.766e-05
ETHUSDT,1723478400000,6.424e-05
ETHUSDT,1723507200000,7.892e-05
ETHUSDT,1723536000000,-6.036e-05
ETHUSDT,1723564800000,-4.532e-05
ETHUSDT,1723593600000,5.55e-06
ETHUSDT,1723622400000,3.166e-05
ETHUSDT,1723651200000,-3.462e-05
ETHUSDT,1723680000000,5.044e-05
ETHUSDT,1723708800000,7.775e-05
ETHUSDT,1723737600000,6.62e-06
ETHUSDT,1723766400000,-1.182e-05
ETHUSDT,1723795200000,2.105e-05
ETHUSDT,1723824000000,3.363e-05
ETHUSDT,1723852800000,2.448e-05
ETHUSDT,1723881600000,-2.485e-05
ETHUSDT,1723910400000,-3.471e-05
ETHUSDT,1723939200000,7.82e-06
ETHUSDT,1723968000000,-4.706e-05
ETHUSDT,1723996800000,-1.42e-06
ETHUSDT,1724025600000,-3.66e-05
ETHUSDT,1724054400000,8.59e-06
ETHUSDT,1724083200002,-1.53e-05
ETHUSDT,1724112000000,9.69e-06
ETHUSDT,1724140800000,1.977e-05
ETHUSDT,1724169600001,-2.726e-05
ETHUSDT,1724198400001,1.33e-05
ETHUSDT,1724227200000,2.306e-05
ETHUSDT,1724256000001,4.139e-05
ETHUSDT,1724284800000,-9.46e-06
ETHUSDT,1724313600000,3.544e-05
ETHUSDT,1724342400008,2.01e-05
ETHUSDT,1724371200000,6.601e-05
ETHUSDT,1724400000000,6.071e-05
ETHUSDT,1724428800000,-1.72e-06
ETHUSDT,1724457600000,-1.504e-05
ETHUSDT,1724486400005,9.7e-06
ETHUSDT,1724515200000,5.81e-06
ETHUSDT,1724544000000,-3.389e-05
ETHUSDT,1724572800000,3.311e-05
ETHUSDT,1724601600000,2.579e-05
ETHUSDT,1724630400000,2.145e-05
ETHUSDT,1724659200001,5.677e-05
ETHUSDT,1724688000000,6.339e-05
ETHUSDT,1724716800001,9.438e-05
ETHUSDT,1724745600000,5.093e-05
ETHUSDT,1724774400000,7.429e-05
ETHUSDT,1724803200000,-6.098e-05
ETHUSDT,1724832000000,-7.62e-06
ETHUSDT,1724860800001,1.459e-05
ETHUSDT,1724889600000,1.16e-05
ETHUSDT,1724918400001,2.12e-06
ETHUSDT,1724947200000,-4.09e-06
ETHUSDT,1724976000000,5.49e-05
ETHUSDT,1725004800000,3.483e-05
ETHUSDT,1725033600000,1.032e-05
ETHUSDT,1725062400000,7.976e-05
ETHUSDT,1725091200000,7.237e-05
ETHUSDT,1725120000000,7.811e-05
ETHUSDT,1725148800000,4.499e-05
ETHUSDT,1725177600001,5.272e-05
ETHUSDT,1725206400000,4.183e-05
ETHUSDT,1725235200001,-2.406e-05
ETHUSDT,1725264000001,3.904e-05
ETHUSDT,1725292800000,7.064e-05
ETHUSDT,1725321600000,5.67e-05
ETHUSDT,1725350400001,4.883e-05
ETHUSDT,1725379200000,5.216e-05
ETHUSDT,1725408000000,8.054e-05
ETHUSDT,1725436800000,-1.109e-05
ETHUSDT,1725465600000,5.833e-05
ETHUSDT,1725494400000,4.539e-05
ETHUSDT,1725523200000,2.41e-05
ETHUSDT,1725552000005,3.166e-05
ETHUSDT,1725580800000,3.662e-05
ETHUSDT,1725609600001,4.871e-05
ETHUSDT,1725638400000,4.007e-05
ETHUSDT,1725667200000,2.41e-06
ETHUSDT,1725696000000,-5.37e-06
ETHUSDT,1725724800000,2.652e-05
ETHUSDT,1725753600000,5.363e-05
ETHUSDT,1725782400000,3.089e-05
ETHUSDT,1725811200000,1.827e-05
ETHUSDT,1725840000000,7.67e-06
ETHUSDT,1725868800000,3.085e-05
ETHUSDT,1725897600001,-1.156e-05
ETHUSDT,1725926400000,1.082e-05
ETHUSDT,1725955200000,-3.453e-05
ETHUSDT,1725984000000,2.28e-06
ETHUSDT,1726012800000,2.484e-05
ETHUSDT,1726041600000,1.804e-05
ETHUSDT,1726070400000,-1.796e-05
ETHUSDT,1726099200000,2.592e-05
ETHUSDT,1726128000000,2.496e-05
ETHUSDT,1726156800000,1.134e-05
ETHUSDT,1726185600000,4.291e-05
ETHUSDT,1726214400001,5.003e-05
ETHUSDT,1726243200001,5.073e-05
ETHUSDT,1726272000000,8.45e-06
ETHUSDT,1726300800000,-4.15e-06
ETHUSDT,1726329600001,1.35e-06
ETHUSDT,1726358400000,-2.67e-06
ETHUSDT,1726387200000,1.355e-05
ETHUSDT,1726416000000,2.131e-05
ETHUSDT,1726444800000,3.228e-05
ETHUSDT,1726473600001,-6.942e-05
ETHUSDT,1726502400000,-1.149e-05
ETHUSDT,1726531200001,7.742e-05
ETHUSDT,1726560000000,2.423e-05
ETHUSDT,1726588800000,5.73e-05
ETHUSDT,1726617600000,4.792e-05
ETHUSDT,1726646400000,3.074e-05
ETHUSDT,1726675200004,2.329e-05
ETHUSDT,1726704000000,7.727e-05
ETHUSDT,1726732800000,8.266e-05
ETHUSDT,1726761600001,2.391e-05
ETHUSDT,1726790400000,0.0001
ETHUSDT,1726819200001,9.734e-05
ETHUSDT,1726848000000,0.0001
ETHUSDT,1726876800001,6.668e-05
ETHUSDT,1726905600000,6.665e-05
ETHUSDT,1726934400000,4.536e-05
ETHUSDT,1726963200000,4.896e-05
ETHUSDT,1726992000000,5.198e-05
ETHUSDT,1727020800000,0.0001
ETHUSDT,1727049600000,2.548e-05
ETHUSDT,1727078400000,6.821e-05
ETHUSDT,1727107200000,6.476e-05
ETHUSDT,1727136000000,3.85e-05
ETHUSDT,1727164800000,4.791e-05
ETHUSDT,1727193600001,4.739e-05
ETHUSDT,1727222400000,2.445e-05
ETHUSDT,1727251200003,5.722e-05
ETHUSDT,1727280000000,3.538e-05
ETHUSDT,1727308800005,7.493e-05
ETHUSDT,1727337600000,8.119e-05
ETHUSDT,1727366400000,0.0001
ETHUSDT,1727395200000,9.625e-05
ETHUSDT,1727424000000,7.694e-05
ETHUSDT,1727452800000,6.276e-05
ETHUSDT,1727481600000,0.0001
ETHUSDT,1727510400001,6.231e-05
ETHUSDT,1727539200000,7.162e-05
ETHUSDT,1727568000001,3.315e-05
ETHUSDT,1727596800000,6.785e-05
ETHUSDT,1727625600000,8.854e-05
ETHUSDT,1727654400000,6.161e-05
ETHUSDT,1727683200001,8.62e-05
ETHUSDT,1727712000000,0.0001
ETHUSDT,1727740800000,0.0001
ETHUSDT,1727769600000,0.0001
ETHUSDT,1727798400001,8.397e-05
ETHUSDT,1727827200000,0.0001
ETHUSDT,1727856000000,6.859e-05
ETHUSDT,1727884800000,0.0001
ETHUSDT,1727913600000,2.418e-05
ETHUSDT,1727942400000,4.124e-05
ETHUSDT,1727971200000,4.621e-05
ETHUSDT,1728000000000,5.138e-05
ETHUSDT,1728028800000,3.739e-05
ETHUSDT,1728057600001,3.9e-05
ETHUSDT,1728086400000,0.0001
ETHUSDT,1728115200000,7.909e-05
ETHUSDT,1728144000000,5.458e-05
ETHUSDT,1728172800000,9.056e-05
ETHUSDT,1728201600001,5.234e-05
ETHUSDT,1728230400000,3.309e-05
ETHUSDT,1728259200000,3.36e-05
ETHUSDT,1728288000000,9.258e-05
ETHUSDT,1728316800001,2.612e-05
ETHUSDT,1728345600000,6.592e-05
ETHUSDT,1728374400000,0.0001
ETHUSDT,1728403200000,8.377e-05
ETHUSDT,1728432000000,0.0001
ETHUSDT,1728460800000,3.64e-05
ETHUSDT,1728489600000,0.0001
ETHUSDT,1728518400000,6.663e-05
ETHUSDT,1728547200000,0.0001
ETHUSDT,1728576000000,0.0001
ETHUSDT,1728604800000,0.0001
ETHUSDT,1728633600000,9.474e-05
ETHUSDT,1728662400001,5.977e-05
ETHUSDT,1728691200000,4.445e-05
ETHUSDT,1728720000001,0.0001
ETHUSDT,1728748800000,7.35e-05
ETHUSDT,1728777600000,7.928e-05
ETHUSDT,1728806400000,3.958e-05
ETHUSDT,1728835200000,1.763e-05
ETHUSDT,1728864000000,6.559e-05
ETHUSDT,1728892800000,0.0001
ETHUSDT,1728921600000,0.0001
ETHUSDT,1728950400000,0.0001
ETHUSDT,1728979200000,0.0001
ETHUSDT,1729008000000,0.0001
ETHUSDT,1729036800000,0.0001
ETHUSDT,1729065600001,0.0001
ETHUSDT,1729094400000,0.0001
ETHUSDT,1729123200000,0.0001
ETHUSDT,1729152000000,0.0001
ETHUSDT,1729180800001,0.0001
ETHUSDT,1729209600010,0.0001
ETHUSDT,1729238400001,0.0001
ETHUSDT,1729267200000,0.0001
ETHUSDT,1729296000000,0.0001
ETHUSDT,1729324800000,0.0001
ETHUSDT,1729353600000,0.0001
ETHUSDT,1729382400000,0.0001
ETHUSDT,1729411200000,0.0001
ETHUSDT,1729440000000,0.0001
ETHUSDT,1729468800000,0.0001
ETHUSDT,1729497600000,0.0001
ETHUSDT,1729526400000,0.0001
ETHUSDT,1729555200000,0.0001
ETHUSDT,1729584000000,0.0001
ETHUSDT,1729612800000,0.0001
ETHUSDT,1729641600000,0.0001
ETHUSDT,1729670400000,0.0001
ETHUSDT,1729699200000,0.0001
ETHUSDT,1729728000000,0.0001
ETHUSDT,1729756800000,0.0001
ETHUSDT,1729785600000,0.0001
ETHUSDT,1729814400000,0.0001
ETHUSDT,1729843200000,0.0001
ETHUSDT,1729872000000,0.0001
ETHUSDT,1729900800000,0.0001
ETHUSDT,1729929600001,0.0001
ETHUSDT,1729958400000,0.0001
ETHUSDT,1729987200000,0.0001
ETHUSDT,1730016000000,0.0001
ETHUSDT,1730044800000,0.0001
ETHUSDT,1730073600000,0.0001
ETHUSDT,1730102400001,0.0001
ETHUSDT,1730131200000,0.0001
ETHUSDT,1730160000000,0.0001
ETHUSDT,1730188800000,0.0001
ETHUSDT,1730217600004,0.0001
ETHUSDT,1730246400000,0.0001
ETHUSDT,1730275200000,0.0001
ETHUSDT,1730304000013,0.0001
ETHUSDT,1730332800000,0.0001
ETHUSDT,1730361600000,0.0001
ETHUSDT,1730390400000,0.0001
ETHUSDT,1730419200000,0.0001
ETHUSDT,1730448000000,0.0001
ETHUSDT,1730476800000,0.0001
ETHUSDT,1730505600000,0.0001
ETHUSDT,1730534400000,0.0001
ETHUSDT,1730563200000,0.0001
ETHUSDT,1730592000000,0.0001
ETHUSDT,1730620800000,0.0001
ETHUSDT,1730649600000,0.0001
ETHUSDT,1730678400000,0.0001
ETHUSDT,1730707200000,0.0001
ETHUSDT,1730736000000,0.0001
ETHUSDT,1730764800000,0.0001
ETHUSDT,1730793600003,0.0001
ETHUSDT,1730822400001,0.0001
ETHUSDT,1730851200000,9.511e-05
ETHUSDT,1730880000000,0.0001
ETHUSDT,1730908800000,0.0001
ETHUSDT,1730937600000,0.0001
ETHUSDT,1730966400000,0.00014885
ETHUSDT,1730995200000,0.0001
ETHUSDT,1731024000000,0.0001
ETHUSDT,1731052800000,0.0001
ETHUSDT,1731081600000,0.0001
ETHUSDT,1731110400000,0.0001
ETHUSDT,1731139200000,0.0001
ETHUSDT,1731168000000,0.0001
ETHUSDT,1731196800000,0.0001
ETHUSDT,1731225600000,0.0001
ETHUSDT,1731254400000,0.00026708
ETHUSDT,1731283200001,0.00028976
ETHUSDT,1731312000000,0.0001881
ETHUSDT,1731340800000,0.00017298
ETHUSDT,1731369600002,0.00017687
ETHUSDT,1731398400000,0.0005762
ETHUSDT,1731427200000,0.00046001
ETHUSDT,1731456000000,0.00013607
ETHUSDT,1731484800010,0.00033556
ETHUSDT,1731513600000,0.00012894
ETHUSDT,1731542400001,0.0001058
ETHUSDT,1731571200000,0.0001
ETHUSDT,1731600000000,0.0001
ETHUSDT,1731628800000,0.00013133
ETHUSDT,1731657600000,0.00013108
ETHUSDT,1731686400000,0.0001
ETHUSDT,1731715200001,0.00018215
ETHUSDT,1731744000001,0.0001
ETHUSDT,1731772800000,0.00011351
ETHUSDT,1731801600000,0.0001
ETHUSDT,1731830400000,0.0001
ETHUSDT,1731859200001,0.00019685
ETHUSDT,1731888000000,0.00019865
ETHUSDT,1731916800000,0.00031651
ETHUSDT,1731945600000,0.00019762
ETHUSDT,1731974400000,0.00040458
ETHUSDT,1732003200000,0.00021234
ETHUSDT,1732032000000,0.00015353
ETHUSDT,1732060800003,0.00017369
ETHUSDT,1732089600000,0.00019505
ETHUSDT,1732118400000,0.00013619
ETHUSDT,1732147200001,0.0001
ETHUSDT,1732176000000,0.0001
ETHUSDT,1732204800001,0.00020146
ETHUSDT,1732233600000,0.0003418
ETHUSDT,1732262400000,0.00029201
ETHUSDT,1732291200001,0.00022123
ETHUSDT,1732320000000,0.00015103
ETHUSDT,1732348800000,0.00032558
ETHUSDT,1732377600000,0.00037006
ETHUSDT,1732406400001,0.00027011
ETHUSDT,1732435200000,0.00023721
ETHUSDT,1732464000000,0.00027264
ETHUSDT,1732492800000,0.00017259
ETHUSDT,1732521600000,0.00023935
ETHUSDT,1732550400000,0.00031797
ETHUSDT,1732579200000,0.0002448
ETHUSDT,1732608000000,0.0001227
ETHUSDT,1732636800000,0.0001819
ETHUSDT,1732665600000,0.00021068
ETHUSDT,1732694400000,0.00020895
ETHUSDT,1732723200001,0.00015706
ETHUSDT,1732752000000,0.00015948
ETHUSDT,1732780800000,0.0001647
ETHUSDT,1732809600000,0.0001
ETHUSDT,1732838400000,0.0001
ETHUSDT,1732867200000,0.00015354
ETHUSDT,1732896000000,0.0001
ETHUSDT,1732924800000,0.00017097
ETHUSDT,1732953600000,0.0002474
ETHUSDT,1732982400000,0.00012425
ETHUSDT,1733011200000,0.00011863
ETHUSDT,1733040000000,0.00013737
ETHUSDT,1733068800000,0.00015064
ETHUSDT,1733097600001,0.00036131
ETHUSDT,1733126400001,0.0002931
ETHUSDT,1733155200000,0.00028383
ETHUSDT,1733184000000,0.00026464
ETHUSDT,1733212800000,0.00034689
ETHUSDT,1733241600000,0.00014297
ETHUSDT,1733270400000,0.00018732
ETHUSDT,1733299200000,0.00015899
ETHUSDT,1733328000000,0.00019842
ETHUSDT,1733356800001,0.00023652
ETHUSDT,1733385600000,0.00049482
ETHUSDT,1733414400000,0.00031177
ETHUSDT,1733443200000,0.00014294
ETHUSDT,1733472000000,0.0002554
ETHUSDT,1733500800000,0.0002635
ETHUSDT,1733529600000,0.0003059
ETHUSDT,1733558400000,0.00024299
ETHUSDT,1733587200000,0.00023099
ETHUSDT,1733616000000,0.00020864
ETHUSDT,1733644800000,0.00023941
ETHUSDT,1733673600000,0.00018574
ETHUSDT,1733702400000,0.00020272
ETHUSDT,1733731200000,0.0001
ETHUSDT,1733760000001,0.00013421
ETHUSDT,1733788800007,0.0001
ETHUSDT,1733817600000,0.0001
ETHUSDT,1733846400000,0.0001
ETHUSDT,1733875200000,0.0001
ETHUSDT,1733904000000,0.0001
ETHUSDT,1733932800001,0.0001
ETHUSDT,1733961600001,0.0001
ETHUSDT,1733990400000,0.0001
ETHUSDT,1734019200001,0.0001
ETHUSDT,1734048000000,0.0001
ETHUSDT,1734076800000,0.0001
ETHUSDT,1734105600001,0.0001
ETHUSDT,1734134400000,0.0001
ETHUSDT,1734163200000,0.0001
ETHUSDT,1734192000000,0.0001
ETHUSDT,1734220800000,0.0001
ETHUSDT,1734249600000,0.0001
ETHUSDT,1734278400000,9.404e-05
ETHUSDT,1734307200000,8.662e-05
ETHUSDT,1734336000001,0.0001
ETHUSDT,1734364800000,0.0001
ETHUSDT,1734393600000,0.0001
ETHUSDT,1734422400000,0.0001
ETHUSDT,1734451200000,0.0001
ETHUSDT,1734480000000,8.046e-05
ETHUSDT,1734508800000,0.0001
ETHUSDT,1734537600000,0.0001
ETHUSDT,1734566400000,6.104e-05
ETHUSDT,1734595200000,7.438e-05
ETHUSDT,1734624000000,7.373e-05
ETHUSDT,1734652800000,0.0001
ETHUSDT,1734681600001,0.0001
ETHUSDT,1734710400014,0.0001
ETHUSDT,1734739200000,6.352e-05
ETHUSDT,1734768000000,0.0001
ETHUSDT,1734796800001,0.0001
ETHUSDT,1734825600000,0.0001
ETHUSDT,1734854400000,0.0001
ETHUSDT,1734883200000,5.37e-05
ETHUSDT,1734912000000,5.686e-05
ETHUSDT,1734940800000,5.398e-05
ETHUSDT,1734969600001,8.674e-05
ETHUSDT,1734998400000,0.0001
ETHUSDT,1735027200000,8.121e-05
ETHUSDT,1735056000001,2.757e-05
ETHUSDT,1735084800001,4.454e-05
ETHUSDT,1735113600000,6.55e-05
ETHUSDT,1735142400000,1.254e-05
ETHUSDT,1735171200000,0.0001
ETHUSDT,1735200000000,0.0001
ETHUSDT,1735228800000,6.305e-05
ETHUSDT,1735257600000,0.0001
ETHUSDT,1735286400000,8.428e-05
ETHUSDT,1735315200000,5.349e-05
ETHUSDT,1735344000001,0.0001
ETHUSDT,1735372800000,0.0001
ETHUSDT,1735401600000,9.336e-05
ETHUSDT,1735430400000,5.941e-05
ETHUSDT,1735459200000,5.146e-05
ETHUSDT,1735488000000,9.485e-05
ETHUSDT,1735516800000,0.0001
ETHUSDT,1735545600001,0.0001
ETHUSDT,1735574400000,0.0001
ETHUSDT,1735603200000,0.0001
ETHUSDT,1735632000000,8.514e-05
ETHUSDT,1735660800000,0.0001
ETHUSDT,1735689600015,0.0001
ETHUSDT,1735718400000,0.0001
ETHUSDT,1735747200001,0.0001
ETHUSDT,1735776000000,0.0001
ETHUSDT,1735804800006,0.0001
ETHUSDT,1735833600000,0.0001
ETHUSDT,1735862400000,0.0001
ETHUSDT,1735891200000,0.0001
ETHUSDT,1735920000000,0.0001
ETHUSDT,1735948800000,0.0001
ETHUSDT,1735977600000,0.0001
ETHUSDT,1736006400000,0.0001
ETHUSDT,1736035200000,0.0001
ETHUSDT,1736064000000,0.0001
ETHUSDT,1736092800000,0.0001
ETHUSDT,1736121600000,0.0001
ETHUSDT,1736150400001,0.0001
ETHUSDT,1736179200000,0.0001
ETHUSDT,1736208000000,0.0001
ETHUSDT,1736236800000,0.0001
ETHUSDT,1736265600008,0.0001
ETHUSDT,1736294400001,9.658e-05
ETHUSDT,1736323200000,0.0001
ETHUSDT,1736352000000,0.0001
ETHUSDT,1736380800000,6.609e-05
ETHUSDT,1736409600000,0.0001
ETHUSDT,1736438400000,0.0001
ETHUSDT,1736467200000,7.573e-05
ETHUSDT,1736496000000,6.162e-05
ETHUSDT,1736524800000,0.0001
ETHUSDT,1736553600000,6.574e-05
ETHUSDT,1736582400000,5.65e-05
ETHUSDT,1736611200000,0.0001
ETHUSDT,1736640000000,0.0001
ETHUSDT,1736668800000,0.0001
ETHUSDT,1736697600000,8.134e-05
ETHUSDT,1736726400000,0.0001
ETHUSDT,1736755200000,9.353e-05
ETHUSDT,1736784000000,3.392e-05
ETHUSDT,1736812800000,5.423e-05
ETHUSDT,1736841600000,7.452e-05
ETHUSDT,1736870400000,7.652e-05
ETHUSDT,1736899200000,4.503e-05
ETHUSDT,1736928000000,5.924e-05
ETHUSDT,1736956800000,5.443e-05
ETHUSDT,1736985600000,0.0001
ETHUSDT,1737014400000,8.311e-05
ETHUSDT,1737043200000,5.275e-05
ETHUSDT,1737072000004,0.0001
ETHUSDT,1737100800000,0.0001
ETHUSDT,1737129600008,0.0001
ETHUSDT,1737158400000,0.0001
ETHUSDT,1737187200007,0.0001
ETHUSDT,1737216000000,0.0001
ETHUSDT,1737244800000,0.0001
ETHUSDT,1737273600000,0.0001
ETHUSDT,1737302400000,0.0001
ETHUSDT,1737331200000,0.0001
ETHUSDT,1737360000009,0.0001
ETHUSDT,1737388800000,0.0001
ETHUSDT,1737417600000,0.0001
ETHUSDT,1737446400000,0.0001
ETHUSDT,1737475200000,0.0001
ETHUSDT,1737504000000,0.0001
ETHUSDT,1737532800000,0.0001
ETHUSDT,1737561600000,0.0001
ETHUSDT,1737590400001,0.0001
ETHUSDT,1737619200000,0.0001
ETHUSDT,1737648000000,0.0001
ETHUSDT,1737676800000,0.0001
ETHUSDT,1737705600000,0.0001
ETHUSDT,1737734400000,0.0001
ETHUSDT,1737763200000,6.904e-05
ETHUSDT,1737792000000,7.065e-05
ETHUSDT,1737820800001,8.41e-05
ETHUSDT,1737849600000,9.663e-05
ETHUSDT,1737878400000,9.725e-05
ETHUSDT,1737907200000,3.849e-05
ETHUSDT,1737936000000,-2.76e-06
ETHUSDT,1737964800000,3.922e-05
ETHUSDT,1737993600000,3.069e-05
ETHUSDT,1738022400000,0.0001
ETHUSDT,1738051200000,4.046e-05
ETHUSDT,1738080000000,5.904e-05
ETHUSDT,1738108800000,0.0001
ETHUSDT,1738137600000,6.567e-05
ETHUSDT,1738166400000,8.686e-05
ETHUSDT,1738195200000,2.287e-05
ETHUSDT,1738224000000,0.0001
ETHUSDT,1738252800000,7.055e-05
ETHUSDT,1738281600000,9.386e-05
ETHUSDT,1738310400000,7.998e-05
ETHUSDT,1738339200000,0.0001
ETHUSDT,1738368000000,8.432e-05
ETHUSDT,1738396800000,9.742e-05
ETHUSDT,1738425600000,3.573e-05
ETHUSDT,1738454400001,7.609e-05
ETHUSDT,1738483200000,0.0001
ETHUSDT,1738512000000,2.6e-05
ETHUSDT,1738540800000,3.237e-05
ETHUSDT,1738569600000,-0.00016657
ETHUSDT,1738598400000,-0.00025121
ETHUSDT,1738627200000,-0.00010653
ETHUSDT,1738656000001,1.07e-05
ETHUSDT,1738684800000,-8.177e-05
ETHUSDT,1738713600001,-8.329e-05
ETHUSDT,1738742400001,5.754e-05
ETHUSDT,1738771200000,-2.404e-05
ETHUSDT,1738800000001,4.939e-05
ETHUSDT,1738828800001,-5.35e-06
ETHUSDT,1738857600000,-7.747e-05
ETHUSDT,1738886400000,2.439e-05
ETHUSDT,1738915200000,2.905e-05
ETHUSDT,1738944000000,-1.197e-05
ETHUSDT,1738972800000,-1.894e-05
ETHUSDT,1739001600000,9.532e-05
ETHUSDT,1739030400000,6.93e-05
ETHUSDT,1739059200000,-3.64e-06
ETHUSDT,1739088000000,5.479e-05
ETHUSDT,1739116800000,5.02e-05
ETHUSDT,1739145600000,9.11e-06
ETHUSDT,1739174400000,7.074e-05
ETHUSDT,1739203200000,5.396e-05
ETHUSDT,1739232000000,-5.72e-06
ETHUSDT,1739260800000,4.26e-05
ETHUSDT,1739289600000,-1.236e-05
ETHUSDT,1739318400000,6.151e-05
ETHUSDT,1739347200000,3.35e-05
ETHUSDT,1739376000001,8.407e-05
ETHUSDT,1739404800001,9.54e-05
ETHUSDT,1739433600000,0.0001
ETHUSDT,1739462400001,1.027e-05
ETHUSDT,1739491200000,2.39e-06
ETHUSDT,1739520000001,8.242e-05
ETHUSDT,1739548800000,7.834e-05
ETHUSDT,1739577600000,4.385e-05
ETHUSDT,1739606400000,3.822e-05
ETHUSDT,1739635200000,8.44e-06
ETHUSDT,1739664000000,3.859e-05
ETHUSDT,1739692800000,5.945e-05
ETHUSDT,1739721600000,3.775e-05
ETHUSDT,1739750400000,3.649e-05
ETHUSDT,1739779200000,5.61e-05
ETHUSDT,1739808000000,0.0001
ETHUSDT,1739836800000,4.742e-05
ETHUSDT,1739865600000,-1.595e-05
ETHUSDT,1739894400000,5.441e-05
ETHUSDT,1739923200000,4.964e-05
ETHUSDT,1739952000000,7.273e-05
ETHUSDT,1739980800000,3.185e-05
ETHUSDT,1740009600000,-2.07e-06
ETHUSDT,1740038400000,5.629e-05
ETHUSDT,1740067200000,6.405e-05
ETHUSDT,1740096000001,3.574e-05
ETHUSDT,1740124800000,6.624e-05
ETHUSDT,1740153600000,4.228e-05
ETHUSDT,1740182400000,3.254e-05
ETHUSDT,1740211200000,-1.427e-05
ETHUSDT,1740240000000,3.41e-05
ETHUSDT,1740268800000,9.726e-05
ETHUSDT,1740297600000,3.796e-05
ETHUSDT,1740326400000,2.13e-06
ETHUSDT,1740355200000,7.127e-05
ETHUSDT,1740384000000,9.24e-06
ETHUSDT,1740412800000,3.082e-05
ETHUSDT,1740441600000,-3.589e-05
ETHUSDT,1740470400000,4.71e-06
ETHUSDT,1740499200000,2.913e-05
ETHUSDT,1740528000000,1.86e-05
ETHUSDT,1740556800000,6.103e-05
ETHUSDT,1740585600000,3.433e-05
ETHUSDT,1740614400001,8.515e-05
ETHUSDT,1740643200000,0.0001
ETHUSDT,1740672000000,5.027e-05
ETHUSDT,1740700800001,4.097e-05
ETHUSDT,1740729600000,1.219e-05
ETHUSDT,1740758400000,1.248e-05
ETHUSDT,1740787200000,4.855e-05
ETHUSDT,1740816000000,-1.061e-05
ETHUSDT,1740844800001,-9.31e-06
ETHUSDT,1740873600000,3.173e-05
ETHUSDT,1740902400000,6.221e-05
ETHUSDT,1740931200000,6.102e-05
ETHUSDT,1740960000001,-7.88e-06
ETHUSDT,1740988800000,3.061e-05
ETHUSDT,1741017600000,6.25e-06
ETHUSDT,1741046400001,-4.308e-05
ETHUSDT,1741075200005,-3.762e-05
ETHUSDT,1741104000000,2.04e-06
ETHUSDT,1741132800000,6.417e-05
ETHUSDT,1741161600000,7.146e-05
ETHUSDT,1741190400000,2.539e-05
ETHUSDT,1741219200000,-1.037e-05
ETHUSDT,1741248000001,1.125e-05
ETHUSDT,1741276800000,2.685e-05
ETHUSDT,1741305600000,-2.474e-05
ETHUSDT,1741334400001,2.874e-05
ETHUSDT,1741363200000,5.628e-05
ETHUSDT,1741392000000,3.124e-05
ETHUSDT,1741420800001,3.76e-05
ETHUSDT,1741449600001,6.837e-05
ETHUSDT,1741478400001,6.871e-05
ETHUSDT,1741507200000,3.637e-05
ETHUSDT,1741536000000,-1.3e-07
ETHUSDT,1741564800000,-4.249e-05
ETHUSDT,1741593600000,2.575e-05
ETHUSDT,1741622400000,3.433e-05
ETHUSDT,1741651200000,-4.045e-05
ETHUSDT,1741680000000,2.173e-05
ETHUSDT,1741708800001,7.553e-05
ETHUSDT,1741737600000,1.672e-05
ETHUSDT,1741766400000,1.107e-05
ETHUSDT,1741795200001,-3.413e-05
ETHUSDT,1741824000000,2.931e-05
ETHUSDT,1741852800000,-5e-08
ETHUSDT,1741881600000,4.218e-05
ETHUSDT,1741910400000,2.744e-05
ETHUSDT,1741939200000,7.681e-05
ETHUSDT,1741968000000,5.537e-05
ETHUSDT,1741996800000,2.924e-05
ETHUSDT,1742025600000,5.445e-05
ETHUSDT,1742054400000,1.25e-05
ETHUSDT,1742083200000,-3.041e-05
ETHUSDT,1742112000000,-2.357e-05
ETHUSDT,1742140800000,-2.967e-05
ETHUSDT,1742169600000,2.057e-05
ETHUSDT,1742198400000,5.669e-05
ETHUSDT,1742227200000,3.697e-05
ETHUSDT,1742256000000,5.319e-05
ETHUSDT,1742284800000,4.099e-05
ETHUSDT,1742313600000,1.465e-05
ETHUSDT,1742342400000,5.983e-05
ETHUSDT,1742371200000,8.986e-05
ETHUSDT,1742400000000,6.676e-05
ETHUSDT,1742428800000,-1.704e-05
ETHUSDT,1742457600000,1.553e-05
ETHUSDT,1742486400000,-8.57e-06
ETHUSDT,1742515200000,5.235e-05
ETHUSDT,1742544000000,6.749e-05
ETHUSDT,1742572800000,2.613e-05
ETHUSDT,1742601600000,-1.402e-05
ETHUSDT,1742630400004,-2.617e-05
ETHUSDT,1742659200000,2.587e-05
ETHUSDT,1742688000000,1.553e-05
ETHUSDT,1742716800000,6.053e-05
ETHUSDT,1742745600000,-3.36e-06
ETHUSDT,1742774400000,-1.29e-05
ETHUSDT,1742803200000,9.456e-05
ETHUSDT,1742832000000,3.069e-05
ETHUSDT,1742860800001,6.736e-05
ETHUSDT,1742889600000,1.456e-05
ETHUSDT,1742918400000,-4.75e-06
ETHUSDT,1742947200000,2.976e-05
ETHUSDT,1742976000000,1.074e-05
ETHUSDT,1743004800001,-2.235e-05
ETHUSDT,1743033600001,4.542e-05
ETHUSDT,1743062400001,7.427e-05
ETHUSDT,1743091200002,3.127e-05
ETHUSDT,1743120000001,6.551e-05
ETHUSDT,1743148800001,-2.896e-05
ETHUSDT,1743177600000,-1.109e-05
ETHUSDT,1743206400000,3.56e-06
ETHUSDT,1743235200000,4.498e-05
ETHUSDT,1743264000000,3.469e-05
ETHUSDT,1743292800000,-1.072e-05
ETHUSDT,1743321600000,-1.999e-05
ETHUSDT,1743350400000,1.191e-05
ETHUSDT,1743379200000,-3.26e-06
ETHUSDT,1743408000000,2.663e-05
ETHUSDT,1743436800000,2.009e-05
ETHUSDT,1743465600000,-6.52e-06
ETHUSDT,1743494400001,2.877e-05
ETHUSDT,1743523200000,3.314e-05
ETHUSDT,1743552000001,3.676e-05
ETHUSDT,1743580800000,-4.5e-07
ETHUSDT,1743609600000,4.262e-05
ETHUSDT,1743638400000,-6.39e-06
ETHUSDT,1743667200000,6.39e-05
ETHUSDT,1743696000000,-6.15e-06
ETHUSDT,1743724800000,6.701e-05
ETHUSDT,1743753600000,-2.093e-05
ETHUSDT,1743782400000,3.78e-05
ETHUSDT,1743811200000,2.181e-05
ETHUSDT,1743840000000,5.939e-05
ETHUSDT,1743868800000,-7.82e-06
ETHUSDT,1743897600000,2.389e-05
ETHUSDT,1743926400000,5.41e-05
ETHUSDT,1743955200002,-2.372e-05
ETHUSDT,1743984000000,-3.784e-05
ETHUSDT,1744012800000,-9.65e-06
ETHUSDT,1744041600000,-3.451e-05
ETHUSDT,1744070400000,-4.38e-06
ETHUSDT,1744099200000,1.155e-05
ETHUSDT,1744128000000,-1.429e-05
ETHUSDT,1744156800000,-4.82e-05
ETHUSDT,1744185600001,-6.596e-05
ETHUSDT,1744214400000,1.591e-05
ETHUSDT,1744243200000,0.0001
ETHUSDT,1744272000000,3.042e-05
ETHUSDT,1744300800000,-7.8e-07
ETHUSDT,1744329600001,-9.18e-06
ETHUSDT,1744358400000,-5.857e-05
ETHUSDT,1744387200000,-4.61e-06
ETHUSDT,1744416000000,2.511e-05
ETHUSDT,1744444800001,-6e-06
ETHUSDT,1744473600000,2.416e-05
ETHUSDT,1744502400000,7.676e-05
ETHUSDT,1744531200000,5.203e-05
ETHUSDT,1744560000000,5.299e-05
ETHUSDT,1744588800000,7.387e-05
ETHUSDT,1744617600000,5.913e-05
ETHUSDT,1744646400000,5.384e-05
ETHUSDT,1744675200000,2.56e-05
ETHUSDT,1744704000000,1.812e-05
ETHUSDT,1744732800001,3.35e-06
ETHUSDT,1744761600000,4.294e-05
ETHUSDT,1744790400000,-2.96e-05
ETHUSDT,1744819200000,-2.514e-05
ETHUSDT,1744848000001,4.479e-05
ETHUSDT,1744876800000,5.184e-05
ETHUSDT,1744905600001,-1.791e-05
ETHUSDT,1744934400000,-3.125e-05
ETHUSDT,1744963200000,2.747e-05
ETHUSDT,1744992000000,-1.492e-05
ETHUSDT,1745020800000,-2.388e-05
ETHUSDT,1745049600000,8.846e-05
ETHUSDT,1745078400000,7.189e-05
ETHUSDT,1745107200000,5.765e-05
ETHUSDT,1745136000000,7.724e-05
ETHUSDT,1745164800000,-5.358e-05
ETHUSDT,1745193600000,-1.24e-06
ETHUSDT,1745222400005,0.0001
ETHUSDT,1745251200003,8.017e-05
ETHUSDT,1745280000008,-3.6e-05
ETHUSDT,1745308800000,2.2e-07
ETHUSDT,1745337600000,8.105e-05
ETHUSDT,1745366400000,6.679e-05
ETHUSDT,1745395200002,9.616e-05
ETHUSDT,1745424000000,0.0001
ETHUSDT,1745452800000,0.0001
ETHUSDT,1745481600001,7.229e-05
ETHUSDT,1745510400001,6.2e-06
ETHUSDT,1745539200007,5.922e-05
ETHUSDT,1745568000002,7.829e-05
ETHUSDT,1745596800003,-9.65e-06
ETHUSDT,1745625600002,8.3e-06
ETHUSDT,1745654400000,-2.999e-05
ETHUSDT,1745683200002,7.28e-06
ETHUSDT,1745712000001,5.635e-05
ETHUSDT,1745740800000,-6.737e-05
ETHUSDT,1745769600000,-3.852e-05
ETHUSDT,1745798400001,1.32e-06
ETHUSDT,1745827200003,-4.703e-05
ETHUSDT,1745856000005,-8.681e-05
ETHUSDT,1745884800000,8.281e-05
ETHUSDT,1745913600000,5.79e-05
ETHUSDT,1745942400010,-1.396e-05
ETHUSDT,1745971200001,-7.371e-05
ETHUSDT,1746000000000,9.04e-06
ETHUSDT,1746028800003,-6.069e-05
ETHUSDT,1746057600000,5.43e-05
ETHUSDT,1746086400000,4.5e-05
ETHUSDT,1746115200001,7.23e-06
ETHUSDT,1746144000000,-5.91e-06
ETHUSDT,1746172800000,-5.797e-05
ETHUSDT,1746201600003,-5.88e-06
ETHUSDT,1746230400000,4.901e-05
ETHUSDT,1746259200000,1.565e-05
ETHUSDT,1746288000000,2.092e-05
ETHUSDT,1746316800001,6.708e-05
ETHUSDT,1746345600001,3.289e-05
ETHUSDT,1746374400002,-2.67e-05
ETHUSDT,1746403200000,1.81e-06
ETHUSDT,1746432000000,1.998e-05
ETHUSDT,1746460800006,1.194e-05
ETHUSDT,1746489600002,6.899e-05
ETHUSDT,1746518400005,-1.836e-05
ETHUSDT,1746547200000,-3.589e-05
ETHUSDT,1746576000002,3.273e-05
ETHUSDT,1746604800000,8.548e-05
ETHUSDT,1746633600006,-6.48e-06
ETHUSDT,1746662400000,4.564e-05
ETHUSDT,1746691200001,0.0001
ETHUSDT,1746720000002,8.717e-05
ETHUSDT,1746748800001,0.0001
ETHUSDT,1746777600006,0.0001
ETHUSDT,1746806400000,0.0001
ETHUSDT,1746835200001,0.0001
ETHUSDT,1746864000000,9.797e-05
ETHUSDT,1746892800001,9.016e-05
ETHUSDT,1746921600000,0.0001
ETHUSDT,1746950400001,7.363e-05
ETHUSDT,1746979200001,2.438e-05
ETHUSDT,1747008000004,7.088e-05
ETHUSDT,1747036800000,0.0001
ETHUSDT,1747065600000,5.717e-05
ETHUSDT,1747094400000,6.233e-05
ETHUSDT,1747123200008,0.0001
ETHUSDT,1747152000001,0.0001
ETHUSDT,1747180800007,0.0001
ETHUSDT,1747209600000,5.48e-05
ETHUSDT,1747238400002,4.737e-05
ETHUSDT,1747267200000,0.0001
ETHUSDT,1747296000003,0.0001
ETHUSDT,1747324800000,5.698e-05
ETHUSDT,1747353600001,6.801e-05
ETHUSDT,1747382400000,0.0001
ETHUSDT,1747411200000,7.202e-05
ETHUSDT,1747440000000,2.543e-05
ETHUSDT,1747468800001,-1.883e-05
ETHUSDT,1747497600004,2.339e-05
ETHUSDT,1747526400000,5.366e-05
ETHUSDT,1747555200000,4.909e-05
ETHUSDT,1747584000000,1.3e-06
ETHUSDT,1747612800000,-4.925e-05
ETHUSDT,1747641600006,6.531e-05
ETHUSDT,1747670400010,9.181e-05
ETHUSDT,1747699200000,8.013e-05
ETHUSDT,1747728000002,6.807e-05
ETHUSDT,1747756800000,1.174e-05
ETHUSDT,1747785600000,3.663e-05
ETHUSDT,1747814400001,9.338e-05
ETHUSDT,1747843200004,6.47e-06
ETHUSDT,1747872000001,1.141e-05
ETHUSDT,1747900800000,0.0001
ETHUSDT,1747929600002,0.0001
ETHUSDT,1747958400006,0.0001
ETHUSDT,1747987200000,0.0001
ETHUSDT,1748016000007,-7.26e-06
ETHUSDT,1748044800010,0.0001
ETHUSDT,1748073600000,4.033e-05
ETHUSDT,1748102400003,2.114e-05
ETHUSDT,1748131200004,6.041e-05
ETHUSDT,1748160000000,3.75e-05
ETHUSDT,1748188800000,8.487e-05
ETHUSDT,1748217600000,3.85e-06
ETHUSDT,1748246400000,8.047e-05
ETHUSDT,1748275200002,4.711e-05
ETHUSDT,1748304000003,4.026e-05
ETHUSDT,1748332800001,0.0001
ETHUSDT,1748361600005,0.0001
ETHUSDT,1748390400002,0.0001
ETHUSDT,1748419200003,0.0001
ETHUSDT,1748448000002,0.0001
ETHUSDT,1748476800000,0.0001
ETHUSDT,1748505600006,0.0001
ETHUSDT,1748534400000,8.321e-05
ETHUSDT,1748563200003,7.477e-05
ETHUSDT,1748592000003,0.0001
ETHUSDT,1748620800000,5.699e-05
ETHUSDT,1748649600000,3.389e-05
ETHUSDT,1748678400000,8.054e-05
ETHUSDT,1748707200000,2.739e-05
ETHUSDT,1748736000001,7.52e-05
ETHUSDT,1748764800002,3.946e-05
ETHUSDT,1748793600000,3.37e-05
ETHUSDT,1748822400001,1.586e-05
ETHUSDT,1748851200000,5.378e-05
ETHUSDT,1748880000000,8.588e-05
ETHUSDT,1748908800000,3.263e-05
ETHUSDT,1748937600000,6.067e-05
ETHUSDT,1748966400001,5.397e-05
ETHUSDT,1748995200000,4.39e-05
ETHUSDT,1749024000000,7.623e-05
ETHUSDT,1749052800000,7.897e-05
ETHUSDT,1749081600016,2.359e-05
ETHUSDT,1749110400000,8.508e-05
ETHUSDT,1749139200000,6.396e-05
ETHUSDT,1749168000002,-1.147e-05
ETHUSDT,1749196800000,2.643e-05
ETHUSDT,1749225600006,2.684e-05
ETHUSDT,1749254400000,8.699e-05
ETHUSDT,1749283200000,5.456e-05
ETHUSDT,1749312000002,6.753e-05
ETHUSDT,1749340800000,0.0001
ETHUSDT,1749369600000,9.522e-05
ETHUSDT,1749398400000,4.695e-05
ETHUSDT,1749427200000,2.206e-05
ETHUSDT,1749456000001,1.95e-05
ETHUSDT,1749484800001,8.643e-05
ETHUSDT,1749513600000,0.0001
ETHUSDT,1749542400001,0.0001
ETHUSDT,1749571200003,0.0001
ETHUSDT,1749600000000,0.0001
ETHUSDT,1749628800000,0.0001
ETHUSDT,1749657600010,0.0001
ETHUSDT,1749686400002,6.036e-05
ETHUSDT,1749715200003,0.0001
ETHUSDT,1749744000001,5.333e-05
ETHUSDT,1749772800000,-1.372e-05
ETHUSDT,1749801600001,-1.069e-05
ETHUSDT,1749830400004,2.083e-05
ETHUSDT,1749859200000,4.572e-05
ETHUSDT,1749888000000,1.962e-05
ETHUSDT,1749916800000,4.4e-06
ETHUSDT,1749945600005,1.767e-05
ETHUSDT,1749974400009,8.487e-05
ETHUSDT,1750003200000,7.131e-05
ETHUSDT,1750032000000,4.573e-05
ETHUSDT,1750060800000,9.06e-05
ETHUSDT,1750089600003,3.96e-05
ETHUSDT,1750118400000,-9.06e-06
ETHUSDT,1750147200006,0.0001
ETHUSDT,1750176000001,5.558e-05
ETHUSDT,1750204800001,5.83e-05
ETHUSDT,1750233600001,6.782e-05
ETHUSDT,1750262400001,2.338e-05
ETHUSDT,1750291200005,5.403e-05
ETHUSDT,1750320000003,4.793e-05
ETHUSDT,1750348800000,4.883e-05
ETHUSDT,1750377600000,8.145e-05
ETHUSDT,1750406400002,8.963e-05
ETHUSDT,1750435200001,2.59e-05
ETHUSDT,1750464000002,-4.99e-05
ETHUSDT,1750492800005,-1.379e-05
ETHUSDT,1750521600000,5.011e-05
ETHUSDT,1750550400005,-7.98e-06
ETHUSDT,1750579200000,-1.761e-05
ETHUSDT,1750608000003,4.714e-05
ETHUSDT,1750636800000,2.289e-05
ETHUSDT,1750665600004,-1.401e-05
ETHUSDT,1750694400013,1.3e-06
ETHUSDT,1750723200003,2.127e-05
ETHUSDT,1750752000000,1.201e-05
ETHUSDT,1750780800000,4.46e-06
ETHUSDT,1750809600005,-8.33e-06
ETHUSDT,1750838400000,-2.6e-07
ETHUSDT,1750867200005,1.198e-05
ETHUSDT,1750896000000,2.757e-05
ETHUSDT,1750924800006,8.057e-05
ETHUSDT,1750953600007,9.06e-06
ETHUSDT,1750982400000,3.79e-06
ETHUSDT,1751011200000,5.06e-06
ETHUSDT,1751040000009,5.546e-05
ETHUSDT,1751068800001,8.436e-05
ETHUSDT,1751097600002,6.58e-06
ETHUSDT,1751126400000,4.011e-05
ETHUSDT,1751155200004,6.176e-05
ETHUSDT,1751184000001,8.777e-05
ETHUSDT,1751212800001,4.2e-07
ETHUSDT,1751241600000,5.102e-05
ETHUSDT,1751270400005,9.119e-05
ETHUSDT,1751299200002,3.94e-06
ETHUSDT,1751328000007,8.191e-05
ETHUSDT,1751356800002,1.541e-05
ETHUSDT,1751385600000,-1.429e-05
ETHUSDT,1751414400001,1.952e-05
ETHUSDT,1751443200000,4.864e-05
ETHUSDT,1751472000003,5.236e-05
ETHUSDT,1751500800006,0.0001
ETHUSDT,1751529600003,9.82e-05
ETHUSDT,1751558400003,4.398e-05
ETHUSDT,1751587200005,1.353e-05
ETHUSDT,1751616000003,6.619e-05
ETHUSDT,1751644800001,2.691e-05
ETHUSDT,1751673600004,1.406e-05
ETHUSDT,1751702400009,3.958e-05
ETHUSDT,1751731200006,5.542e-05
ETHUSDT,1751760000001,3.909e-05
ETHUSDT,1751788800002,6.583e-05
ETHUSDT,1751817600004,8.149e-05
ETHUSDT,1751846400000,0.0001
ETHUSDT,1751875200007,0.0001
ETHUSDT,1751904000000,-3.011e-05
ETHUSDT,1751932800010,7.589e-05
ETHUSDT,1751961600003,2.787e-05
ETHUSDT,1751990400000,6.466e-05
ETHUSDT,1752019200002,4.903e-05
ETHUSDT,1752048000006,6.771e-05
ETHUSDT,1752076800001,6.268e-05
ETHUSDT,1752105600003,0.0001
ETHUSDT,1752134400000,2.808e-05
ETHUSDT,1752163200004,3.187e-05
ETHUSDT,1752192000004,0.0001
ETHUSDT,1752220800007,0.0001
ETHUSDT,1752249600001,0.0001
ETHUSDT,1752278400000,8.032e-05
ETHUSDT,1752307200001,7.671e-05
ETHUSDT,1752336000002,6.119e-05
ETHUSDT,1752364800006,4.151e-05
ETHUSDT,1752393600001,4.407e-05
ETHUSDT,1752422400003,7.205e-05
ETHUSDT,1752451200000,9.98e-06
ETHUSDT,1752480000000,0.0001
ETHUSDT,1752508800000,0.0001
ETHUSDT,1752537600002,6.134e-05
ETHUSDT,1752566400000,0.0001
ETHUSDT,1752595200000,0.0001
ETHUSDT,1752624000000,0.0001
ETHUSDT,1752652800000,0.0001
ETHUSDT,1752681600008,0.0001
ETHUSDT,1752710400003,0.0001
ETHUSDT,1752739200000,0.0001
ETHUSDT,1752768000000,0.0001
ETHUSDT,1752796800004,0.0001
ETHUSDT,1752825600000,0.0001
ETHUSDT,1752854400000,0.0001
ETHUSDT,1752883200009,0.0001
ETHUSDT,1752912000000,0.0001
ETHUSDT,1752940800002,0.0001
ETHUSDT,1752969600000,0.0001
ETHUSDT,1752998400000,0.0001
ETHUSDT,1753027200000,0.0001
ETHUSDT,1753056000001,0.0001
ETHUSDT,1753084800000,0.0001
ETHUSDT,1753113600001,0.0001
ETHUSDT,1753142400000,0.0001
ETHUSDT,1753171200010,0.0001
ETHUSDT,1753200000007,0.0001
ETHUSDT,1753228800000,0.0001
ETHUSDT,1753257600004,0.0001
ETHUSDT,1753286400002,0.0001
ETHUSDT,1753315200000,0.0001
ETHUSDT,1753344000001,0.0001
ETHUSDT,1753372800000,0.0001
ETHUSDT,1753401600000,0.0001
ETHUSDT,1753430400000,0.0001
ETHUSDT,1753459200000,0.0001
ETHUSDT,1753488000001,0.0001
ETHUSDT,1753516800005,0.0001
ETHUSDT,1753545600001,0.0001
ETHUSDT,1753574400001,9.322e-05
ETHUSDT,1753603200000,8.879e-05
ETHUSDT,1753632000008,0.0001
ETHUSDT,1753660800005,0.0001
ETHUSDT,1753689600000,0.0001
ETHUSDT,1753718400000,0.0001
ETHUSDT,1753747200001,4.494e-05
ETHUSDT,1753776000000,0.0001
ETHUSDT,1753804800000,0.0001
ETHUSDT,1753833600011,2.488e-05
ETHUSDT,1753862400000,5.083e-05
ETHUSDT,1753891200008,1.54e-05
ETHUSDT,1753920000000,5.162e-05
ETHUSDT,1753948800009,0.0001
ETHUSDT,1753977600000,-1.18e-05
ETHUSDT,1754006400001,-3.749e-05
ETHUSDT,1754035200003,1.113e-05
ETHUSDT,1754064000000,4.859e-05
ETHUSDT,1754092800004,5.795e-05
ETHUSDT,1754121600000,6.57e-06
ETHUSDT,1754150400000,7.965e-05
ETHUSDT,1754179200000,6.733e-05
ETHUSDT,1754208000000,5.752e-05
ETHUSDT,1754236800003,3.767e-05
ETHUSDT,1754265600004,1.719e-05
ETHUSDT,1754294400000,1.113e-05
ETHUSDT,1754323200002,3.611e-05
ETHUSDT,1754352000000,1.47e-06
ETHUSDT,1754380800000,3.116e-05
ETHUSDT,1754409600000,1.37e-05
ETHUSDT,1754438400005,2.413e-05
ETHUSDT,1754467200000,8.2e-05
ETHUSDT,1754496000000,6.246e-05
ETHUSDT,1754524800003,6.227e-05
ETHUSDT,1754553600002,4.285e-05
ETHUSDT,1754582400002,0.0001
ETHUSDT,1754611200002,4.26e-05
ETHUSDT,1754640000004,0.0001
ETHUSDT,1754668800000,0.0001
ETHUSDT,1754697600005,0.0001
ETHUSDT,1754726400000,0.0001
ETHUSDT,1754755200007,0.0001
ETHUSDT,1754784000003,9.916e-05
ETHUSDT,1754812800005,0.0001
ETHUSDT,1754841600002,0.0001
ETHUSDT,1754870400000,8.873e-05
ETHUSDT,1754899200000,9.354e-05
ETHUSDT,1754928000000,0.0001
ETHUSDT,1754956800000,3.659e-05
ETHUSDT,1754985600001,0.0001
ETHUSDT,1755014400005,0.0001
ETHUSDT,1755043200000,0.0001
ETHUSDT,1755072000002,0.0001
ETHUSDT,1755100800006,0.0001
ETHUSDT,1755129600002,0.0001
ETHUSDT,1755158400003,0.0001
ETHUSDT,1755187200000,0.0001
ETHUSDT,1755216000000,0.0001
ETHUSDT,1755244800000,9.765e-05
ETHUSDT,1755273600000,6.474e-05
ETHUSDT,1755302400004,5.967e-05
ETHUSDT,1755331200000,8.99e-05
ETHUSDT,1755360000002,1.968e-05
ETHUSDT,1755388800000,4.669e-05
ETHUSDT,1755417600001,-6.68e-06
ETHUSDT,1755446400007,5.334e-05
ETHUSDT,1755475200000,6.32e-06
ETHUSDT,1755504000001,9.191e-05
ETHUSDT,1755532800002,8.959e-05
ETHUSDT,1755561600000,0.0001
ETHUSDT,1755590400001,0.0001
ETHUSDT,1755619200000,0.0001
ETHUSDT,1755648000000,0.0001
ETHUSDT,1755676800000,3.18e-06
ETHUSDT,1755705600000,9.07e-05
ETHUSDT,1755734400006,6.232e-05
ETHUSDT,1755763200000,5.834e-05
ETHUSDT,1755792000003,2.689e-05
ETHUSDT,1755820800010,6.376e-05
ETHUSDT,1755849600007,6.67e-05
ETHUSDT,1755878400001,6.004e-05
ETHUSDT,1755907200004,0.0001
ETHUSDT,1755936000006,0.0001
ETHUSDT,1755964800000,0.0001
ETHUSDT,1755993600001,0.0001
ETHUSDT,1756022400002,0.0001
ETHUSDT,1756051200001,0.0001
ETHUSDT,1756080000000,4.932e-05
ETHUSDT,1756108800002,4.567e-05
ETHUSDT,1756137600002,1.732e-05
ETHUSDT,1756166400000,-7.39e-06
ETHUSDT,1756195200000,1.08e-05
ETHUSDT,1756224000000,1.029e-05
ETHUSDT,1756252800003,-8.19e-06
ETHUSDT,1756281600000,1.933e-05
ETHUSDT,1756310400009,4.152e-05
ETHUSDT,1756339200000,5.965e-05
ETHUSDT,1756368000005,2.643e-05
ETHUSDT,1756396800004,2.175e-05
ETHUSDT,1756425600000,1.728e-05
ETHUSDT,1756454400000,4.981e-05
ETHUSDT,1756483200005,1.496e-05
ETHUSDT,1756512000000,4.162e-05
ETHUSDT,1756540800002,-1.108e-05
ETHUSDT,1756569600003,4.057e-05
ETHUSDT,1756598400016,-1.39e-05
ETHUSDT,1756627200000,5.543e-05
ETHUSDT,1756656000001,-1.154e-05
ETHUSDT,1756684800000,-2.114e-05
ETHUSDT,1756713600000,-1.3e-05
ETHUSDT,1756742400001,1.22e-06
ETHUSDT,1756771200000,4.06e-06
ETHUSDT,1756800000005,5.513e-05
ETHUSDT,1756828800007,3.026e-05
ETHUSDT,1756857600006,1.812e-05
ETHUSDT,1756886400002,-1.11e-06
ETHUSDT,1756915200002,3.174e-05
ETHUSDT,1756944000002,2.311e-05
ETHUSDT,1756972800000,-2.012e-05
ETHUSDT,1757001600000,-2.527e-05
ETHUSDT,1757030400001,-5.54e-05
ETHUSDT,1757059200006,-3.456e-05
ETHUSDT,1757088000000,2.866e-05
ETHUSDT,1757116800000,-2.104e-05
ETHUSDT,1757145600005,3.956e-05
ETHUSDT,1757174400000,4.06e-05
ETHUSDT,1757203200000,5.946e-05
ETHUSDT,1757232000000,8.938e-05
ETHUSDT,1757260800000,3.335e-05
ETHUSDT,1757289600007,2.556e-05
ETHUSDT,1757318400000,2.063e-05
ETHUSDT,1757347200000,9.082e-05
ETHUSDT,1757376000000,4.706e-05
ETHUSDT,1757404800000,0.0001
ETHUSDT,1757433600000,6.645e-05
ETHUSDT,1757462400000,6.156e-05
ETHUSDT,1757491200002,8.82e-05
ETHUSDT,1757520000000,0.0001
ETHUSDT,1757548800000,1.341e-05
ETHUSDT,1757577600000,0.0001
ETHUSDT,1757606400001,8.501e-05
ETHUSDT,1757635200002,4.858e-05
ETHUSDT,1757664000001,0.0001
ETHUSDT,1757692800005,0.0001
ETHUSDT,1757721600005,0.0001
ETHUSDT,1757750400002,9.815e-05
ETHUSDT,1757779200000,0.0001
ETHUSDT,1757808000006,3.75e-06
ETHUSDT,1757836800000,8.307e-05
ETHUSDT,1757865600001,5.553e-05
ETHUSDT,1757894400006,7.366e-05
ETHUSDT,1757923200002,6.603e-05
ETHUSDT,1757952000001,3.563e-05
ETHUSDT,1757980800001,4.54e-05
ETHUSDT,1758009600000,4.526e-05
ETHUSDT,1758038400000,2.037e-05
ETHUSDT,1758067200001,2.419e-05
ETHUSDT,1758096000000,5.358e-05
ETHUSDT,1758124800003,4.406e-05
ETHUSDT,1758153600006,5.15e-05
ETHUSDT,1758182400002,4.292e-05
ETHUSDT,1758211200000,1.971e-05
ETHUSDT,1758240000000,5.745e-05
ETHUSDT,1758268800005,-9.04e-06
ETHUSDT,1758297600000,-4.324e-05
ETHUSDT,1758326400000,-4.366e-05
ETHUSDT,1758355200000,-5.97e-06
ETHUSDT,1758384000002,4.189e-05
ETHUSDT,1758412800000,-2.372e-05
ETHUSDT,1758441600000,4.828e-05
ETHUSDT,1758470400000,3.039e-05
ETHUSDT,1758499200005,-2.051e-05
ETHUSDT,1758528000003,-5.18e-06
ETHUSDT,1758556800000,5.08e-06
ETHUSDT,1758585600000,-1.93e-06
ETHUSDT,1758614400001,5.594e-05
ETHUSDT,1758643200000,-2.189e-05
ETHUSDT,1758672000003,9.73e-06
ETHUSDT,1758700800001,7.19e-06
ETHUSDT,1758729600002,-3.616e-05
ETHUSDT,1758758400000,-8.602e-05
ETHUSDT,1758787200001,-8.11e-05
ETHUSDT,1758816000000,0.0001
ETHUSDT,1758844800000,8.976e-05
ETHUSDT,1758873600000,3.202e-05
ETHUSDT,1758902400008,4.775e-05
ETHUSDT,1758931200000,-1.608e-05
ETHUSDT,1758960000010,4.387e-05
ETHUSDT,1758988800003,0.0001
ETHUSDT,1759017600000,7.975e-05
ETHUSDT,1759046400000,4.229e-05
ETHUSDT,1759075200000,8.2e-05
ETHUSDT,1759104000000,3.512e-05
ETHUSDT,1759132800002,3.842e-05
ETHUSDT,1759161600001,-3.49e-05
ETHUSDT,1759190400002,9.16e-06
ETHUSDT,1759219200005,-1.307e-05
ETHUSDT,1759248000000,4.72e-06
ETHUSDT,1759276800000,-1.572e-05
ETHUSDT,1759305600000,2.569e-05
ETHUSDT,1759334400000,-7.44e-06
ETHUSDT,1759363200000,1.487e-05
ETHUSDT,1759392000013,3.033e-05
ETHUSDT,1759420800000,3.733e-05
ETHUSDT,1759449600006,1.312e-05
ETHUSDT,1759478400006,7.933e-05
ETHUSDT,1759507200000,5.593e-05
ETHUSDT,1759536000001,5.57e-05
ETHUSDT,1759564800000,7.25e-06
ETHUSDT,1759593600000,4.8e-05
ETHUSDT,1759622400000,5.761e-05
ETHUSDT,1759651200003,0.0001
ETHUSDT,1759680000009,9.708e-05
ETHUSDT,1759708800004,7.894e-05
ETHUSDT,1759737600002,0.0001
ETHUSDT,1759766400004,0.0001
ETHUSDT,1759795200000,0.0001
ETHUSDT,1759824000003,0.0001
ETHUSDT,1759852800000,0.0001
ETHUSDT,1759881600000,1.254e-05
ETHUSDT,1759910400006,6.038e-05
ETHUSDT,1759939200002,1.261e-05
ETHUSDT,1759968000001,3.613e-05
ETHUSDT,1759996800000,-2.26e-06
ETHUSDT,1760025600000,5.752e-05
ETHUSDT,1760054400005,2.565e-05
ETHUSDT,1760083200002,2.511e-05
ETHUSDT,1760112000014,-5.147e-05
ETHUSDT,1760140800000,0.0001
ETHUSDT,1760169600003,-0.00013094
ETHUSDT,1760198400000,-1.73e-06
ETHUSDT,1760227200004,-6.965e-05
ETHUSDT,1760256000002,8.39e-06
ETHUSDT,1760284800000,-4.563e-05
ETHUSDT,1760313600003,-2.591e-05
ETHUSDT,1760342400002,5.255e-05
ETHUSDT,1760371200003,5.202e-05
ETHUSDT,1760400000000,5.602e-05
ETHUSDT,1760428800000,3.52e-06
ETHUSDT,1760457600000,2.693e-05
ETHUSDT,1760486400006,1.42e-05
ETHUSDT,1760515200002,4.258e-05
ETHUSDT,1760544000000,2.5e-05
ETHUSDT,1760572800000,-4.99e-06
ETHUSDT,1760601600003,7.65e-06
ETHUSDT,1760630400002,6.18e-06
ETHUSDT,1760659200001,3.354e-05
ETHUSDT,1760688000005,5.63e-05
ETHUSDT,1760716800003,2.963e-05
ETHUSDT,1760745600000,1.423e-05
ETHUSDT,1760774400002,1.51e-05
ETHUSDT,1760803200001,6.086e-05
ETHUSDT,1760832000001,6.239e-05
ETHUSDT,1760860800001,2.101e-05
ETHUSDT,1760889600001,3.514e-05
ETHUSDT,1760918400004,2.481e-05
ETHUSDT,1760947200001,5.413e-05
ETHUSDT,1760976000000,5.999e-05
ETHUSDT,1761004800009,3.53e-05
ETHUSDT,1761033600000,4.7e-07
ETHUSDT,1761062400000,7.724e-05
ETHUSDT,1761091200004,-2.491e-05
ETHUSDT,1761120000000,2.192e-05
ETHUSDT,1761148800000,2.392e-05
ETHUSDT,1761177600000,5.29e-06
ETHUSDT,1761206400001,4.173e-05
ETHUSDT,1761235200004,5.185e-05
ETHUSDT,1761264000000,8.88e-06
ETHUSDT,1761292800000,9.418e-05
ETHUSDT,1761321600009,3.074e-05
ETHUSDT,1761350400000,1.282e-05
ETHUSDT,1761379200001,1.546e-05
ETHUSDT,1761408000001,6.413e-05
ETHUSDT,1761436800001,0.0001
ETHUSDT,1761465600001,2.079e-05
ETHUSDT,1761494400000,0.0001
ETHUSDT,1761523200000,0.0001
ETHUSDT,1761552000005,0.0001
ETHUSDT,1761580800000,7.827e-05
ETHUSDT,1761609600000,3.936e-05
ETHUSDT,1761638400000,4.615e-05
ETHUSDT,1761667200004,1.796e-05
ETHUSDT,1761696000004,-5.159e-05
ETHUSDT,1761724800005,-1.008e-05
ETHUSDT,1761753600000,3.915e-05
ETHUSDT,1761782400004,-3.389e-05
ETHUSDT,1761811200008,-2.243e-05
ETHUSDT,1761840000001,-6.394e-05
ETHUSDT,1761868800000,3.219e-05
ETHUSDT,1761897600008,7.777e-05
ETHUSDT,1761926400007,-1.283e-05
ETHUSDT,1761955200001,6.032e-05
ETHUSDT,1761984000000,7.748e-05
ETHUSDT,1762012800000,0.0001
ETHUSDT,1762041600007,6.688e-05
ETHUSDT,1762070400000,9.258e-05
ETHUSDT,1762099200001,3.269e-05
ETHUSDT,1762128000000,8.937e-05
ETHUSDT,1762156800010,2.373e-05
ETHUSDT,1762185600000,5.24e-06
ETHUSDT,1762214400002,7.89e-05
ETHUSDT,1762243200004,8.984e-05
ETHUSDT,1762272000000,4.875e-05
ETHUSDT,1762300800000,1.174e-05
ETHUSDT,1762329600000,6.56e-06
ETHUSDT,1762358400004,4.337e-05
ETHUSDT,1762387200001,4.919e-05
ETHUSDT,1762416000000,4.986e-05
ETHUSDT,1762444800001,7.1e-07
ETHUSDT,1762473600005,7.583e-05
ETHUSDT,1762502400003,4.78e-05
ETHUSDT,1762531200005,8.277e-05
ETHUSDT,1762560000011,7.722e-05
ETHUSDT,1762588800015,8.414e-05
ETHUSDT,1762617600001,6.487e-05
ETHUSDT,1762646400004,1.158e-05
ETHUSDT,1762675200000,6.622e-05
ETHUSDT,1762704000005,4.71e-05
ETHUSDT,1762732800000,3.686e-05
ETHUSDT,1762761600000,9.099e-05
ETHUSDT,1762790400003,7.806e-05
ETHUSDT,1762819200007,2.962e-05
ETHUSDT,1762848000000,-2.557e-05
ETHUSDT,1762876800009,2.827e-05
ETHUSDT,1762905600000,3.618e-05
ETHUSDT,1762934400002,-3.94e-05
ETHUSDT,1762963200000,7.04e-05
ETHUSDT,1762992000002,6.967e-05
ETHUSDT,1763020800000,0.0001
ETHUSDT,1763049600001,2.321e-05
ETHUSDT,1763078400000,-3.82e-06
ETHUSDT,1763107200000,3.573e-05
ETHUSDT,1763136000001,7.962e-05
ETHUSDT,1763164800005,4.979e-05
ETHUSDT,1763193600000,4.397e-05
ETHUSDT,1763222400001,4.679e-05
ETHUSDT,1763251200001,0.0001
ETHUSDT,1763280000000,0.0001
ETHUSDT,1763308800000,7.779e-05
ETHUSDT,1763337600003,0.0001
ETHUSDT,1763366400003,0.0001
ETHUSDT,1763395200000,5.992e-05
ETHUSDT,1763424000002,9.056e-05
ETHUSDT,1763452800004,0.0001
ETHUSDT,1763481600000,5.928e-05
ETHUSDT,1763510400000,0.0001
ETHUSDT,1763539200000,6.727e-05
ETHUSDT,1763568000008,3.204e-05
ETHUSDT,1763596800000,7.097e-05
ETHUSDT,1763625600000,7.838e-05
ETHUSDT,1763654400000,6.788e-05
ETHUSDT,1763683200001,3.335e-05
ETHUSDT,1763712000000,1.947e-05
ETHUSDT,1763740800001,5.44e-05
ETHUSDT,1763769600004,1.859e-05
ETHUSDT,1763798400000,7.195e-05
ETHUSDT,1763827200000,4.657e-05
ETHUSDT,1763856000000,6.445e-05
ETHUSDT,1763884800008,-2.356e-05
ETHUSDT,1763913600003,-5.87e-06
ETHUSDT,1763942400004,-1e-07
ETHUSDT,1763971200000,7.615e-05
ETHUSDT,1764000000006,4.931e-05
ETHUSDT,1764028800000,4.02e-05
ETHUSDT,1764057600009,3.624e-05
ETHUSDT,1764086400007,5.56e-06
ETHUSDT,1764115200001,4.707e-05
ETHUSDT,1764144000001,-9.2e-06
ETHUSDT,1764172800000,1.886e-05
ETHUSDT,1764201600013,2.467e-05
ETHUSDT,1764230400000,1.646e-05
ETHUSDT,1764259200004,9.88e-06
ETHUSDT,1764288000008,-1.45e-06
ETHUSDT,1764316800000,2.638e-05
ETHUSDT,1764345600008,-9.03e-06
ETHUSDT,1764374400000,2.574e-05
ETHUSDT,1764403200005,5.1e-06
ETHUSDT,1764432000001,-1.52e-06
ETHUSDT,1764460800003,7.916e-05
ETHUSDT,1764489600000,4.019e-05
ETHUSDT,1764518400004,3.707e-05
ETHUSDT,1764547200000,5.374e-05
ETHUSDT,1764576000004,7.757e-05
ETHUSDT,1764604800000,-2.535e-05
ETHUSDT,1764633600004,6.949e-05
ETHUSDT,1764662400000,5.552e-05
ETHUSDT,1764691200000,4.147e-05
ETHUSDT,1764720000000,4.698e-05
ETHUSDT,1764748800000,1.107e-05
ETHUSDT,1764777600005,5.015e-05
ETHUSDT,1764806400012,6.305e-05
ETHUSDT,1764835200000,0.0001
ETHUSDT,1764864000011,9.628e-05
ETHUSDT,1764892800000,2.405e-05
ETHUSDT,1764921600000,9.771e-05
ETHUSDT,1764950400010,4.884e-05
ETHUSDT,1764979200001,4.481e-05
ETHUSDT,1765008000001,4.55e-06
ETHUSDT,1765036800008,3.188e-05
ETHUSDT,1765065600000,3.716e-05
ETHUSDT,1765094400004,-9.74e-06
ETHUSDT,1765123200000,1.448e-05
ETHUSDT,1765152000000,2.807e-05
ETHUSDT,1765180800000,7.24e-05
ETHUSDT,1765209600001,4.139e-05
ETHUSDT,1765238400001,5.283e-05
ETHUSDT,1765267200001,6.214e-05
ETHUSDT,1765296000007,3.873e-05
ETHUSDT,1765324800007,0.0001
ETHUSDT,1765353600002,7.429e-05
ETHUSDT,1765382400012,3.462e-05
ETHUSDT,1765411200001,6.92e-05
ETHUSDT,1765440000000,1.38e-06
ETHUSDT,1765468800000,2.616e-05
ETHUSDT,1765497600005,-2.48e-06
ETHUSDT,1765526400007,3.217e-05
ETHUSDT,1765555200002,-2.36e-06
ETHUSDT,1765584000001,1.07e-06
ETHUSDT,1765612800006,-1.354e-05
ETHUSDT,1765641600000,3.292e-05
ETHUSDT,1765670400000,8.266e-05
ETHUSDT,1765699200003,4.872e-05
ETHUSDT,1765728000005,8.259e-05
ETHUSDT,1765756800000,6.154e-05
ETHUSDT,1765785600000,3.415e-05
ETHUSDT,1765814400000,2.051e-05
ETHUSDT,1765843200002,-6.41e-06
ETHUSDT,1765872000000,2.281e-05
ETHUSDT,1765900800002,-1.87e-05
ETHUSDT,1765929600004,3.52e-06
ETHUSDT,1765958400000,3.718e-05
ETHUSDT,1765987200000,8.6e-07
ETHUSDT,1766016000005,-1.833e-05
ETHUSDT,1766044800007,-3.186e-05
ETHUSDT,1766073600001,5.89e-05
ETHUSDT,1766102400000,5.783e-05
ETHUSDT,1766131200001,7.285e-05
ETHUSDT,1766160000000,9.196e-05
ETHUSDT,1766188800005,1.997e-05
ETHUSDT,1766217600000,1.909e-05
ETHUSDT,1766246400002,9.03e-06
ETHUSDT,1766275200000,1.836e-05
ETHUSDT,1766304000009,4.198e-05
ETHUSDT,1766332800000,3.37e-06
ETHUSDT,1766361600000,-2.332e-05
ETHUSDT,1766390400005,5.76e-06
ETHUSDT,1766419200009,-5.69e-06
ETHUSDT,1766448000000,3.812e-05
ETHUSDT,1766476800000,6.79e-05
ETHUSDT,1766505600001,2.64e-05
ETHUSDT,1766534400001,2.584e-05
ETHUSDT,1766563200001,6.186e-05
ETHUSDT,1766592000000,5.629e-05
ETHUSDT,1766620800000,6.527e-05
ETHUSDT,1766649600001,6.688e-05
ETHUSDT,1766678400005,4.97e-05
ETHUSDT,1766707200004,5.028e-05
ETHUSDT,1766736000001,6.473e-05
ETHUSDT,1766764800007,3.451e-05
ETHUSDT,1766793600000,4.038e-05
ETHUSDT,1766822400000,-5.19e-06
ETHUSDT,1766851200011,8.133e-05
ETHUSDT,1766880000008,5.105e-05
ETHUSDT,1766908800000,7.91e-05
ETHUSDT,1766937600000,4.862e-05
ETHUSDT,1766966400016,9.172e-05
ETHUSDT,1766995200001,8.496e-05
ETHUSDT,1767024000000,1.862e-05
ETHUSDT,1767052800005,-1.536e-05
ETHUSDT,1767081600001,3.92e-05
ETHUSDT,1767110400003,0.0001
ETHUSDT,1767139200004,5.157e-05
ETHUSDT,1767168000001,1.205e-05
ETHUSDT,1767196800001,3.527e-05
ETHUSDT,1767225600008,0.0001
ETHUSDT,1767254400002,8.799e-05
ETHUSDT,1767283200001,-5.6e-06
ETHUSDT,1767312000006,5.053e-05
ETHUSDT,1767340800007,3.09e-05
ETHUSDT,1767369600000,0.0001
ETHUSDT,1767398400001,5.187e-05
ETHUSDT,1767427200000,3.421e-05
ETHUSDT,1767456000000,3.231e-05
ETHUSDT,1767484800000,7.598e-05
ETHUSDT,1767513600000,2.12e-06
ETHUSDT,1767542400001,7.231e-05
ETHUSDT,1767571200000,7.926e-05
ETHUSDT,1767600000000,9.66e-06
ETHUSDT,1767628800000,5.085e-05
ETHUSDT,1767657600010,8.035e-05
ETHUSDT,1767686400000,6.876e-05
ETHUSDT,1767715200000,4.25e-05
ETHUSDT,1767744000001,7.658e-05
ETHUSDT,1767772800001,7.268e-05
ETHUSDT,1767801600001,3.902e-05
ETHUSDT,1767830400001,7.044e-05
ETHUSDT,1767859200000,7.658e-05
ETHUSDT,1767888000000,4.9e-07
ETHUSDT,1767916800003,6.634e-05
ETHUSDT,1767945600000,3.789e-05
ETHUSDT,1767974400001,5.562e-05
ETHUSDT,1768003200000,8.959e-05
ETHUSDT,1768032000002,0.0001
ETHUSDT,1768060800001,5.277e-05
ETHUSDT,1768089600003,9.824e-05
ETHUSDT,1768118400006,6.573e-05
ETHUSDT,1768147200000,5.876e-05
ETHUSDT,1768176000005,0.0001
ETHUSDT,1768204800000,3.472e-05
ETHUSDT,1768233600000,6.663e-05
ETHUSDT,1768262400007,4.704e-05
ETHUSDT,1768291200009,9.164e-05
ETHUSDT,1768320000002,2.672e-05
ETHUSDT,1768348800000,0.0001
ETHUSDT,1768377600001,0.0001
ETHUSDT,1768406400004,8.331e-05
ETHUSDT,1768435200000,5.358e-05
ETHUSDT,1768464000004,6.58e-06
ETHUSDT,1768492800002,9.722e-05
ETHUSDT,1768521600000,3.284e-05
ETHUSDT,1768550400000,3.558e-05
ETHUSDT,1768579200001,2.767e-05
ETHUSDT,1768608000000,8.371e-05
ETHUSDT,1768636800000,8.079e-05
ETHUSDT,1768665600002,6.017e-05
ETHUSDT,1768694400001,3.761e-05
ETHUSDT,1768723200000,1.351e-05
ETHUSDT,1768752000000,2.477e-05
ETHUSDT,1768780800007,5.221e-05
ETHUSDT,1768809600007,-1.14e-05
ETHUSDT,1768838400007,1.428e-05
ETHUSDT,1768867200005,8.611e-05
ETHUSDT,1768896000001,6.101e-05
ETHUSDT,1768924800009,1.232e-05
ETHUSDT,1768953600001,5.52e-06
ETHUSDT,1768982400011,5.3e-06
ETHUSDT,1769011200011,1.113e-05
ETHUSDT,1769040000010,2.119e-05
ETHUSDT,1769068800003,7.681e-05
ETHUSDT,1769097600005,-2.933e-05
ETHUSDT,1769126400005,1.674e-05
ETHUSDT,1769155200000,2.868e-05
ETHUSDT,1769184000011,5.045e-05
ETHUSDT,1769212800011,3.675e-05
ETHUSDT,1769241600002,1.171e-05
ETHUSDT,1769270400001,1.292e-05
ETHUSDT,1769299200002,4.065e-05
ETHUSDT,1769328000011,6.759e-05
ETHUSDT,1769356800005,4.059e-05
ETHUSDT,1769385600000,-0.00013629
ETHUSDT,1769414400003,6.54e-05
ETHUSDT,1769443200000,1.326e-05
ETHUSDT,1769472000002,7.255e-05
ETHUSDT,1769500800000,8.694e-05
ETHUSDT,1769529600000,9.488e-05
ETHUSDT,1769558400000,8.698e-05
ETHUSDT,1769587200000,9.559e-05
ETHUSDT,1769616000000,4.501e-05
ETHUSDT,1769644800000,4.731e-05
ETHUSDT,1769673600009,4.078e-05
ETHUSDT,1769702400000,-1.167e-05
ETHUSDT,1769731200008,4.73e-06
ETHUSDT,1769760000000,-3.08e-06
ETHUSDT,1769788800001,-5.6e-07
ETHUSDT,1769817600000,-7.003e-05
ETHUSDT,1769846400001,1.854e-05
ETHUSDT,1769875200009,-8.908e-05
ETHUSDT,1769904000001,-0.00016427
ETHUSDT,1769932800004,1.415e-05
ETHUSDT,1769961600000,-7.308e-05
ETHUSDT,1769990400000,-0.00015302
ETHUSDT,1770019200014,-8.208e-05
ETHUSDT,1770048000000,-0.00010921
ETHUSDT,1770076800000,-0.00015482
ETHUSDT,1770105600007,1.01e-05
ETHUSDT,1770134400000,-3.903e-05
ETHUSDT,1770163200002,-2.474e-05
ETHUSDT,1770192000007,2.076e-05
ETHUSDT,1770220800000,-6.117e-05
ETHUSDT,1770249600011,5.503e-05
ETHUSDT,1770278400000,-5.04e-06
ETHUSDT,1770307200007,-7.797e-05
ETHUSDT,1770336000000,-0.00027709
ETHUSDT,1770364800001,-8.43e-05
ETHUSDT,1770393600000,1.852e-05
ETHUSDT,1770422400003,0.0001
ETHUSDT,1770451200000,-1.83e-06
ETHUSDT,1770480000010,1.636e-05
ETHUSDT,1770508800003,2.665e-05
ETHUSDT,1770537600000,-3.046e-05
ETHUSDT,1770566400000,-5.398e-05
ETHUSDT,1770595200002,-4.033e-05
ETHUSDT,1770624000001,-4.865e-05
ETHUSDT,1770652800007,-3.34e-06
ETHUSDT,1770681600000,4.269e-05
ETHUSDT,1770710400007,-0.0001521
ETHUSDT,1770739200000,-0.00019437
ETHUSDT,1770768000000,-8.436e-05
ETHUSDT,1770796800006,-0.00012968
ETHUSDT,1770825600000,-0.00012326
ETHUSDT,1770854400000,-2.549e-05
ETHUSDT,1770883200001,2.239e-05
ETHUSDT,1770912000001,-4.103e-05
ETHUSDT,1770940800007,-0.00010652
ETHUSDT,1770969600003,-2.874e-05
ETHUSDT,1770998400005,4.26e-05
ETHUSDT,1771027200002,-2.68e-06
ETHUSDT,1771056000004,1.442e-05
ETHUSDT,1771084800002,-1.921e-05
ETHUSDT,1771113600000,-6.367e-05
ETHUSDT,1771142400002,6.204e-05
ETHUSDT,1771171200000,-7.55e-05
ETHUSDT,1771200000001,-5.314e-05
ETHUSDT,1771228800003,-5.925e-05
ETHUSDT,1771257600000,-3.499e-05
ETHUSDT,1771286400008,5.298e-05
ETHUSDT,1771315200001,8.43e-06
ETHUSDT,1771344000002,-4.733e-05
ETHUSDT,1771372800000,1.121e-05
ETHUSDT,1771401600000,-3.783e-05
ETHUSDT,1771430400011,-8.66e-06
ETHUSDT,1771459200013,-0.00010561
ETHUSDT,1771488000000,-3.009e-05
ETHUSDT,1771516800003,-7.865e-05
ETHUSDT,1771545600000,-4.637e-05
ETHUSDT,1771574400000,-3.19e-05
ETHUSDT,1771603200000,-7.16e-05
ETHUSDT,1771632000004,3.05e-05
ETHUSDT,1771660800000,4.592e-05
ETHUSDT,1771689600005,6.628e-05
ETHUSDT,1771718400001,3.845e-05
ETHUSDT,1771747200004,1.584e-05
ETHUSDT,1771776000000,-4.379e-05
ETHUSDT,1771804800001,-3.343e-05
ETHUSDT,1771833600000,-0.00036526
ETHUSDT,1771862400000,1.654e-05
ETHUSDT,1771891200007,2.61e-05
ETHUSDT,1771920000000,-4.446e-05
ETHUSDT,1771948800001,-2.974e-05
ETHUSDT,1771977600001,-2.455e-05
ETHUSDT,1772006400007,4.558e-05
ETHUSDT,1772035200000,5.753e-05
ETHUSDT,1772064000000,7.787e-05
ETHUSDT,1772092800006,-2.591e-05
ETHUSDT,1772121600002,3.926e-05
ETHUSDT,1772150400007,1.39e-05
ETHUSDT,1772179200000,3.34e-06
ETHUSDT,1772208000001,-0.00011015
ETHUSDT,1772236800000,-8.821e-05
ETHUSDT,1772265600000,-9.456e-05
ETHUSDT,1772294400004,-7.186e-05
ETHUSDT,1772323200005,-3.406e-05
ETHUSDT,1772352000000,4.986e-05
ETHUSDT,1772380800002,5.291e-05
ETHUSDT,1772409600001,-7.621e-05
ETHUSDT,1772438400007,-4.31e-05
ETHUSDT,1772467200000,-6.736e-05
ETHUSDT,1772496000000,4.93e-05
ETHUSDT,1772524800000,-2.809e-05
ETHUSDT,1772553600007,-9.532e-05
ETHUSDT,1772582400001,-3.92e-06
ETHUSDT,1772611200005,-7.107e-05
ETHUSDT,1772640000000,6.615e-05
ETHUSDT,1772668800000,-1.331e-05
ETHUSDT,1772697600000,-8.37e-06
ETHUSDT,1772726400004,-1.463e-05
ETHUSDT,1772755200001,4.376e-05
ETHUSDT,1772784000001,-2.383e-05
ETHUSDT,1772812800004,-9.858e-05
ETHUSDT,1772841600001,-4.995e-05
ETHUSDT,1772870400012,-9.16e-06
ETHUSDT,1772899200001,-2.26e-05
ETHUSDT,1772928000001,-4.775e-05
ETHUSDT,1772956800000,-8.766e-05
ETHUSDT,1772985600002,-7.522e-05
ETHUSDT,1773014400000,-0.00022545
ETHUSDT,1773043200004,2.557e-05
ETHUSDT,1773072000003,5.482e-05
ETHUSDT,1773100800012,4.253e-05
ETHUSDT,1773129600002,5.082e-05
ETHUSDT,1773158400001,2.672e-05
ETHUSDT,1773187200000,-3.94e-06
ETHUSDT,1773216000007,-7.4e-07
ETHUSDT,1773244800010,2.992e-05
ETHUSDT,1773273600000,9.02e-06
ETHUSDT,1773302400000,-6.811e-05
ETHUSDT,1773331200000,-1.513e-05
ETHUSDT,1773360000006,2.264e-05
ETHUSDT,1773388800001,-6.3e-07
ETHUSDT,1773417600000,2.099e-05
ETHUSDT,1773446400001,2.679e-05
ETHUSDT,1773475200000,-2.367e-05
ETHUSDT,1773504000007,-4.1e-05
ETHUSDT,1773532800000,-4.662e-05
ETHUSDT,1773561600000,1.371e-05
ETHUSDT,1773590400000,3.459e-05
ETHUSDT,1773619200000,7.611e-05
ETHUSDT,1773648000010,0.0001
ETHUSDT,1773676800000,7.073e-05
ETHUSDT,1773705600000,5.155e-05
ETHUSDT,1773734400002,1.964e-05
ETHUSDT,1773763200011,-1.057e-05
ETHUSDT,1773792000002,1.504e-05
ETHUSDT,1773820800002,1.301e-05
ETHUSDT,1773849600005,-1.399e-05
ETHUSDT,1773878400000,-3.8e-06
ETHUSDT,1773907200003,-8.71e-06
ETHUSDT,1773936000003,6.6e-07
ETHUSDT,1773964800002,-6.348e-05
ETHUSDT,1773993600000,-5.947e-05
ETHUSDT,1774022400000,-7.2e-07
ETHUSDT,1774051200000,2.359e-05
ETHUSDT,1774080000000,1.136e-05
ETHUSDT,1774108800014,2.063e-05
ETHUSDT,1774137600012,-1.052e-05
ETHUSDT,1774166400007,1.14e-05
ETHUSDT,1774195200002,-7.418e-05
ETHUSDT,1774224000000,-5.929e-05
ETHUSDT,1774252800003,-3.16e-06
ETHUSDT,1774281600002,6.11e-05
ETHUSDT,1774310400000,2.88e-05
ETHUSDT,1774339200000,2.122e-05
ETHUSDT,1774368000003,-2.682e-05
ETHUSDT,1774396800000,3.54e-05
ETHUSDT,1774425600000,-4.168e-05
ETHUSDT,1774454400013,5.27e-06
ETHUSDT,1774483200001,4.453e-05
ETHUSDT,1774512000001,7.15e-06
ETHUSDT,1774540800000,-8.212e-05
ETHUSDT,1774569600006,-2.08e-06
ETHUSDT,1774598400000,-5.164e-05
ETHUSDT,1774627200000,-0.00018104
ETHUSDT,1774656000005,-4.999e-05
ETHUSDT,1774684800005,-8.079e-05
ETHUSDT,1774713600000,4.5e-07
ETHUSDT,1774742400003,-1.122e-05
ETHUSDT,1774771200001,-3.677e-05
ETHUSDT,1774800000000,-3.76e-05
ETHUSDT,1774828800000,-2.586e-05
ETHUSDT,1774857600005,1.177e-05
ETHUSDT,1774886400000,4.113e-05
ETHUSDT,1774915200000,2.57e-06
ETHUSDT,1774944000000,1.748e-05
ETHUSDT,1774972800000,-9.62e-06
ETHUSDT,1775001600000,-2.57e-06
ETHUSDT,1775030400000,4.782e-05
ETHUSDT,1775059200000,4.428e-05
ETHUSDT,1775088000003,-8.956e-05
ETHUSDT,1775116800001,-0.00013372
ETHUSDT,1775145600001,-7.283e-05
ETHUSDT,1775174400000,-2.988e-05
ETHUSDT,1775203200008,6.37e-06
ETHUSDT,1775232000008,-9.58e-06
ETHUSDT,1775260800000,-3e-07
ETHUSDT,1775289600003,4.915e-05
ETHUSDT,1775318400000,7.35e-06
ETHUSDT,1775347200008,2.442e-05
ETHUSDT,1775376000000,6.23e-06
ETHUSDT,1775404800001,-4.34e-05
ETHUSDT,1775433600004,2.356e-05
ETHUSDT,1775462400001,6.201e-05
ETHUSDT,1775491200003,2.033e-05
ETHUSDT,1775520000000,-3.933e-05
ETHUSDT,1775548800000,-2.975e-05
ETHUSDT,1775577600000,1.031e-05
ETHUSDT,1775606400000,0.0001
ETHUSDT,1775635200000,5.834e-05
ETHUSDT,1775664000006,6.711e-05
ETHUSDT,1775692800000,3.32e-05
ETHUSDT,1775721600010,-1.493e-05
ETHUSDT,1775750400001,1.917e-05
ETHUSDT,1775779200000,1.25e-05
ETHUSDT,1775808000005,2.83e-06
ETHUSDT,1775836800000,-4.48e-06
ETHUSDT,1775865600000,-6.627e-05
ETHUSDT,1775894400000,-7.635e-05
ETHUSDT,1775923200003,-3.26e-05
ETHUSDT,1775952000000,8.271e-05
ETHUSDT,1775980800000,-3.576e-05
ETHUSDT,1776009600000,-5.477e-05
ETHUSDT,1776038400011,-9.86e-06
ETHUSDT,1776067200006,3.028e-05
ETHUSDT,1776096000000,3.014e-05
ETHUSDT,1776124800005,0.0001
ETHUSDT,1776153600003,0.0001
ETHUSDT,1776182400001,3.49e-05
ETHUSDT,1776211200000,1.802e-05
ETHUSDT,1776240000000,1.648e-05
ETHUSDT,1776268800000,2.61e-06
ETHUSDT,1776297600013,-1.717e-05
ETHUSDT,1776326400000,-5.141e-05
ETHUSDT,1776355200000,-3.792e-05
ETHUSDT,1776384000001,8.61e-06
ETHUSDT,1776412800011,8.22e-06
ETHUSDT,1776441600001,1.819e-05
ETHUSDT,1776470400001,-2.327e-05
ETHUSDT,1776499200006,-1.075e-05
ETHUSDT,1776528000000,-0.00015064
ETHUSDT,1776556800002,-0.00010377
ETHUSDT,1776585600010,-0.00011438
ETHUSDT,1776614400001,-0.00022976
ETHUSDT,1776643200000,-9.27e-06
ETHUSDT,1776672000000,-1.408e-05
ETHUSDT,1776700800001,8.1e-06
ETHUSDT,1776729600000,-4.382e-05
ETHUSDT,1776758400004,-3.72e-05
ETHUSDT,1776787200004,-3.676e-05
ETHUSDT,1776816000004,-2.128e-05
ETHUSDT,1776844800000,0.0001
ETHUSDT,1776873600000,7.797e-05
ETHUSDT,1776902400000,0.0001
ETHUSDT,1776931200000,-1.984e-05
ETHUSDT,1776960000004,-6.025e-05
ETHUSDT,1776988800006,-3.645e-05
ETHUSDT,1777017600000,-6.98e-05
ETHUSDT,1777046400000,-0.00012145
ETHUSDT,1777075200000,-4.387e-05
ETHUSDT,1777104000002,-2.141e-05
ETHUSDT,1777132800002,-4.431e-05
ETHUSDT,1777161600003,-1.131e-05
ETHUSDT,1777190400007,-1.931e-05
ETHUSDT,1777219200004,-2.842e-05
ETHUSDT,1777248000004,-6.636e-05
ETHUSDT,1777276800000,-7.865e-05
ETHUSDT,1777305600002,-7.593e-05
ETHUSDT,1777334400001,-0.00016104
ETHUSDT,1777363200000,-0.00011678
ETHUSDT,1777392000004,2.5e-07
ETHUSDT,1777420800006,2.842e-05
ETHUSDT,1777449600011,4.666e-05
ETHUSDT,1777478400003,4.782e-05
ETHUSDT,1777507200002,-6.092e-05
ETHUSDT,1777536000000,-4.636e-05
ETHUSDT,1777564800000,-7.717e-05
ETHUSDT,1777593600000,-4e-05
ETHUSDT,1777622400005,-1.877e-05
ETHUSDT,1777651200000,-2.131e-05
ETHUSDT,1777680000006,-4.36e-06
ETHUSDT,1777708800000,-3.82e-05
ETHUSDT,1777737600010,-3.88e-06
ETHUSDT,1777766400005,3.52e-05
ETHUSDT,1777795200003,-1.628e-05
ETHUSDT,1777824000000,8.747e-05
ETHUSDT,1777852800000,4.305e-05
ETHUSDT,1777881600000,8.648e-05
ETHUSDT,1777910400003,-2.09e-06
ETHUSDT,1777939200000,-1.957e-05
ETHUSDT,1777968000011,-2.41e-05
ETHUSDT,1777996800000,-6.52e-05
ETHUSDT,1778025600010,-2.041e-05
ETHUSDT,1778054400000,-9.447e-05
ETHUSDT,1778083200002,-5.114e-05
ETHUSDT,1778112000000,-6.585e-05
ETHUSDT,1778140800000,-0.00011993
ETHUSDT,1778169600004,-4.319e-05
ETHUSDT,1778198400003,-9.68e-06
ETHUSDT,1778227200002,-2.849e-05
ETHUSDT,1778256000003,-3.358e-05
ETHUSDT,1778284800000,6.199e-05
ETHUSDT,1778313600001,4.314e-05
ETHUSDT,1778342400002,8.76e-05
ETHUSDT,1778371200003,0.0001
ETHUSDT,1778400000000,8.268e-05
ETHUSDT,1778428800000,6.714e-05
ETHUSDT,1778457600000,7.463e-05
ETHUSDT,1778486400000,1.995e-05
ETHUSDT,1778515200000,3.355e-05
ETHUSDT,1778544000002,3.946e-05
ETHUSDT,1778572800008,7.08e-06
ETHUSDT,1778601600000,3.956e-05
ETHUSDT,1778630400010,1.323e-05
ETHUSDT,1778659200003,5.046e-05
ETHUSDT,1778688000001,5.45e-06
ETHUSDT,1778716800005,5.942e-05
ETHUSDT,1778745600000,5.526e-05
ETHUSDT,1778774400000,3.946e-05
ETHUSDT,1778803200000,-6.93e-06
ETHUSDT,1778832000016,3.88e-06
ETHUSDT,1778860800012,1.397e-05
ETHUSDT,1778889600005,7.065e-05
ETHUSDT,1778918400000,4.496e-05
ETHUSDT,1778947200005,6.508e-05
ETHUSDT,1778976000000,7.161e-05
ETHUSDT,1779004800010,4.855e-05
ETHUSDT,1779033600009,5.341e-05
ETHUSDT,1779062400007,1.925e-05
ETHUSDT,1779091200002,6.52e-06
ETHUSDT,1779120000007,5.159e-05
ETHUSDT,1779148800001,0.0001
ETHUSDT,1779177600001,5.687e-05
ETHUSDT,1779206400009,3.588e-05
ETHUSDT,1779235200001,5.523e-05
ETHUSDT,1779264000006,3.051e-05
ETHUSDT,1779292800000,5.29e-05
ETHUSDT,1779321600001,5.867e-05
ETHUSDT,1779350400000,2.532e-05
ETHUSDT,1779379200000,3.837e-05
ETHUSDT,1779408000000,4.926e-05
ETHUSDT,1779436800004,3.093e-05
ETHUSDT,1779465600001,5.943e-05
ETHUSDT,1779494400009,5.72e-05
ETHUSDT,1779523200001,4.466e-05
ETHUSDT,1779552000003,6.36e-05
ETHUSDT,1779580800011,8.02e-05
ETHUSDT,1779609600008,8.039e-05
ETHUSDT,1779638400000,4.195e-05
ETHUSDT,1779667200001,5.359e-05
ETHUSDT,1779696000001,5.508e-05
ETHUSDT,1779724800001,3.249e-05
ETHUSDT,1779753600000,3.458e-05
ETHUSDT,1779782400003,3.793e-05
ETHUSDT,1779811200000,3.408e-05
ETHUSDT,1779840000000,7.351e-05
ETHUSDT,1779868800004,3.072e-05
ETHUSDT,1779897600009,6.097e-05
ETHUSDT,1779926400001,2.421e-05
ETHUSDT,1779955200000,2.543e-05
ETHUSDT,1779984000001,2.984e-05
ETHUSDT,1780012800000,8.553e-05
ETHUSDT,1780041600001,7.04e-05
ETHUSDT,1780070400008,6.595e-05
ETHUSDT,1780099200000,4.54e-05
ETHUSDT,1780128000001,6.842e-05
ETHUSDT,1780156800000,5.705e-05
ETHUSDT,1780185600000,9.397e-05
ETHUSDT,1780214400000,7.226e-05
ETHUSDT,1780243200004,1.691e-05
ETHUSDT,1780272000001,6.445e-05
ETHUSDT,1780300800001,5.339e-05
ETHUSDT,1780329600000,9.572e-05
ETHUSDT,1780358400000,0.0001
ETHUSDT,1780387200000,0.0001
ETHUSDT,1780416000000,5.699e-05
ETHUSDT,1780444800013,2.021e-05
ETHUSDT,1780473600000,9.862e-05
ETHUSDT,1780502400001,7.361e-05
ETHUSDT,1780531200009,7.651e-05
ETHUSDT,1780560000000,4.482e-05
ETHUSDT,1780588800003,3.946e-05
ETHUSDT,1780617600000,4.67e-05
ETHUSDT,1780646400004,-3.129e-05
ETHUSDT,1780675200009,-7.387e-05
ETHUSDT,1780704000000,-7.917e-05
ETHUSDT,1780732800000,-3.161e-05
ETHUSDT,1780761600000,-3.461e-05
ETHUSDT,1780790400001,-6.624e-05
ETHUSDT,1780819200000,-0.00010189
ETHUSDT,1780848000000,4.72e-06
ETHUSDT,1780876800000,-8.235e-05
ETHUSDT,1780905600005,-6.599e-05
ETHUSDT,1780934400004,-4.515e-05
ETHUSDT,1780963200000,-4.506e-05
ETHUSDT,1780992000000,3.6e-07
ETHUSDT,1781020800001,-5.182e-05
ETHUSDT,1781049600001,-4.089e-05
ETHUSDT,1781078400011,-4.578e-05
ETHUSDT,1781107200009,-3.121e-05
ETHUSDT,1781136000000,-3.684e-05
ETHUSDT,1781164800004,7.54e-06
ETHUSDT,1781193600000,-2.432e-05
ETHUSDT,1781222400000,-2.404e-05
ETHUSDT,1781251200000,-5.854e-05
ETHUSDT,1781280000000,-2.216e-05
ETHUSDT,1781308800000,-6.31e-06
ETHUSDT,1781337600007,3.562e-05
ETHUSDT,1781366400002,2.664e-05
ETHUSDT,1781395200005,-6.44e-06
ETHUSDT,1781424000009,-1.08e-05
ETHUSDT,1781452800000,-1.919e-05
ETHUSDT,1781481600013,2.92e-05
ETHUSDT,1781510400013,-7.45e-06
ETHUSDT,1781539200004,6.867e-05
ETHUSDT,1781568000000,2.969e-05
ETHUSDT,1781596800000,-2.07e-05
ETHUSDT,1781625600001,3.16e-05
ETHUSDT,1781654400012,3.038e-05
ETHUSDT,1781683200000,2.339e-05
ETHUSDT,1781712000000,-7.37e-06
ETHUSDT,1781740800002,4.63e-05
ETHUSDT,1781769600000,6.87e-06
ETHUSDT,1781798400001,-6.91e-06
ETHUSDT,1781827200005,6.551e-05
ETHUSDT,1781856000001,-2.067e-05
ETHUSDT,1781884800001,-2.7e-07
ETHUSDT,1781913600001,2.505e-05
ETHUSDT,1781942400000,3.17e-05
ETHUSDT,1781971200001,3.209e-05
ETHUSDT,1782000000000,2.892e-05
ETHUSDT,1782028800000,2.602e-05
ETHUSDT,1782057600000,7.57e-06
ETHUSDT,1782086400000,3.88e-05
ETHUSDT,1782115200000,1.941e-05
ETHUSDT,1782144000002,7.89e-06
ETHUSDT,1782172800003,2.37e-05
ETHUSDT,1782201600005,3.35e-06
ETHUSDT,1782230400002,-3.854e-05
ETHUSDT,1782259200005,4.579e-05
ETHUSDT,1782288000005,2.212e-05
ETHUSDT,1782316800003,4.3e-07
ETHUSDT,1782345600000,5.42e-06
ETHUSDT,1782374400000,4.282e-05
ETHUSDT,1782403200000,-8.135e-05
ETHUSDT,1782432000010,-1.665e-05
ETHUSDT,1782460800002,-1.968e-05
ETHUSDT,1782489600000,5.22e-06
ETHUSDT,1782518400000,1.807e-05
ETHUSDT,1782547200000,-5.97e-06
ETHUSDT,1782576000009,1.769e-05
ETHUSDT,1782604800000,-5.389e-05
ETHUSDT,1782633600013,-2.947e-05
ETHUSDT,1782662400000,1.924e-05
ETHUSDT,1782691200006,-1.85e-06
ETHUSDT,1782720000013,2.16e-06
ETHUSDT,1782748800004,2.144e-05
ETHUSDT,1782777600000,4.49e-05
ETHUSDT,1782806400000,4.566e-05
ETHUSDT,1782835200005,3.059e-05
